1.0,0.9907514929771424,8505,humancov2_WT,0
1.0,0.8034504055976868,8506,pig_WT,0
1.0,0.9940339922904968,8502,cattle_WT,0
1.0,0.6694642066955566,8503,chicken_WT,0
1.0,1.018889844417572,8504,deer_WT,0
1.0232930183410645,0.8250936150550843,7840,458V527K,0
1.0232930183410645,1.0443041563034057,7414,385M,0
1.0964782238006592,1.1160548210144043,7439,386S,0
1.0232930183410645,0.3760303854942322,7122,357L392V,0
1.3489629030227661,1.2046212673187255,7256,369F415R,0
1.0820015668869019,1.20772545337677,8227,ACE2_394D,0
1.1481536626815796,0.4076462507247925,7646,420E453F478R,0
2.568274974822998,1.5798722505569458,8466,ACE2_90G,0
1.2882494926452637,1.1647997140884399,7416,385N452A,0
1.3489629030227661,1.3716598987579345,7204,366D493Y,0
1.0964782238006592,0.7435672640800476,7457,389A490R,0
1.5488166809082031,0.6479196667671203,7709,428N450S,0
1.3489629030227661,0.4378331243991852,7224,367F373L482R,0
1.0232930183410645,0.5963600516319275,6929,337N440Q,0
2.1089189052581787,1.196172046661377,8444,ACE2_76V,0
3.3113112449645996,0.6443372964859009,7225,367F374Q,0
2.002974271774292,1.6168132066726684,8408,ACE2_69K,0
1.0807948112487793,0.8948734760284424,8089,ACE2_325G,0
1.0563101768493652,1.0345906019210815,8226,ACE2_394C,0
1.17489755153656,0.7336070775985718,7726,430R459N,0
1.0133460760116577,0.9627676010131836,8271,ACE2_441G,0
2.9985153675079346,1.8795611143112183,8478,ACE2_92V,0
2.963892936706543,1.0886218070983886,8448,ACE2_79F,0
1.0471285581588745,1.1870682001113892,7238,367R394T,0
1.0232930183410645,1.398718810081482,7818,452R477V,0
1.0964782238006592,0.8500903487205506,6948,339D351F468V,0
1.359645962715149,0.8548468947410583,8440,ACE2_76K,0
3.4054362773895264,1.31290283203125,8471,ACE2_92C,0
1.4454398155212402,1.1837585687637329,7382,383E415K,0
1.0421332120895386,1.1449512004852296,8229,ACE2_394M,0
1.1091748476028442,1.0189167618751527,7844,459R501I,0
1.0232930183410645,0.8145501732826232,7049,346S365V,0
1.1481536626815796,0.9762378931045532,7397,384I414S,0
1.0964782238006592,0.5351263403892517,7922,481F527L,0
1.1061084270477295,1.1087329387664795,8051,ACE2_26Q,0
1.071519374847412,0.42358744740486143,6834,333I468T,0
1.0902868509292603,0.9025442242622376,8165,ACE2_35Q,0
1.0471285581588745,1.2697153329849242,7239,367S,0
1.0964782238006592,1.0101415395736695,7245,367Y386Q,0
1.3489629030227661,1.270588207244873,7496,391T452K,0
1.0554805994033813,0.8531657338142395,8206,ACE2_388C,0
1.3803842067718506,0.994080102443695,7654,420T452K,0
1.0471285581588745,1.0340102195739747,7908,477W,0
1.1657934188842773,1.040532398223877,8030,ACE2_22Q,0
2.7441065311431885,2.266329121589661,8474,ACE2_92I,0
1.17489755153656,0.7985525548458099,7485,391K470R,0
1.071519374847412,1.102478551864624,7468,389R452H,0
1.0138343572616577,0.9464035034179688,8336,ACE2_511F,0
1.071519374847412,0.5072703659534454,7506,392V517S,0
1.054147481918335,0.8769360661506653,8406,ACE2_68N,0
1.1091748476028442,0.7967957973480224,6885,335P346T481H,0
1.071519374847412,0.6970443367958069,7972,503L,0
1.3078961372375488,1.050074577331543,8032,ACE2_22T,0
1.3288993835449219,1.3535646438598632,8207,ACE2_389E,0
1.0471285581588745,0.9979851007461548,8004,526M,0
2.9109809398651123,1.1964194536209107,8468,ACE2_90T,0
1.0232930183410645,0.6267869532108307,7595,414S427L,0
1.0964782238006592,0.1274668335914612,7861,464Y473F479D,0
1.1481536626815796,1.0026591539382934,7290,371N520V,0
1.1193674802780151,0.9445859313011169,8063,ACE2_276I,0
1.0232930183410645,0.8912095665931702,7433,386L479N,0
1.17489755153656,1.4116764068603516,7718,429W490Y501W,0
1.0262012481689453,0.9855041623115539,8114,ACE2_346A,0
1.0232930183410645,1.0041458010673523,8005,526T,0
3.250828266143799,1.628885304927826,8068,ACE2_27L,0
1.2858328819274902,0.9527953147888184,8261,ACE2_42R,0
1.5488166809082031,1.2242658138275146,7228,367G384W,0
1.0232930183410645,1.2289569854736329,6896,335S452H,0
1.0232930183410645,0.894295585155487,7385,383K,0
1.273503065109253,0.3431757926940918,7123,357L468T,0
1.0232930183410645,0.5612041592597962,7312,374D460K,0
1.071519374847412,1.0856628179550172,7037,346D369V452T,0
1.3489629030227661,1.1586848258972169,7427,386D470R,0
1.1220184564590454,0.9455554842948913,6946,339A477T,0
1.0964782238006592,0.9017793536186218,6852,334K385G386N,0
1.3892574310302734,1.2224716305732728,8014,ACE2_19Y,0
1.4454398155212402,0.1780373275279999,7858,464G481K,0
1.0839269161224365,0.42733325958251955,7128,358F373K440F,0
1.071519374847412,0.7174867272377015,7324,375H477T,0
1.4791083335876465,1.1154165267944336,7408,385E461V,0
1.7378008365631104,1.3359788179397583,7952,493Y522V,0
1.2230539321899414,0.8732979774475098,8189,ACE2_378T,0
1.0232930183410645,0.9880066752433777,6860,334S339N,0
1.1220184564590454,0.994111180305481,6930,337N493H,0
1.2445145845413208,1.1715144634246826,7409,385F471Q477N527Q,0
1.258925437927246,0.3183477520942688,7374,381Q503I,0
1.084692358970642,0.9826893210411072,8187,ACE2_374S,0
1.2302687168121338,1.0545198678970338,6975,340D520V,0
1.9054608345031738,1.761116099357605,7915,479G501Y,0
2.0727598667144775,0.8915697336196899,8100,ACE2_33D,0
1.9498445987701416,0.6517108678817749,6949,339D367K378S527R,0
1.0232930183410645,0.921787703037262,6839,333Q373G452Y,0
1.1481536626815796,1.0027884125709534,7928,483L,0
1.0232930183410645,1.060628890991211,7998,522M,0
1.3803842067718506,0.6368368268013,7101,354T385G,0
1.0232930183410645,0.9919135332107544,6900,335V366Q,0
1.0232930183410645,0.8764028191566468,7609,415S,0
1.0252861976623535,0.9521144986152649,8434,ACE2_74W,0
1.071519374847412,1.0213904619216918,7720,430F,0
1.17489755153656,1.3011578559875487,6897,335T365W386R,0
1.071519374847412,1.1315463542938233,7929,483N,0
1.0383155345916748,0.9646175146102905,8233,ACE2_398N,0
1.3803842067718506,1.0335749387741089,7968,501V518W,0
1.17489755153656,1.6550787448883058,7258,369G462R472L483I501Y,0
1.258925437927246,0.5012788772583008,7065,348S503M,0
1.364583134651184,1.192136287689209,7522,394S452Q,0
1.047498345375061,1.3096646785736084,8050,ACE2_26M,0
1.0666879415512085,0.9890352725982666,8266,ACE2_438W,0
1.0471285581588745,1.1210323214530944,7905,477L493M,0
1.1220184564590454,0.8670480012893677,7497,391V516D,0
1.2056916952133179,1.2289381742477417,8501,ACE2_98V,0
1.071519374847412,0.8438403367996216,6892,335P483Y518R,0
1.0798039436340332,0.9253116726875306,8197,ACE2_382H,0
1.0146245956420898,1.0221864461898804,8289,ACE2_446H,0
1.4029330015182495,0.9714419603347778,8335,ACE2_511D,0
1.0232930183410645,0.8811659812927246,7126,357V,0
1.1220184564590454,0.5162620484828949,6952,339H425V,0
1.0471285581588745,1.0481603622436524,7232,367L,0
1.0964782238006592,0.6355784654617309,7306,373P478S,0
1.0964782238006592,1.324029278755188,7806,450K527K,0
1.1268786191940308,0.9550477743148804,8331,ACE2_510L,0
1.0023930072784424,0.9933301925659179,8316,ACE2_505Y,0
1.3264687061309814,1.0391129970550537,8104,ACE2_33S,0
1.2882494926452637,0.9987656235694885,7916,479H520T,0
1.1220184564590454,1.1170409679412843,6964,339T452S,0
1.2907757759094238,0.8254783391952515,8306,ACE2_49E,0
1.2027969360351562,0.9694522738456726,8377,ACE2_61A,0
1.0802704095840454,0.9509952664375305,8388,ACE2_63D,0
1.0613431930541992,0.9107805967330933,8374,ACE2_60A,0
1.071519374847412,0.7876537203788757,7193,365L425I470S,0
1.0964782238006592,0.7927433848381042,7532,396M527A,0
1.3182567358016968,0.9113056063652039,7602,415H503L,0
1.0964782238006592,0.13139598369598388,7177,363W490S,0
1.0471285581588745,0.3965643644332886,6943,338W373Y,0
1.0471285581588745,1.0961033821105957,7395,384I,0
1.3182567358016968,0.0017607033252716065,7351,379H440L,0
1.1481536626815796,0.9652247190475464,6884,335P,0
1.778279423713684,1.3047440767288208,6864,334S385D421F453K,0
1.3489629030227661,1.3336399793624878,7293,371R452K,0
1.1304302215576172,0.9172456502914429,8375,ACE2_60L,0
1.1150834560394287,0.9452712059020996,8373,ACE2_59R,0
1.071519374847412,0.645879578590393,7300,372Q390Y414E,0
1.071519374847412,1.0577179193496704,7402,384V,0
1.1512144804000854,0.8623344779014588,8402,ACE2_67W,0
1.0232930183410645,1.1082368612289428,7188,365F481Q,0
1.1481536626815796,0.49855621457099913,6944,338W376F,0
1.8357810974121094,2.1432909250259398,8048,ACE2_26I,0
1.1883794069290161,1.0024396896362304,8247,ACE2_406Q,0
1.071519374847412,0.5919696807861328,7195,365M393K479K,0
1.3489629030227661,0.749806547164917,6882,335M471V,0
1.2302687168121338,0.8357897520065307,7202,366D470R481L,0
1.167091965675354,0.9549516320228577,8400,ACE2_67N,0
1.0115795135498047,0.7226908802986145,7273,370S479S,0
1.1220184564590454,1.1470314264297485,7930,483Q,0
1.3557896614074707,0.8830193281173706,8223,ACE2_393M,0
1.0483503341674805,0.9707939267158509,8432,ACE2_74R,0
1.0232930183410645,0.7815316319465637,7596,414T,0
1.258925437927246,0.8046331405639648,7684,425M452K,0
1.007982611656189,1.232235860824585,8425,ACE2_73N,0
1.202264428138733,1.0989117860794066,7842,459G498W,0
1.0528557300567627,0.9728249192237854,8342,ACE2_512Y,0
1.0396939516067505,0.9801842570304871,8328,ACE2_510F,0
1.17489755153656,1.1552453756332397,7961,498W,0
1.0471285581588745,1.1901437997817994,7269,370E378R,0
3.0167903900146484,1.9697108268737793,8472,ACE2_92F,0
1.071519374847412,0.9670573711395264,7521,394S408H,0
1.1186723709106445,0.9914793252944947,8378,ACE2_61I,0
1.4791083335876465,0.9799281835556031,6957,339M346E452S,0
1.0232930183410645,1.1377605676651001,7257,369F469T,0
1.0232930183410645,1.254639482498169,7525,394V479G,0
1.3309835195541382,1.097996711730957,8238,ACE2_39Q,0
1.0324268341064453,1.0226117968559265,8313,ACE2_505P,0
1.071519374847412,0.45185301303863523,7191,365L379L,0
1.5135612487792969,1.0718415260314942,7112,356M362F452R,0
1.0232930183410645,0.9450101137161255,7194,365L478E,0
1.0043909549713135,1.0078693985939027,8179,ACE2_370M,0
1.1238560676574707,0.9826092720031738,8284,ACE2_445M,0
1.202264428138733,0.40354923605918885,7771,440R458D,0
2.1379621028900146,0.7779665291309357,6878,335K478K484Q,0
2.0892961025238037,0.2536028683185577,7359,380M420L,0
1.0471285581588745,1.0557394623756409,6844,333S452S,0
1.0232930183410645,0.8848986387252807,7951,493G503L,0
1.0232930183410645,1.1155605554580688,7222,367E375T,0
1.0232930183410645,0.9997686624526978,7911,478S520K,0
1.0752644538879395,0.9968699455261231,8175,ACE2_367T,0
1.071519374847412,1.0221359372138976,7129,358F430C,0
1.4125375747680664,0.5853228807449341,7694,427A490Y,0
1.17489755153656,1.0327478647232056,7873,468L493K,0
1.8853309154510498,2.229921579360962,8469,ACE2_90Y,0
1.1466730833053589,0.8853996753692627,8037,ACE2_23S,0
1.1220184564590454,0.48335040807724,6849,334G468L,0
2.3582630157470703,1.5174998760223388,8476,ACE2_92P,0
1.0964782238006592,0.4267860114574432,7176,363W478S,0
1.0471285581588745,1.2428102016448974,7441,386S452N,0
1.0964782238006592,1.0427248358726502,7305,373G527T,0
3.4511866569519043,0.9505615472793579,8098,ACE2_330W,0
1.1182770729064941,0.780461311340332,8454,ACE2_83C,0
1.0664595365524292,0.9968374133110046,8314,ACE2_505Q,0
1.0532615184783936,0.9817317008972168,8232,ACE2_398D,0
1.2258312702178955,1.349614179134369,8052,ACE2_26S,0
1.0365837812423706,0.9253031849861145,8282,ACE2_445F,0
1.3814418315887451,1.1482619047164917,8437,ACE2_75V,0
1.071519374847412,0.7879709243774414,7711,428S470R,0
3.4043333530426025,1.5501558542251588,8473,ACE2_92H,0
1.017599105834961,0.9405487060546875,8183,ACE2_371V,0
1.071519374847412,0.11450258493423462,7907,477T493V503K504W,0
1.258925437927246,1.398478388786316,7455,388R415R452K,0
1.778279423713684,1.538188362121582,7473,390A498H,0
1.2262303829193115,1.0221035480499268,8436,ACE2_75D,0
1.0471285581588745,0.7902408599853515,7229,367G478L,0
1.0232930183410645,1.0619526147842406,7207,366E430V,0
1.0108119249343872,1.1449287414550782,8414,ACE2_71V,0
1.202264428138733,0.5220105886459351,7050,346S460S,0
1.0471285581588745,1.0394380331039428,7438,386N477P,0
1.185347080230713,1.2925503969192504,8053,ACE2_26T,0
1.0964782238006592,1.0732218146324157,7294,371T415A478K498A,0
1.018437147140503,0.9408290147781372,8397,ACE2_65Y,0
1.17489755153656,1.1111133337020873,7816,452M527W,0
2.023672580718994,1.393005609512329,8439,ACE2_76I,0
1.17489755153656,0.9544193148612976,6836,333K452V,0
2.9324841499328613,1.2306584775447846,8127,ACE2_34P,0
1.081845998764038,0.9688542723655701,8242,ACE2_402K,0
1.4791083335876465,0.7206812620162963,6874,335H459D,0
1.1220184564590454,0.9813649773597717,7187,365F372Q,0
1.1183420419692993,1.1162177920341492,8442,ACE2_76S,0
1.0964782238006592,0.4646634221076965,6928,337N425M,0
1.1220184564590454,0.8212027668952941,7465,389N440K522W,0
1.0312426090240479,1.008106005191803,8249,ACE2_406T,0
1.1220184564590454,0.9216713905334473,7133,358L430F,0
1.1395353078842163,1.0085760712623597,8288,ACE2_446A,0
1.0036154985427856,0.8541424632072449,8241,ACE2_401T,0
1.0232930183410645,0.7275089859962464,7053,346W481K,0
1.0232930183410645,1.117626953125,7766,440A,0
1.0471285581588745,1.0195989608764648,7205,366E,0
1.202264428138733,0.7861057758331299,7264,369T452M,0
1.0964782238006592,1.0315351128578185,7469,389S,0
1.1481536626815796,0.4575778365135193,7698,427L490S,0
1.0640681982040405,0.9197755932807923,8341,ACE2_512M,0
1.411963701248169,0.940495240688324,8199,ACE2_382V,0
1.1481536626815796,1.0931284308433533,6901,335V367Q394T439V,0
3.937418222427368,0.9864680409431458,8449,ACE2_79V,0
1.3803842067718506,0.9197783708572388,7231,367K490R,0
1.3142555952072144,0.7702937245368957,8138,ACE2_352T,0
1.2882494926452637,0.6243438720703125,7118,356T466K,0
1.1481536626815796,0.9050632834434509,6877,335K430C,0
1.2882494926452637,0.7951395273208618,7597,414V494K,0
1.0371671915054321,0.9938774824142456,8168,ACE2_366K,0
1.0278724431991577,1.001199209690094,8337,ACE2_511G,0
1.025221586227417,0.9546222925186157,8021,ACE2_20S,0
1.00435471534729,1.0301189422607422,8470,ACE2_91F,0
1.6315339803695679,0.8167275309562683,8099,ACE2_33C,0
1.0471285581588745,0.6876447916030883,7145,359Q365L,0
1.071519374847412,0.9974879860877991,7167,362W452T459D,0
1.0785963535308838,0.9319300770759582,8204,ACE2_387S,0
1.071519374847412,0.328660649061203,7589,413Y484K,0
1.1484148502349854,0.9117578148841858,8401,ACE2_67T,0
1.071519374847412,0.8989749789237976,7772,441V,0
1.3489629030227661,1.3022990942001342,7950,493A,0
1.071519374847412,0.3712429702281952,7308,373R420N,0
1.202264428138733,0.8524635314941407,6927,337N366K,0
1.0341440439224243,0.9290937781333923,8395,ACE2_65M,0
1.2167890071868896,1.0138797163963318,8198,ACE2_382Q,0
1.4791083335876465,1.066733479499817,7039,346F365L,0
1.0568864345550537,1.0025213003158568,8267,ACE2_438Y,0
1.0471285581588745,0.6345690250396728,6959,339N389Y,0
1.1058998107910156,1.0880385160446167,8413,ACE2_71T,0
1.104201078414917,0.9170778870582581,8407,ACE2_68R,0
1.2302687168121338,1.027546238899231,7610,415S427L518M,0
1.8426172733306885,0.9955999255180359,8260,ACE2_42K,0
1.1481536626815796,1.2970895051956177,7967,501M517Y,0
1.0964782238006592,1.0880452036857604,7216,367A383V,0
1.5135612487792969,0.9031037628650666,7052,346T430K,0
1.0155518054962158,1.002372181415558,8244,ACE2_406D,0
1.0471285581588745,0.8864668250083924,6970,339Y393S452A,0
1.0450971126556396,0.8841866493225098,8393,ACE2_64S,0
1.5488166809082031,1.4691794633865356,7173,363Q385H430M501Y,0
1.0233808755874634,0.9788119316101074,8497,ACE2_98H,0
1.0964782238006592,1.0396103501319884,7917,479S527H,0
1.2302687168121338,0.5699969828128815,7913,479A503L,0
1.1481536626815796,1.0445966482162476,7815,452M,0
1.2302687168121338,1.2615000486373902,7812,452K,0
1.0471285581588745,0.827396821975708,7839,458T479T,0
1.258925437927246,0.9244562268257142,7458,389E501I,0
1.0308194160461426,0.9736270546913147,8272,ACE2_441H,0
1.17489755153656,0.5281042218208313,7313,374D484S,0
1.0964782238006592,1.1912899494171143,7805,450H468V,0
1.1928852796554565,1.0771419167518617,8482,ACE2_95D,0
1.0795286893844604,0.9222483992576599,8309,ACE2_504Q,0
1.0471285581588745,0.9234866738319397,7992,519E,0
1.0651931762695312,0.9985805988311768,8174,ACE2_367S,0
1.9678151607513428,1.1075747847557067,8047,ACE2_26D,0
1.258925437927246,0.5021034419536591,7262,369T395I,0
1.202264428138733,0.7150968909263611,7836,458N471D,0
1.0471285581588745,0.9832055330276489,6962,339S458A,0
1.067659854888916,0.8992364048957825,8329,ACE2_510H,0
1.3803842067718506,0.35799614191055296,7476,390K503F,0
1.202264428138733,0.9788098216056824,7381,383D482K,0
1.0471285581588745,0.8814120173454285,7480,391A501I,0
1.0232930183410645,0.8946188449859619,6833,333I430F,0
1.0471285581588745,0.7658879518508911,7045,346N369S,0
1.5940139293670654,1.0126311540603639,8259,ACE2_42H,0
1.0313326120376587,0.9768579483032227,8275,ACE2_441N,0
1.1650662422180176,0.9574430584907532,8484,ACE2_95M,0
1.258925437927246,1.1843754053115845,7199,365W390E413R,0
1.0964782238006592,0.4870083093643188,6988,341I366N392Y,0
1.2378321886062622,1.2139142036437989,8499,ACE2_98M,0
1.7733546495437622,1.1201714754104615,8435,ACE2_75A,0
1.1481536626815796,0.8334275960922242,7821,452T490R,0
1.1220184564590454,1.0028212547302247,7384,383I,0
1.3022868633270264,0.840482360124588,8033,ACE2_23C,0
1.071519374847412,0.8338779449462891,6924,337D520R,0
1.1481536626815796,0.6015851736068726,7063,348P365W,0
1.0964782238006592,0.9711504101753234,7139,358Y394V,0
1.6218101978302002,0.5002233028411865,7386,383K503R,0
1.202264428138733,0.6899761199951172,7144,359Q,0
1.2882494926452637,-0.30298457145690916,7689,425W434K469Y,0
1.0471285581588745,0.7437113761901856,7886,472M,0
1.071519374847412,0.9284255266189575,7041,346I469D,0
1.0964782238006592,0.4739371299743652,7226,367F427L450F,0
1.0905568599700928,1.3075292110443115,8465,ACE2_89V,0
1.1220184564590454,0.3177651286125183,7084,352M477N,0
1.0232930183410645,0.5262265861034393,7841,459E,0
1.071519374847412,1.0324590802192688,7164,362M,0
1.5488166809082031,0.8937069416046143,6872,335E506R,0
1.0471285581588745,1.1691144943237304,7237,367Q,0
1.3803842067718506,0.843056458234787,7240,367S374Y,0
1.6218101978302002,1.5035788536071777,7143,359G501Y,0
1.0242738723754883,0.9528311848640442,8392,ACE2_63W,0
1.17489755153656,0.8120490908622742,6845,333V369V,0
1.0062780380249023,0.9872772812843322,8167,ACE2_366F,0
1.6982436180114746,0.8268836557865142,7699,427Q493V,0
1.0471285581588745,0.49138237833976744,7607,415Q441V479K,0
1.0964782238006592,0.8494847536087036,7141,359C369E527K,0
1.0964782238006592,0.8872246384620667,7307,373R378Q394R,0
1.071519374847412,0.7621817588806152,7115,356R,0
1.258925437927246,0.9395546674728393,7923,481K498F,0
1.7988709211349487,1.5401989459991454,7528,394Y440S498H,0
1.1572973728179932,1.059609627723694,8389,ACE2_63M,0
1.0471285581588745,0.8502666831016541,7724,430L471S,0
1.032761573791504,1.038047230243683,8011,ACE2_102V,0
1.9500727653503418,2.3671497344970702,8085,ACE2_31Y,0
1.0803673267364502,1.0230008363723755,8176,ACE2_367V,0
1.1481536626815796,1.0555835366249084,7813,452K465K,0
1.1220184564590454,0.1879300892353058,7857,464E527L,0
1.0370512008666992,0.8631554484367371,8109,ACE2_343Q,0
1.3168359994888306,0.9831746339797973,8036,ACE2_23Q,0
1.0471285581588745,1.4882823944091796,7196,365T388S501Y,0
1.1220184564590454,1.349243712425232,7953,494R,0
3.0037269592285156,2.5793601512908935,8475,ACE2_92L,0
3.1675760746002197,2.026961851119995,8477,ACE2_92Q,0
1.0471285581588745,0.42540926337242124,7489,391N428C,0
1.3803842067718506,0.8212921857833863,7413,385L440Q,0
1.0232930183410645,1.2212313413619995,7515,394D452K,0
1.0099811553955078,0.9898263335227966,8350,ACE2_515L,0
1.3803842067718506,1.1031272888183594,7995,520V527I,0
1.036527156829834,1.6546651363372802,8462,ACE2_89L,0
1.071519374847412,0.4971823215484619,7461,389H459F527S,0
1.0964782238006592,0.8574434280395508,6857,334P385A,0
1.0471285581588745,0.9910115718841552,7819,452S477K,0
1.202264428138733,1.0046796202659607,6832,333H527T,0
1.0232930183410645,0.9745530605316162,7845,459T,0
1.258925437927246,0.9257331132888794,6950,339D469T,0
1.258925437927246,1.2467364549636841,7513,394D430F493L527F,0
1.0700069665908813,0.9160374402999878,8066,ACE2_277Y,0
1.053443193435669,0.9680206894874572,8276,ACE2_441S,0
1.202264428138733,0.5157324314117432,7847,460P524I,0
1.0238218307495117,0.9598053574562073,8376,ACE2_60M,0
1.0379657745361328,0.9303303003311157,8112,ACE2_345Q,0
1.1220184564590454,1.100383985042572,7994,519S,0
1.000667691230774,1.0835154056549072,8411,ACE2_71E,0
1.17489755153656,0.8103520750999451,6863,334S371E385G,0
1.0072813034057617,1.2633538961410522,8452,ACE2_82N,0
1.0485244989395142,1.0189074993133544,8381,ACE2_61Y,0
1.0232930183410645,0.977975857257843,7212,366Q,0
1.071519374847412,1.1509077548980713,7399,384Q,0
1.0964782238006592,1.0354041814804078,7192,365L395F,0
1.0232930183410645,1.05737624168396,7415,385N,0
1.0232930183410645,0.3119417607784271,7289,371N392V428E,0
1.0471285581588745,0.955135726928711,8006,527F,0
1.0232930183410645,1.0040149927139281,7046,346N459T,0
1.0870970487594604,0.9408234238624573,8252,ACE2_409N,0
1.0115809440612793,0.877485167980194,8428,ACE2_74A,0
1.258925437927246,0.42604938745498655,7100,354Q414T,0
1.4916990995407104,0.9035106658935547,8236,ACE2_39I,0
1.2083430290222168,1.0092826008796691,8203,ACE2_387H,0
1.258925437927246,0.9137337803840637,6891,335P470K,0
1.0964782238006592,1.1772466897964478,7027,345E452K,0
1.0964782238006592,1.083556067943573,7387,383L460K,0
2.630268096923828,0.9940912961959839,7200,365W390R,0
1.0533758401870728,0.988982105255127,8450,ACE2_82H,0
1.4125375747680664,1.0021594166755676,7404,385A483F505F527R,0
1.015782356262207,0.9761730909347535,8173,ACE2_367R,0
1.1220184564590454,1.0561401963233947,7244,367W470A,0
1.039039134979248,0.8532066941261292,8330,ACE2_510K,0
1.0822970867156982,0.9118751883506775,8270,ACE2_441F,0
1.0232930183410645,0.6784868121147156,7138,358Y385N,0
1.8620872497558594,0.21624906063079835,7182,364M412A459T,0
1.0471285581588745,1.0376503467559814,6965,339V415R527T,0
1.071519374847412,0.6118856310844422,7523,394T462S,0
1.2272950410842896,0.9604868531227112,8034,ACE2_23N,0
1.1220184564590454,0.4401128113269806,7838,458S503L,0
2.420839548110962,2.0000346660614015,8067,ACE2_27F,0
1.3083370923995972,1.081560456752777,8438,ACE2_76C,0
1.1481536626815796,0.8427874743938446,6923,337D420R,0
1.0746705532073975,1.2966103672981262,8255,ACE2_40S,0
1.0084470510482788,1.116835594177246,8228,ACE2_394L,0
1.1822681427001953,1.1204653620719909,8418,ACE2_72H,0
1.2302687168121338,1.1185903549194336,7608,415R441Y,0
1.2882494926452637,0.663826858997345,7134,358L479S,0
1.1481536626815796,0.9807461857795715,7051,346T,0
1.044549822807312,0.8604767560958863,8429,ACE2_74G,0
1.202264428138733,0.7061330676078796,7135,358M390I,0
1.0203500986099243,0.879612410068512,8090,ACE2_325K,0
1.202264428138733,0.6405419707298279,7217,367A407L,0
1.0501251220703125,0.9915782928466796,8171,ACE2_366W,0
1.1790103912353516,0.8941108822822571,8371,ACE2_59I,0
1.4585295915603638,1.2981817603111268,8254,ACE2_40E,0
1.2302687168121338,0.29533504843711855,6902,335W367F,0
1.0249582529067993,1.0500744581222534,8500,ACE2_98N,0
1.0899534225463867,1.2251640796661376,8496,ACE2_98G,0
1.1220184564590454,1.0952540040016174,7811,452F519S,0
1.5135612487792969,1.0164927005767823,7817,452Q460C,0
1.071519374847412,0.9280370354652405,7260,369I462I,0
1.5488166809082031,0.9110189557075501,6966,339V493V,0
1.0573947429656982,0.9228251814842224,8202,ACE2_387G,0
1.0471285581588745,1.031367874145508,7507,392W,0
1.202264428138733,1.0365899920463562,7814,452K493S,0
1.1495835781097412,0.9208755373954773,8370,ACE2_59C,0
1.1026631593704224,1.5650775671005248,8498,ACE2_98L,0
2.0976901054382324,1.3448849439620971,8467,ACE2_90P,0
1.0524364709854126,0.9972245335578919,8352,ACE2_515V,0
1.0471285581588745,1.3298274040222169,7959,498A522R,0
1.071519374847412,0.519338172674179,7585,413M477P,0
1.5543229579925537,1.1509896397590638,8461,ACE2_89E,0
2.159379243850708,1.1453208923339844,8443,ACE2_76T,0
1.2882494926452637,0.7665738701820374,7728,430Y444R,0
1.151789665222168,0.9916502237319946,8237,ACE2_39N,0
1.7579236030578613,1.5048394441604613,7398,384K493L,0
1.071519374847412,1.0535920143127442,8007,527S,0
1.1294348239898682,0.9235631585121155,8399,ACE2_67L,0
0.4265795350074768,0.5436804592609406,7824,453Q,0
0.806486189365387,0.8285207986831665,8157,ACE2_356V,0
0.24547088146209717,0.18253084421157836,7096,354G370W,0
0.14454400539398193,0.6230476379394532,6898,335T475Q,0
0.8325050473213196,0.999352216720581,8264,ACE2_438D,0
0.025118887424468994,0.2567774772644043,7982,512D,0
1.4483928680419922e-05,0.06851015090942383,7564,408G443P465K506R,0
1.4483928680419922e-05,-0.03628150224685669,7647,420G443N,0
0.7747735381126404,0.8356363296508789,8295,ACE2_46K,0
0.2951209545135498,0.32815598845481875,7723,430K437C,0
0.9987136125564575,0.9362588882446289,8107,ACE2_343I,0
0.2818382978439331,0.5860941529273986,6984,340Y,0
0.8511380553245544,0.40657196640968324,6935,338L484G,0
0.13803845643997192,0.33599597215652466,7759,437P471V,0
0.058884382247924805,0.33850556015968325,6993,341R477T,0
1.7404556274414062e-05,0.02648146152496338,7949,492S497M,0
1.4483928680419922e-05,0.32182854413986206,7879,471G509Y,0
1.4483928680419922e-05,-0.40122166872024534,7277,370W414P429C449E472S,0
1.5854835510253906e-05,0.2231342911720276,7632,418D,0
4.172325134277344e-05,0.21784534454345703,7670,423N471V,0
1.4483928680419922e-05,0.43404707312583923,7215,366Y479L492R,0
1.4483928680419922e-05,0.18993828892707826,7932,485V505K,0
1.4483928680419922e-05,-0.3826412081718445,7565,408L443L465I,0
0.24547088146209717,0.754085373878479,7270,370E495F,0
0.002187788486480713,0.06781550645828247,7754,436V449D,0
0.02398836612701416,0.03509840965270996,7702,427S449I,0
0.9762119650840759,1.0213881373405456,8088,ACE2_325F,0
1.7404556274414062e-05,-0.05793770551681519,7057,347K420F,0
0.23988330364227295,0.6213968992233276,7367,381L386S,0
0.7282013893127441,0.911666989326477,8211,ACE2_38H,0
0.2290867567062378,-0.15302520990371704,7571,411E504L,0
0.7798515558242798,0.7274578809738159,8101,ACE2_33K,0
0.33113113045692444,0.39180161952972414,7021,344T374Y,0
0.8912509679794312,1.024642777442932,7943,490W,0
0.9549925923347473,1.04330472946167,6963,339S474N,0
0.4570882022380829,0.5766551852226257,6869,335C485R,0
0.5821032524108887,0.5332032918930054,7372,381N481H513I,0
1.4483928680419922e-05,-0.12312589883804322,7066,349A435I461A479S,0
0.01479107141494751,0.3389476239681244,7288,371M491C,0
0.9943349957466125,0.9950609803199768,8333,ACE2_510W,0
0.7585775852203369,0.45801183581352234,7601,415F,0
0.18197011947631836,0.268769371509552,7471,389V452Y465S,0
0.2754228711128235,0.33305535912513734,7059,348E371H374L,0
0.006606936454772949,0.12607723474502563,7012,343Y473I,0
0.8061453700065613,0.8412336230278015,8106,ACE2_343E,0
0.5128613710403442,0.585120689868927,7203,366D486H,0
0.8709635734558105,0.2315907061100006,7062,348P,0
0.03981071710586548,0.5804858565330505,7791,447T,0
0.003548145294189453,0.06465061902999877,7829,456E,0
0.0831763744354248,0.4677982687950134,7798,449F,0
0.8709635734558105,0.43121047019958497,7696,427H465Q,0
0.5623413324356079,0.49706552624702455,7876,470P,0
0.0003235936164855957,0.01617422103881836,7456,388Y453S501D,0
0.9517175555229187,0.870270049571991,8384,ACE2_62L,0
0.9901004433631897,0.9424273848533631,8308,ACE2_504A,0
1.4483928680419922e-05,0.17581900358200073,7780,443Y466H,0
0.4897788166999817,0.18843250274658202,7626,417L,0
0.0001380443572998047,0.2288673460483551,7149,361L388L450S508N,0
8.130073547363281e-05,-0.02147594690322876,7276,370T433N457V,0
0.041686952114105225,0.2101991057395935,7000,342R373P,0
1.7404556274414062e-05,0.16879929304122926,6883,335N442P,0
0.9332543015480042,0.9059394717216491,7163,362L,0
1.4483928680419922e-05,0.45433828234672546,7878,471G509W,0
0.906488835811615,1.2078500509262085,8451,ACE2_82I,0
0.3467368483543396,0.9372425079345703,7184,364Q,0
0.43651583790779114,0.3820042788982391,7871,468E513M,0
1.4483928680419922e-05,0.34023985266685486,7682,425E465R,0
1.7404556274414062e-05,-0.17702242136001586,7621,416T435L,0
0.07244360446929932,0.8499224126338959,7764,439F,0
0.9549925923347473,1.019218635559082,7910,478S490W,0
0.027542293071746826,4.311800003051758e-05,7175,363V476R,0
0.0003090500831604004,0.4226787626743317,7519,394M416M,0
0.8533100485801697,0.8017008543014527,8155,ACE2_356H,0
0.9888360500335693,0.9358963966369629,8287,ACE2_445Y,0
0.15135616064071655,0.7395073056221009,7047,346Q382G492I,0
0.7379415035247803,0.8104764819145203,8152,ACE2_355V,0
0.08511382341384888,0.26536221504211427,7325,375I476A,0
0.0003548264503479004,0.6879619181156158,7157,362A509T,0
0.4466836154460907,0.42038263082504274,7032,345M468T,0
0.12302690744400024,0.25537444949150084,7501,392I468C472P,0
0.18620872497558594,-0.2668240785598755,6968,339W397I417N,0
0.00870966911315918,0.21002841591835023,7594,414N466Y,0
7.587671279907227e-05,0.11756114959716797,7332,375V424P,0
0.23988330364227295,-0.06460943222045898,6828,333F464E,0
1.5854835510253906e-05,0.35020209550857545,7980,511K,0
0.9194856882095337,0.9254051446914673,8423,ACE2_73F,0
0.7530341148376465,1.2291844725608825,8416,ACE2_72D,0
0.19054609537124634,0.7231362402439118,7719,430D478D,0
0.20417380332946777,0.9344414710998535,7883,472A,0
0.8763863444328308,0.8270368337631225,8094,ACE2_329I,0
0.18197011947631836,0.08780406713485718,7505,392R481I,0
3.546476364135742e-05,-0.164518141746521,6886,335P365S497L,0
0.8585211634635925,0.8806542158126831,8325,ACE2_50M,0
0.117489755153656,0.5586863875389099,7555,404A,0
1.4483928680419922e-05,-0.1930056929588318,7375,381R421C485P511S,0
0.9332543015480042,0.626224672794342,7804,450A471I,0
0.7947924733161926,0.9900665044784546,8493,ACE2_96S,0
0.7651042342185974,1.015536856651306,8169,ACE2_366N,0
0.7899251580238342,0.7332274675369262,8132,ACE2_351S,0
0.002187788486480713,0.31274646520614624,7763,439E,0
0.05248075723648071,0.44606648087501527,7373,381N484F,0
0.6165950298309326,0.791267991065979,7954,494V,0
0.14791083335876465,0.7161920666694641,7002,342W482K,0
1.4483928680419922e-05,-0.08735132217407227,7633,418E479Y497A,0
0.47863009572029114,0.472128689289093,6854,334L479T,0
0.2630268335342407,0.22332422733306884,6868,335C466L,0
0.7573397755622864,1.7424911975860595,8201,ACE2_386Q,0
1.4483928680419922e-05,-0.06047847270965576,6992,341R348V360G428G483K,0
0.010964810848236084,0.2920217394828796,7902,476V,0
0.8709635734558105,0.2146819770336151,7490,391N444L,0
0.7360467314720154,0.7667294085025788,8124,ACE2_34K,0
0.0015488266944885254,0.1326926827430725,7354,379L415I,0
0.7580476403236389,1.0736698269844056,8441,ACE2_76N,0
0.7080056667327881,0.9920719504356384,8160,ACE2_357L,0
0.13489627838134766,-0.0059456944465637205,7750,435I479H,0
0.022387206554412842,0.08696871995925903,7649,420I427H,0
0.011220216751098633,0.3921432614326477,7892,473Q,0
0.026302695274353027,0.8055362105369568,7965,500L518P,0
0.00870966911315918,0.21514354944229125,7945,492F499V,0
0.7979283928871155,0.8504125714302063,8012,ACE2_19C,0
1.4483928680419922e-05,-0.318237841129303,7899,475V507I,0
0.2137961983680725,0.7336303472518921,7792,448D,0
0.10964781045913696,0.19330555200576782,7248,368P,0
1.7404556274414062e-05,0.016464638710021972,7081,352E423D,0
0.05754399299621582,0.2992563724517822,7703,427S457G,0
0.9252822399139404,0.9808244943618775,8353,ACE2_518E,0
0.06606936454772949,0.6699612617492676,7491,391N501L,0
0.7103394865989685,1.019693624973297,8265,ACE2_438P,0
0.6025595664978027,0.7934414625167847,7316,374M,0
0.04570883512496948,0.26161137223243713,7944,491Q,0
0.14454400539398193,0.1976682186126709,7866,467C,0
0.7874640822410583,0.8339636206626893,8298,ACE2_46W,0
0.7079458236694336,0.655974018573761,6826,333F,0
1.7404556274414062e-05,-0.11422963142395019,7758,437M485F,0
3.719329833984375e-05,-0.3329930901527405,7661,421S451S,0
0.7425422072410583,0.7406174659729003,8164,ACE2_35F,0
1.4483928680419922e-05,0.3636155962944031,7734,431V487S,0
1.5854835510253906e-05,-0.028066813945770264,7339,377C428C465T,0
0.7524014711380005,0.5800173997879028,8075,ACE2_28S,0
0.7804678678512573,1.5819024562835693,8492,ACE2_96I,0
0.7165378928184509,0.9283600807189941,8263,ACE2_42Y,0
1.4483928680419922e-05,0.24108601808547975,7869,467T502Y,0
0.4897788166999817,0.5631139159202576,6958,339M479K,0
0.9772372245788574,0.7586965441703797,6876,335K384H,0
0.2818382978439331,0.7384614586830139,7242,367S409H,0
1.7404556274414062e-05,-0.46693533658981323,7639,419E495L,0
0.15848934650421143,0.13155797719955445,7263,369T418M,0
0.8122437596321106,1.3506797790527343,8457,ACE2_84F,0
0.2570396065711975,0.856438148021698,7887,472Q,0
0.9907752871513367,0.9969336271286011,8347,ACE2_514V,0
0.7989049553871155,0.9436621785163879,8128,ACE2_350H,0
0.007585763931274414,0.7316635966300964,7825,453R508E,0
0.6309573650360107,0.677045714855194,7298,372K428L,0
0.15848934650421143,0.41534194350242615,7705,428C473H,0
0.0005495548248291016,-0.3476556897163391,7249,368P469V476S,0
0.2137961983680725,0.9298471212387085,7241,367S376S472H,0
1.7404556274414062e-05,0.28297388553619385,7634,418G500S,0
1.7404556274414062e-05,0.05550757646560669,7119,357F497I,0
0.12022644281387329,0.18649036884307862,7344,377S413N,0
0.47863009572029114,0.9206237673759461,7255,369E428G,0
0.9893209934234619,0.9095442891120911,8205,ACE2_387T,0
0.19498449563980103,0.035495638847351074,6827,333F419T,0
0.291742742061615,0.5547324478626251,7762,437S522D,0
0.0019055008888244629,0.33418857455253603,7142,359C446K,0
0.7413102388381958,0.598959231376648,7442,386T413L,0
0.8442874550819397,0.9670841813087463,8123,ACE2_349Y,0
0.0038904547691345215,0.2946366250514984,7547,401I407K478K,0
0.6918309926986694,0.41342529058456423,7213,366R420S,0
0.8511380553245544,0.4256477653980255,7337,376Y452W,0
0.33113113045692444,0.7612977266311646,7148,360T396F,0
0.5128613710403442,0.6354401350021363,7659,421M452T,0
0.9549925923347473,0.8409509658813477,7140,359A,0
0.4677351415157318,0.2463636040687561,7393,384H417L,0
0.040738046169281006,0.802967619895935,7888,472S478L,0
1.4483928680419922e-05,0.6740664958953857,7483,391I431W,0
0.23442292213439941,0.31194273233413694,7419,385S407Q,0
0.9082506895065308,0.9981174349784852,8458,ACE2_84T,0
2.6941299438476562e-05,-0.040559124946594236,7218,367A463G507C,0
0.0022909045219421387,0.3051996469497681,7434,386M401G,0
0.9712538719177246,0.9910953164100647,8281,ACE2_445E,0
1.7404556274414062e-05,0.41786028146743776,7730,431M509Q,0
0.0011481642723083496,0.19134171009063722,7624,417G491T,0
0.0016595721244812012,-0.01781364679336548,7653,420S506V,0
0.7022414803504944,0.7267242670059204,8301,ACE2_48E,0
0.00691831111907959,0.31708178520202634,7778,443M,0
0.7086248397827148,0.9925556898117065,8039,ACE2_24N,0
1.4483928680419922e-05,-0.14144842624664306,7574,411T437L,0
0.0006025433540344238,0.17322534322738647,7338,376Y480N,0
1.7404556274414062e-05,-0.028003251552581786,6916,336S439M485F,0
1.4483928680419922e-05,0.0911592423915863,6983,340W367M495E,0
0.9244791269302368,0.8037863969802856,8196,ACE2_382G,0
0.6888211965560913,0.9803613066673279,8076,ACE2_29P,0
0.7808851599693298,0.8520327925682067,8293,ACE2_45Y,0
0.6953262090682983,0.9101125717163085,8158,ACE2_357D,0
0.28840315341949463,0.18508634567260743,7605,415M420C,0
0.0028840303421020508,-0.09579774141311645,7752,436K456T,0
0.014454424381256104,0.5303338527679443,7299,372L450T,0
1.996755599975586e-05,0.006463789939880371,6862,334S363V398H432W505S,0
0.7559031248092651,0.9552021980285644,8186,ACE2_374P,0
0.017378032207489014,0.20921026468276976,6840,333R339V501E,0
1.7404556274414062e-05,-0.15357495546340943,6977,340I367M468S495G,0
0.08912509679794312,0.4467234671115875,7363,381D473H,0
0.801440417766571,0.9132664680480957,8215,ACE2_390A,0
0.033884406089782715,0.043298852443695066,6865,334T359G449P,0
0.9640716314315796,0.9324125528335572,8013,ACE2_19H,0
0.8511380553245544,0.5133600890636444,7877,471F,0
0.06165951490402222,0.18852572441101073,7435,386M456I,0
1.4483928680419922e-05,0.3443135440349579,7579,412G451E,0
1.7404556274414062e-05,0.4157738327980042,7321,375C412F,0
1.7404556274414062e-05,0.06323388814926148,7156,362A434M497C,0
1.4483928680419922e-05,0.22475558519363403,7666,422P468Q484S,0
1.4483928680419922e-05,-0.1313886284828186,7545,400I429V511S,0
0.8642781972885132,0.9273009538650513,8133,ACE2_351V,0
0.033884406089782715,-0.17514504194259645,7598,414Y451I,0
0.812782347202301,1.1035728693008422,8126,ACE2_34N,0
0.16218101978302002,0.31235947012901305,7036,345Y459I,0
1.7404556274414062e-05,0.2340762972831726,7198,365V434K,0
0.0016982555389404297,0.5645865380764008,7938,487I,0
1.4483928680419922e-05,0.014455664157867431,7783,444T497S,0
0.00014454126358032227,0.5579596877098083,7920,480F,0
1.7404556274414062e-05,-0.11927961111068726,7577,412A435W461C,0
0.6165950298309326,0.8559847235679626,7926,482T,0
1.7404556274414062e-05,0.5226019144058227,7527,394Y425R,0
1.4483928680419922e-05,0.13636864423751832,6955,339L357P376Q491S508K,0
0.9722201824188232,0.9089891195297242,8404,ACE2_68H,0
0.9660508632659912,0.32433807849884033,7169,363G508H,0
1.4483928680419922e-05,0.3645545482635498,6913,336S367R425A,0
0.7943282723426819,0.7067605376243591,6859,334R459H,0
0.86741703748703,0.7115609526634217,8292,ACE2_45T,0
0.9962819218635559,0.9807199239730835,8058,ACE2_273N,0
0.08511382341384888,0.2847943902015686,7429,386F475I,0
0.7033407688140869,0.8170313835144043,8262,ACE2_42W,0
0.0812830924987793,0.3291391313076019,7436,386M504C,0
1.7404556274414062e-05,0.24680402874946594,7391,383V425H444R,0
0.9650847911834717,1.017535924911499,8422,ACE2_73E,0
0.9992321729660034,0.9280056357383728,8382,ACE2_62A,0
1.7404556274414062e-05,-0.4133628010749817,7712,428T476W505L,0
0.5623413324356079,0.9478686273097991,7472,389W,0
0.8395766615867615,1.6019451141357421,8042,ACE2_25C,0
0.04897791147232056,0.3337505340576172,6903,335W412T,0
0.2630268335342407,0.37467015385627744,7034,345V471Y,0
1.4483928680419922e-05,-0.25857120752334595,7576,411Y475N483Q,0
0.9683623909950256,0.9342890620231629,8274,ACE2_441L,0
1.4483928680419922e-05,0.45090383291244507,7563,407W442H,0
0.00363081693649292,0.32947090864181516,7234,367M456N,0
0.11220186948776245,0.2802842199802399,7092,353H,0
0.5754399299621582,0.5281749367713928,7475,390K494M,0
0.07079458236694336,0.21976296305656434,6915,336S417C,0
0.25118863582611084,0.6219231247901916,7031,345H465K,0
0.7374216318130493,1.0461585521697998,8038,ACE2_24A,0
0.1333521604537964,0.17976093292236328,7186,365C446Q,0
1.4483928680419922e-05,-0.1365034580230713,7546,400P440P479T,0
0.827013373374939,0.9620426297187805,8481,ACE2_93M,0
0.00043654441833496094,0.47603943943977356,7891,473G505W521L,0
2.0444393157958984e-05,0.20415529012680053,7467,389R400Y428E,0
0.731693685054779,0.8049566745758057,8212,ACE2_38L,0
0.7762471437454224,1.2922996997833252,7418,385R520F,0
0.19054609537124634,0.7304819703102112,7318,374S378L,0
1.5854835510253906e-05,0.2623785436153412,7688,425W,0
0.18620872497558594,0.4606801986694336,6920,336V345D,0
0.5888437032699585,0.4877990782260895,7283,371L391V,0
0.676082968711853,0.6540061116218567,7389,383P394G,0
0.9120108485221863,0.9307293772697449,7903,477E,0
0.9439671635627747,1.2045985460281372,8445,ACE2_76W,0
0.09549927711486816,0.11605066657066346,7931,484P508I,0
1.4483928680419922e-05,0.5982396841049195,7388,383L505P,0
0.003801882266998291,-0.12668193578720094,7082,352E476V,0
0.7244359850883484,0.5691563129425049,7898,475V,0
1.4483928680419922e-05,0.40027273893356324,6856,334P344S488S,0
2.5153160095214844e-05,0.6053400099277496,6953,339I431A,0
1.4483928680419922e-05,0.025151824951171874,7631,418A467S,0
0.13803845643997192,0.22650654315948487,6972,340A437S,0
1.4483928680419922e-05,1.1612593412399292,7407,385E418R,0
0.7605341672897339,0.8775822877883911,8396,ACE2_65S,0
1.7404556274414062e-05,0.3964055240154266,6870,335E366R423C,0
0.2137961983680725,0.39238829016685484,6842,333R426D,0
0.676082968711853,0.5690221309661865,6837,333L339A479T,0
0.23988330364227295,0.32020071148872375,7449,387T469T,0
0.47863009572029114,0.22960106134414673,7297,372I426A,0
0.021877646446228027,-0.11980319023132324,7091,353G358Y,0
0.7030650973320007,0.8559850573539733,8140,ACE2_353D,0
2.568960189819336e-05,0.22315585613250732,7644,420A502M,0
0.02137964963912964,0.008285266160964967,6926,337H429H,0
0.047863006591796875,0.05020663738250732,7333,375Y397T,0
0.0008317828178405762,0.01770799160003662,7860,464T472K,0
0.020417392253875732,0.318620628118515,7001,342S520R,0
0.7413102388381958,1.049008274078369,7787,445Y520R,0
0.8770411014556885,1.2166568040847778,8460,ACE2_84W,0
0.30902954936027527,0.6700911581516266,6982,340T469A,0
2.6285648345947266e-05,0.29735067486763,7022,344T375L380I,0
0.8982701301574707,1.3813260197639465,8427,ACE2_73S,0
0.07413101196289062,0.4168903470039368,7849,461A508H,0
1.5139579772949219e-05,0.3342601954936981,7319,374T379I,0
0.6025595664978027,0.926563048362732,7517,394G479T,0
0.015488207340240479,0.14465030431747436,7023,344T487D,0
0.08511382341384888,0.2690118670463562,7349,378Y475T,0
0.6997435688972473,0.9143575549125671,8111,ACE2_345P,0
0.35892194509506226,0.993110990524292,6914,336S369L,0
0.7313121557235718,0.5376363813877105,8070,ACE2_28C,0
0.729304313659668,1.0917877912521363,8093,ACE2_326Y,0
7.587671279907227e-05,0.31450998187065127,7850,461E,0
0.041686952114105225,0.013233017921447755,7025,344V420G,0
0.7762471437454224,0.5213952600955963,6848,334C,0
0.8319233655929565,1.3381357669830323,8028,ACE2_22C,0
0.7244359850883484,0.21612364649772645,7573,411S,0
0.980903685092926,1.046877670288086,8246,ACE2_406M,0
0.0005623698234558105,0.6215394616127015,7394,384H467K,0
0.006309568881988525,0.6011411786079407,7939,487L,0
1.4483928680419922e-05,0.06415432691574097,7638,418V423S459N,0
0.058884382247924805,0.3361605167388916,7801,449S479S,0
0.9332543015480042,0.9535500049591065,7786,445W,0
0.12589257955551147,0.06755014657974243,7536,397L473W,0
0.030902981758117676,0.18708032369613647,7488,391N426Y,0
0.3162277638912201,0.22170018553733825,7069,350A450S,0
0.3715352416038513,0.38232749700546265,6945,338Y427V484P,0
0.030902981758117676,0.20974265336990355,7018,344I485V,0
0.5623413324356079,0.5637157201766968,7885,472L479F,0
0.5888437032699585,0.5877069473266602,7870,468A479L,0
1.4483928680419922e-05,0.013701379299163818,6934,338D391V407R,0
0.7049154043197632,1.1755176067352295,8159,ACE2_357F,0
0.06998419761657715,0.19419676065444946,7379,382L421Q,0
1.7404556274414062e-05,-0.29078519344329834,7383,383H411F464Q491R,0
0.07585775852203369,0.5166855037212372,7948,492N498R,0
0.051286160945892334,0.2429744303226471,7124,357L503T,0
1.4483928680419922e-05,0.38278411626815795,7808,450S502M,0
0.04897791147232056,0.3188062608242035,6830,333G343V460T,0
0.7413102388381958,0.7835246801376343,7463,389K452Y,0
0.9208036065101624,1.01400625705719,8062,ACE2_274T,0
1.7404556274414062e-05,-0.2947870135307312,7636,418N464S525F,0
0.0006309747695922852,-0.30654834508895873,7479,391A447C477C481M,0
0.08912509679794312,0.3988151490688324,7102,354W,0
0.7762471437454224,0.19288927912712098,7859,464N,0
0.0003020167350769043,0.7250664830207825,7530,395D,0
0.2630268335342407,0.6018558025360108,7721,430F469I,0
0.3981071710586548,0.9778177976608277,7411,385K465K,0
0.13489627838134766,0.5507672786712646,7667,423F453M,0
0.9361566305160522,0.9032857179641723,8380,ACE2_61P,0
0.09772372245788574,-0.051055514812469484,7271,370H375Y458I,0
1.4483928680419922e-05,0.09088211059570313,7247,368H428V460L,0
0.9871852397918701,0.899728000164032,8327,ACE2_510E,0
0.8159673810005188,1.0773995161056518,8415,ACE2_72A,0
0.7849636673927307,0.8553103923797607,8141,ACE2_353E,0
0.8800001740455627,0.9067247390747071,8357,ACE2_51I,0
0.0007762312889099121,0.3321387588977814,7969,502C,0
0.4168694019317627,0.47555738091468813,7450,388F,0
0.9896146655082703,1.0994983196258545,8010,ACE2_102S,0
1.7404556274414062e-05,0.2621068239212036,7210,366K406S416N,0
0.7774203419685364,0.7761230587959289,8162,ACE2_357T,0
0.8157650232315063,1.4165837526321412,8136,ACE2_352L,0
0.01995265483856201,0.1442417621612549,7957,496L,0
0.30902954936027527,0.03719198703765869,7627,417L446W,0
0.03630781173706055,0.07123426198959351,7802,449T490C,0
0.20417380332946777,0.4696542501449585,7760,437R452Y,0
0.0009332895278930664,-0.43109582662582396,7643,419S476I,0
0.7629846930503845,1.294405221939087,8125,ACE2_34L,0
0.7005056142807007,0.8539759993553162,8147,ACE2_354I,0
1.4483928680419922e-05,0.06107194423675537,7665,422I485T,0
1.7404556274414062e-05,-0.1562734365463257,6881,335M433P489S,0
0.003715336322784424,0.12546781301498414,7447,387N437R,0
0.671028196811676,1.4632315158843994,8041,ACE2_24Y,0
0.005754411220550537,-0.03088012933731079,6918,336S475K,0
0.8476112484931946,0.892577052116394,8386,ACE2_62V,0
0.926172137260437,0.9043500661849976,8433,ACE2_74S,0
0.7690389156341553,0.8879424691200256,8320,ACE2_509V,0
0.5754399299621582,0.7103970289230347,7030,345H366T,0
1.7404556274414062e-05,-0.16894608736038208,7731,431P487F,0
0.17378008365631104,0.7563342213630676,7782,444G,0
0.21627187728881836,0.020534181594848634,7015,344D363P,0
0.07943284511566162,0.09604840278625489,6912,336R417T,0
1.7404556274414062e-05,0.009779560565948486,7017,344F424T,0
0.028840303421020508,0.15248332023620606,6941,338R460T,0
0.03981071710586548,0.0006493926048278809,6879,335K515R,0
0.08709639310836792,0.5210556149482727,7155,361W479L,0
0.5370317697525024,0.3255094587802887,7629,417W517M,0
0.8168144226074219,1.6806905269622803,8102,ACE2_33L,0
1.4483928680419922e-05,-0.8302887916564942,6942,338S365K464H475V,0
0.001621842384338379,0.9065495371818543,7581,412R477H,0
0.07762473821640015,0.6374522864818573,7272,370R381L,0
0.0016595721244812012,0.9318570017814636,6960,339N488S,0
1.7404556274414062e-05,-0.14985888004302977,7613,416I480Y,0
1.8656253814697266e-05,0.3244848608970642,7628,417S422R,0
0.7421702146530151,0.9352857112884522,8321,ACE2_509W,0
0.058884382247924805,0.20310264825820923,7335,376Q449S,0
0.046773552894592285,0.6923116326332093,7542,399D,0
0.005495429039001465,0.1536988914012909,7520,394P424F,0
0.9142356514930725,1.0006540179252625,8351,ACE2_515Q,0
1.4483928680419922e-05,-0.045456457138061526,7064,348S388F400K,0
0.47863009572029114,0.5741790115833283,7794,448E518T,0
1.7404556274414062e-05,0.4119635045528412,7073,350M503C,0
0.030199527740478516,0.026063811779022217,7963,499L504L,0
0.9438095092773438,0.9582184910774231,8343,ACE2_514G,0
0.4677351415157318,0.43992711901664733,7569,409D,0
0.6918309926986694,0.6419711589813233,7890,473F,0
0.925711989402771,0.9438866972923279,8363,ACE2_56I,0
0.7640758752822876,2.034799647331238,8046,ACE2_25M,0
0.3801894187927246,0.20953495502471925,7566,408L490E,0
0.9466050863265991,0.8751302123069763,8332,ACE2_510S,0
0.002511918544769287,-0.03643515110015869,7799,449G512A,0
0.9549925923347473,0.799954891204834,6890,335P465D,0
0.6025595664978027,0.5110139131546021,7744,434C,0
0.7210841774940491,0.8009827077388764,8092,ACE2_326W,0
0.010964810848236084,0.04864436388015747,7834,457S495F,0
0.015848934650421143,0.5927102327346802,7979,511F,0
0.20417380332946777,0.2678216457366943,6866,334V426D,0
0.00028842687606811523,0.04292995929718017,7482,391H400T,0
0.959523618221283,0.8212360143661499,8105,ACE2_343D,0
0.8771755695343018,0.7859424948692322,8361,ACE2_54S,0
0.15848934650421143,0.16268231868743896,6853,334L362K458G482Y,0
1.7404556274414062e-05,-0.0718225121498108,7618,416Q425Y,0
0.9772372245788574,0.3425912857055664,7747,434Y,0
6.312131881713867e-05,0.5102556228637696,7111,355Y520L,0
0.4570882022380829,0.49236718416213987,7117,356S462G,0
1.7404556274414062e-05,0.43627768754959106,7733,431V479I,0
0.9535687565803528,0.978360116481781,8091,ACE2_325L,0
1.4483928680419922e-05,-0.3992015242576599,7691,426M442V499V,0
3.802776336669922e-05,0.4487073302268982,7548,402H,0
4.571676254272461e-05,0.6155018866062164,7983,512M,0
0.796120822429657,0.7731290102005005,8191,ACE2_37M,0
0.2238721251487732,0.4884934306144714,7874,469F,0
1.5854835510253906e-05,0.26015247106552125,7736,432R,0
0.0013803839683532715,0.17486582398414613,7432,386L416M,0
0.9049016237258911,1.010406231880188,8291,ACE2_446R,0
3.981590270996094e-05,0.383998841047287,7781,444A511Q,0
0.00977236032485962,0.39762901067733764,7830,456R484L,0
0.7817502021789551,0.9372476816177369,8116,ACE2_346L,0
0.7762471437454224,0.48697948455810547,6850,334G474R,0
0.3162277638912201,0.5841047644615174,7924,482C520V,0
0.941304624080658,0.9361189723014831,8286,ACE2_445W,0
0.774742603302002,1.5156015396118163,8453,ACE2_82P,0
1.7404556274414062e-05,0.14546747207641603,7868,467T492T,0
0.23988330364227295,0.31467710733413695,6867,335A434S,0
0.004897773265838623,0.2664757609367371,7692,426R455P,0
1.7404556274414062e-05,-0.6964739084243774,7083,352I373K403S413T446N508I,0
0.9858134984970093,0.9585356712341309,8120,ACE2_347S,0
0.4168694019317627,0.5181504786014557,7935,486R,0
0.030199527740478516,0.320435631275177,7535,397H,0
1.7404556274414062e-05,0.1941886305809021,7623,416V472L,0
0.8067391514778137,1.2060807585716247,8419,ACE2_72I,0
1.7404556274414062e-05,0.16082091331481935,7470,389V433T505P,0
0.301995187997818,0.1406678795814514,7087,352V,0
0.6606934666633606,0.5399952292442322,7604,415L477N,0
0.5623413324356079,0.45150219798088076,7284,371L391Y,0
0.6309573650360107,0.49141650199890136,7971,503E,0
0.015848934650421143,0.09226363897323608,7466,389R398Y,0
1.7404556274414062e-05,-0.15543543100357055,7370,381M419V426N,0
0.02398836612701416,-0.013006305694580078,7253,368Y437K,0
0.7943282723426819,0.7416786074638366,7401,384T469G,0
0.2238721251487732,0.4481074154376984,7833,457G,0
0.0004897713661193848,0.19370206594467163,7421,385S480F503K,0
0.01862090826034546,0.2406022071838379,7493,391R416P,0
0.23988330364227295,0.5039210319519043,6889,335P445S458W482H,0
0.00870966911315918,-0.8585896015167236,7642,419S448V455S,0
0.747285008430481,1.283003282546997,8417,ACE2_72E,0
0.6025595664978027,0.6201358675956726,7846,459Y479H,0
1.4483928680419922e-05,0.23933777809143067,7738,433A447S,0
0.7660978436470032,2.991407012939453,8045,ACE2_25L,0
0.0007762312889099121,0.36763092279434206,7668,423L,0
0.0056234002113342285,0.22215396165847778,7637,418Q462L,0
0.8510693907737732,0.8437778949737549,8387,ACE2_62Y,0
0.9772372245788574,0.5882588803768158,8001,523P,0
0.9120108485221863,0.9133995056152344,7875,470A,0
0.764498233795166,1.0962056279182435,8083,ACE2_31E,0
1.7404556274414062e-05,0.10711802244186401,7230,367I372D381K488Y,0
0.849806547164917,0.9730653524398803,8340,ACE2_511W,0
0.022908687591552734,0.07168300151824951,7033,345Q413V464W475S,0
1.4483928680419922e-05,-0.14861944913864136,7109,355V391H487D,0
0.7847393751144409,1.264077615737915,8135,ACE2_352E,0
0.3890451490879059,0.5142904877662658,7014,344D,0
0.011481523513793945,0.16671984195709227,6951,339E421T479I,0
0.6456542611122131,0.33509427309036255,7303,372V385P,0
0.7762471437454224,0.1206131100654602,7079,352C,0
0.8924901485443115,1.0867396473884583,8008,ACE2_102M,0
0.8709635734558105,0.17102506160736083,7590,414G490N,0
0.8334603905677795,1.0375266551971436,8184,ACE2_371Y,0
0.7010853886604309,0.9439758777618408,8149,ACE2_355H,0
0.8511380553245544,0.8161306262016297,6829,333G,0
0.9668124318122864,1.025088405609131,8250,ACE2_409E,0
0.0017783045768737793,-0.14786689281463622,7487,391L497L,0
1.7404556274414062e-05,-0.15477112531661988,7779,443V457D,0
0.000891268253326416,0.18139009475708007,7170,363H452F466D,0
0.9506576657295227,1.2423999786376954,8463,ACE2_89M,0
2.0444393157958984e-05,0.4629638075828552,7550,402N,0
0.019498467445373535,0.06705875396728515,6940,338R376L,0
0.8870008587837219,1.1936314344406127,8029,ACE2_22G,0
0.003235936164855957,0.10383307933807373,7612,416H463S,0
0.05754399299621582,0.3588224172592163,6981,340Q405I,0
0.005754411220550537,0.6225420832633972,7832,456Y468M493E,0
0.9770188927650452,1.0470392465591432,8137,ACE2_352Q,0
0.7617833614349365,1.6490424871444702,8044,ACE2_25K,0
0.12882494926452637,0.8446740210056305,7796,448S,0
0.9202516674995422,1.5407541036605834,8043,ACE2_25G,0
8.320808410644531e-05,-0.08234317302703857,7641,419S443D,0
0.016595900058746338,0.3560374081134796,7986,513Y,0
1.4483928680419922e-05,0.3112882375717163,7110,355V480G,0
0.114815354347229,0.4358360171318054,6999,342M510C,0
0.7079458236694336,0.2913951575756073,7295,371W435S452G,0
0.3467368483543396,0.22833101749420165,7656,420Y479S,0
0.25118863582611084,0.19215477705001832,7130,358G396M,0
0.033884406089782715,0.18839094042778015,6971,340A416S,0
0.8683560490608215,0.8554040431976319,8403,ACE2_68G,0
3.933906555175781e-05,-0.11708741188049317,7013,344C437L,0
0.6025595664978027,0.745236599445343,7428,386F,0
0.8899977207183838,0.8488352417945861,8108,ACE2_343K,0
0.13803845643997192,-0.017989301681518556,6989,341I411Y,0
1.4483928680419922e-05,0.6108168482780456,7970,502V518F,0
0.7642771005630493,1.3608903408050537,8459,ACE2_84V,0
0.47863009572029114,0.7030762195587158,7006,343S,0
0.6456542611122131,0.3441035747528076,7403,385A411S,0
0.9641353487968445,0.9709024310112,8334,ACE2_511C,0
0.8172950744628906,1.1388539791107177,8208,ACE2_389M,0
0.00015848875045776367,0.2996439695358276,7717,429R469T,0
0.9937658309936523,1.230420994758606,8479,ACE2_93I,0
0.02570396661758423,0.4028461158275604,7448,387S428F,0
0.23442292213439941,0.06870604753494262,6905,335Y399F,0
0.7258907556533813,0.7828529119491577,8134,ACE2_351W,0
0.7833675146102905,0.9031765580177307,8318,ACE2_509C,0
1.4483928680419922e-05,-0.21027004718780518,7246,368F424G457N,0
0.13489627838134766,0.5698669612407684,7562,407M469A,0
0.7423980832099915,0.8486540913581848,8145,ACE2_354A,0
1.4781951904296875e-05,-0.026752209663391112,7533,396Q501K,0
1.4483928680419922e-05,0.07645285129547119,6938,338N437T484G,0
0.9430396556854248,1.0028162837028503,8245,ACE2_406I,0
0.9814763069152832,0.908423125743866,8113,ACE2_345W,0
0.8912509679794312,0.7968631982803345,7785,444W,0
0.5495408773422241,0.6360322177410126,7722,430H485R,0
0.0056234002113342285,-0.10791834592819213,7251,368T465W,0
0.0912010669708252,0.2718722701072693,7599,414Y468F,0
0.2818382978439331,0.4684059500694275,7287,371M387S,0
0.15488165616989136,0.18263124227523803,7588,413S504L,0
0.0009549856185913086,-0.14176383018493652,7080,352D435D504V,0
0.8825206160545349,1.0230615615844727,8061,ACE2_274H,0
0.9124337434768677,0.9172985196113587,8360,ACE2_51W,0
0.13182568550109863,0.44511440992355344,7005,343K484D,0
0.9645709991455078,1.217888343334198,8490,ACE2_96E,0
0.9400577545166016,1.0387367248535155,8177,ACE2_370E,0
0.04570883512496948,0.3697685718536377,6880,335M344Y385L525N,0
0.40738028287887573,0.45074592232704164,7254,368Y527G,0
0.7016002535820007,0.7043982982635498,8213,ACE2_38P,0
0.2238721251487732,0.2780073285102844,7120,357I440T504F,0
0.7122620940208435,0.7413290739059448,8299,ACE2_48A,0
0.056234121322631836,0.8044387459754944,7946,492H,0
0.006606936454772949,0.3188722252845764,7103,354W374E,0
0.8853737711906433,0.932453203201294,8348,ACE2_514Y,0
0.004365146160125732,0.22341955900192262,7974,505C,0
0.5888437032699585,0.4496012687683105,7208,366F,0
0.0072443485260009766,0.05455448627471924,7165,362S476K,0
0.2137961983680725,-0.27053879499435424,7056,347I363Y414F,0
0.9683797955513,0.9580841541290284,8431,ACE2_74Q,0
1.7404556274414062e-05,0.10126295089721679,6979,340L448C472G479L,0
1.7404556274414062e-05,0.24512231945991517,6969,339W431M,0
0.5754399299621582,0.813006055355072,7854,462H,0
0.5495408773422241,0.5396625220775604,7392,383Y440Q,0
1.4483928680419922e-05,-0.1924927830696106,7190,365K393L426L472K,0
0.16218101978302002,0.04581313729286194,7189,365G396D,0
0.2754228711128235,0.3229332625865936,7856,463Y,0
1.4483928680419922e-05,0.31459881067276,7346,378A416V,0
0.9888487458229065,0.9873765349388123,8256,ACE2_40Y,0
1.7404556274414062e-05,-0.11331412792205811,7361,380S429R,0
0.0001621842384338379,-0.08458346128463745,7896,474L507S,0
0.2691534757614136,0.33189222812652586,7183,364P,0
0.7390392422676086,0.8857208490371704,8216,ACE2_390H,0
1.7404556274414062e-05,-0.13230949640274048,7214,366V379Q459Y,0
0.00010114908218383789,0.14441053867340087,7343,377L435R,0
0.23988330364227295,0.26280946731567384,7304,372V499V,0
1.4483928680419922e-05,0.13163160681724548,7611,416D461A,0
0.8511380553245544,0.945403516292572,7454,388R,0
0.16218101978302002,0.21506566405296326,7323,375E418M,0
0.7280412912368774,0.8261538028717041,8143,ACE2_353L,0
1.7404556274414062e-05,0.20202306509017945,7233,367L423S,0
0.0005370378494262695,-0.07377465963363647,7675,424L449Q,0
0.00537031888961792,0.031612837314605714,7518,394H449N476T,0
0.9055286645889282,1.108260440826416,8485,ACE2_95P,0
0.2691534757614136,0.7761159896850586,7206,366E378S414H,0
1.5854835510253906e-05,0.3197161197662354,7680,425E,0
0.00537031888961792,-0.06809115409851074,7620,416S449S,0
0.9897139072418213,0.9894144177436829,8285,ACE2_445P,0
0.12302690744400024,0.6671512007713318,7265,369V495W,0
0.7508672475814819,0.9121039390563965,8383,ACE2_62E,0
0.013803839683532715,-0.23504322171211242,7900,476F481L,0
1.4483928680419922e-05,0.3312991201877594,7707,428G488Y,0
1.4483928680419922e-05,-0.5424086809158325,7773,442C476L488T,0
0.040738046169281006,0.13389780521392822,7088,352Y366E426R,0
0.9772372245788574,0.9310905456542968,7390,383V,0
0.7585775852203369,0.8625232815742493,7460,389G479R,0
0.9332543015480042,0.5750176072120666,6841,333R365V,0
0.6165950298309326,1.0300156474113464,7509,393F,0
5.7578086853027344e-05,0.208645761013031,7617,416M482R,0
0.17782795429229736,1.2226964235305786,7765,439H,0
4.786252975463867e-05,0.4088817238807678,7706,428E451D,0
0.001096487045288086,-0.08060308694839477,7342,377K447Y,0
0.7223711013793945,0.6120972990989685,8148,ACE2_354T,0
0.9556664228439331,1.0284180402755738,8446,ACE2_79A,0
0.015848934650421143,0.2573808491230011,7431,386I399L,0
0.762654721736908,1.1740407943725586,8022,ACE2_20W,0
0.20892959833145142,0.3767285406589508,7347,378H420T,0
0.8511380553245544,0.6401054382324218,7330,375T482S,0
2.092123031616211e-05,0.3161005675792694,7976,508P,0
0.8128305077552795,0.5772945821285248,7158,362D371Y,0
0.00019496679306030273,0.47189154624938967,7893,473S481T,0
0.2691534757614136,0.3502302348613739,7445,387F446E,0
0.18197011947631836,0.42190505266189576,7020,344P,0
0.0190545916557312,0.005268585681915283,7716,429L508V,0
0.016595900058746338,0.09247280359268188,7852,461Y481L,0
0.8275070190429688,1.015121829509735,8118,ACE2_346T,0
0.7585775852203369,0.6700610637664794,7459,389F,0
0.7413102388381958,0.7148641586303711,7704,428A,0
0.36728230118751526,0.24233027696609497,7543,399M446P,0
0.8660072088241577,1.0574031472206116,8115,ACE2_346D,0
0.015488207340240479,0.04473249912261963,7662,421S496A,0
0.8004947304725647,0.8097122788429261,8024,ACE2_21E,0
0.14454400539398193,0.010037338733673096,7568,408S417M429L,0
0.029512107372283936,0.050696277618408205,7761,437S468G503A,0
7.081031799316406e-05,0.005100631713867187,6954,339K347S426D,0
1.7404556274414062e-05,0.05227540731430054,7835,457V507S,0
0.9772372245788574,1.0510833740234375,7989,517Y,0
0.005754411220550537,0.020475220680236817,7464,389L447F,0
0.7934867143630981,0.8122879028320312,8324,ACE2_50L,0
0.9016302824020386,1.023266351222992,8086,ACE2_324C,0
0.6918309926986694,0.7906057834625244,7341,377I,0
0.00010472536087036133,-0.02513042688369751,7511,393R435E,0
0.2754228711128235,0.7994639277458191,7714,428V469R,0
0.3235936760902405,0.1604647755622864,7651,420S437G,0
0.00010001659393310547,0.026775622367858888,7540,398V459K,0
0.03311312198638916,0.035606849193573,7575,411T504T,0
1.4483928680419922e-05,0.030430173873901366,6825,333D342L365Q433Y,0
0.2570396065711975,0.2934387743473053,7097,354K375P468S,0
0.7762863039970398,0.9096750974655151,8097,ACE2_330P,0
0.00015491247177124023,0.3158448338508606,7029,345G442M,0
0.9120108485221863,0.6748736739158631,7914,479A514T,0
0.03311312198638916,0.049951720237731936,7593,414M449S471T,0
0.6918309926986694,1.1667633175849914,7437,386N394I,0
0.00023442506790161133,0.2467072367668152,7776,443D450L,0
0.7032480239868164,0.8236107349395752,8161,ACE2_357P,0
0.00275421142578125,0.26352438926696775,7368,381L459P479M,0
1.4483928680419922e-05,0.029165446758270264,7534,396R416R471R,0
0.759909987449646,0.8754672884941102,8096,ACE2_330G,0
1.7404556274414062e-05,0.012102770805358886,7042,346I502V506V,0
0.787719190120697,0.7488276958465576,8258,ACE2_41L,0
0.008511364459991455,-0.11213680505752563,7296,372C442L,0
1.7404556274414062e-05,-0.2614478707313538,7539,398V421T,0
0.8975757360458374,0.9636095881462097,8317,ACE2_509A,0
0.9037742018699646,0.9310670495033264,8055,ACE2_273F,0
0.12022644281387329,0.3363904595375061,7855,463F498S,0
1.7404556274414062e-05,-0.04359931945800781,7673,424D453S,0
0.9068697690963745,1.0358512163162232,8253,ACE2_409Y,0
0.9305217266082764,1.0135873317718507,8251,ACE2_409H,0
0.9791604280471802,1.1275068998336792,8409,ACE2_71C,0
1.4483928680419922e-05,0.4025621354579926,7777,443H495D,0
0.04897791147232056,0.6627509832382202,7236,367P451W471R,0
0.28840315341949463,0.385328483581543,7004,343F371R,0
0.5623413324356079,0.15339685678482057,7503,392L504S,0
0.747182309627533,0.9502121090888977,8129,ACE2_350M,0
0.19498449563980103,0.3393138527870178,7827,455C,0
1.7404556274414062e-05,0.2409575343132019,7851,461V491F,0
0.9314323663711548,0.8490626215934753,8385,ACE2_62S,0
1.4483928680419922e-05,0.15268367528915405,7484,391I433Y482H,0
1.4483928680419922e-05,0.1929271101951599,7958,497E504N,0
0.5754399299621582,0.6131033062934875,7252,368V,0
0.4168694019317627,0.4243731737136841,7557,406A,0
0.09332543611526489,0.47619402408599854,6908,336I390S,0
0.8290912508964539,0.9691666245460511,8220,ACE2_390S,0
0.9404318928718567,1.0060580968856812,8344,ACE2_514M,0
1.7404556274414062e-05,0.2293068766593933,7054,346Y433P,0
0.012882530689239502,0.15046485662460327,7502,392L475Y,0
0.8814855813980103,0.9556078314781189,8217,ACE2_390M,0
1.4483928680419922e-05,0.22752660512924194,7072,350L389R492C,0
0.9959371089935303,0.9884211659431458,8172,ACE2_367Q,0
1.4483928680419922e-05,0.1807871401309967,7663,422H472D,0
0.7313289046287537,0.6798461079597473,8455,ACE2_83D,0
0.017378032207489014,0.18637410402297974,7451,388I393K417S484M,0
0.9120108485221863,0.7570475935935974,7211,366M468V,0
0.9573183059692383,0.9963733673095703,8290,ACE2_446N,0
0.07943284511566162,0.33589898347854613,7356,379V444E,0
0.7844703793525696,1.5764231443405152,8495,ACE2_96Y,0
0.6811119914054871,0.885071587562561,8151,ACE2_355K,0
0.6606934666633606,1.01729918718338,7481,391F483S,0
0.19054609537124634,0.3851405501365662,7412,385L420I,0
1.4483928680419922e-05,0.2328428268432617,7011,343V406A,0
0.09772372245788574,0.922717559337616,7831,456W,0
0.0006309747695922852,1.0923667311668397,7076,350R384M,0
0.7762471437454224,0.45090081691741946,7826,453V,0
1.7821788787841797e-05,0.22952553629875183,7671,423T,0
1.621246337890625e-05,0.2788579225540161,7578,412F514K,0
1.7404556274414062e-05,0.38343740701675416,7153,361T414D,0
0.19952625036239624,0.665376615524292,6917,336S445T,0
0.2187761664390564,-0.2445109009742737,7640,419I434F,0
0.0003235936164855957,0.6594807088375092,7823,453D,0
0.8748118281364441,0.9785169005393982,8279,ACE2_442S,0
0.8317638039588928,0.7636911869049072,7925,482R522E,0
1.7404556274414062e-05,-0.6687999725341797,7326,375L403L496V,0
1.4483928680419922e-05,-0.019473838806152343,6997,342A401S,0
1.4483928680419922e-05,0.08813197016716004,7664,422I480A,0
0.8427627086639404,0.8416841626167297,8358,ACE2_51Q,0
0.004570901393890381,0.210749089717865,7625,417G500L,0
0.6918309926986694,1.0020082712173461,7440,386S392S,0
0.976449728012085,0.9766387581825257,8339,ACE2_511P,0
0.7038514018058777,0.8119066238403321,8131,ACE2_351E,0
0.24547088146209717,0.32682010531425476,6922,336Y373R,0
1.7404556274414062e-05,-0.08895787000656127,6851,334I513K,0
1.4483928680419922e-05,0.12099242210388184,7400,384R435P448F,0
0.7079458236694336,0.2631746053695679,7281,371F376K,0
0.7074453234672546,0.5854381322860718,8210,ACE2_38C,0
0.4677351415157318,0.614169430732727,6894,335Q364R,0
0.15848934650421143,0.6687170267105103,7424,385W421A,0
0.7161434292793274,0.5551285445690155,7098,354K471Y,0
0.13489627838134766,0.5447422087192535,6994,341S483Q,0
1.4483928680419922e-05,0.14268159866333008,7560,407D479S,0
0.8871848583221436,0.9147860050201416,8322,ACE2_50F,0
0.7563130259513855,1.238706612586975,8016,ACE2_20F,0
0.9120108485221863,0.9587666511535644,7220,367A501S,0
0.026302695274353027,0.40910724401473997,7693,426Y,0
0.022387206554412842,0.1382049798965454,7843,459R496L,0
0.8709635734558105,0.6329182267189026,7701,427S,0
0.00026917457580566406,0.048459315299987794,7405,385C461S,0
1.4483928680419922e-05,0.3225026369094849,7113,356P427Y,0
0.08511382341384888,-0.05016202926635742,7584,413L451C,0
0.777409017086029,1.0245448231697083,8027,ACE2_21L,0
0.9610965251922607,0.9833365440368652,8487,ACE2_95V,0
0.7943282723426819,0.09237184524536132,7600,414Y468T503K,0
0.8413951396942139,0.44942417144775393,7422,385S504S,0
0.09332543611526489,0.5093396663665771,7152,361S369K,0
0.012882530689239502,0.044390738010406494,7988,515N,0
5.888938903808594e-05,-0.33615450859069823,7554,403I463Y,0
0.7135918736457825,0.7511207699775696,8122,ACE2_349P,0
0.7363240122795105,0.8206561923027038,8095,ACE2_330C,0
0.5011872053146362,0.5053075671195983,7677,424N,0
1.4483928680419922e-05,-0.03364763259887695,7331,375V423W463H469L,0
0.8270397186279297,1.205188524723053,8488,ACE2_96A,0
1.4483928680419922e-05,0.2430860161781311,7657,421E452P472Y,0
0.01862090826034546,0.09116578102111816,7797,449C,0
0.7943282723426819,0.4151457607746124,7060,348G,0
0.7079458236694336,-0.011785519123077393,7061,348K420N,0
1.4483928680419922e-05,-0.19690332412719727,6925,337G398Q492S,0
0.9638828039169312,0.789405357837677,8225,ACE2_393T,0
1.4483928680419922e-05,-0.5039384365081787,7715,429A436Q454K492T,0
0.8662083148956299,0.9581069350242615,8278,ACE2_442M,0
0.0025703907012939453,0.20677642226219178,7710,428S443M,0
0.004265785217285156,0.17666943073272706,7810,451G,0
0.7368518710136414,0.7347148895263672,8192,ACE2_37S,0
0.8403640389442444,0.9317317366600036,8366,ACE2_57F,0
0.886731743812561,0.8092982053756714,8296,ACE2_46S,0
0.006456553936004639,0.42978092432022097,7756,437A443G,0
0.9337224960327148,1.0979466438293457,8017,ACE2_20G,0
0.8718165755271912,1.1612538933753966,8420,ACE2_72N,0
0.021877646446228027,0.11566629409790039,7679,424V486K,0
1.7404556274414062e-05,0.6840250253677368,7498,392C433F,0
0.1273503303527832,0.4153197109699249,7311,374C482S,0
2.950429916381836e-05,0.47231246829032897,7552,402Y,0
1.4483928680419922e-05,-0.0874330997467041,7317,374P416V,0
0.8659877777099609,0.8429946541786194,8297,ACE2_46T,0
0.7420161962509155,0.7514071583747863,8156,ACE2_356T,0
1.4483928680419922e-05,0.3202673316001892,7477,390S426S472G,0
0.7274504899978638,0.49692441821098327,8074,ACE2_28R,0
0.003715336322784424,-0.009106910228729248,7936,486R513T,0
0.00011479854583740234,-0.1656332492828369,7095,353S361L,0
0.4168694019317627,0.06970040798187256,7630,417Y453L,0
0.00363081693649292,0.44958302974700926,7074,350N,0
1.4483928680419922e-05,0.6739685297012329,7559,406R506P,0
0.7244359850883484,0.7021515190601348,7171,363M,0
0.23988330364227295,0.44737057089805604,7127,357V437K,0
1.4483928680419922e-05,0.012821722030639648,7669,423L443M,0
0.7781885266304016,0.8343745589256286,8326,ACE2_50S,0
0.2238721251487732,0.6578111231327057,7978,511C,0
1.4483928680419922e-05,0.08299922943115234,7683,425M434K,0
1.7404556274414062e-05,0.07145054340362549,7537,398L517Q,0
0.7373323440551758,1.246346378326416,8421,ACE2_72Q,0
0.0831763744354248,0.5116883337497711,7697,427I476N,0
0.020417392253875732,0.32295583486557006,7071,350L,0
1.7404556274414062e-05,-0.11962519884109497,6907,336G425H,0
0.2570396065711975,0.33331176042556765,7495,391S417S,0
0.40738028287887573,0.6133111238479614,7286,371L471T,0
0.3388441801071167,0.346817684173584,7586,413Q437P,0
0.8283420205116272,0.5920521140098571,8018,ACE2_20K,0
0.8317638039588928,0.4544509768486023,7529,394Y464H,0
0.6709160804748535,0.7155808448791504,8304,ACE2_48N,0
0.47863009572029114,0.9541412830352783,6887,335P367M430D,0
0.7532859444618225,0.7262355923652649,8026,ACE2_21K,0
0.9694024920463562,0.8960949659347535,8391,ACE2_63T,0
1.7404556274414062e-05,-0.7346333742141724,7093,353L398W417T432L490P507D,0
0.15488165616989136,0.24220759868621827,7077,351P,0
0.7707825303077698,0.9805670499801635,8080,ACE2_30N,0
0.028183817863464355,0.5337468087673187,7514,394D447N,0
0.5495408773422241,0.9909587740898133,7788,446A,0
0.10964781045913696,0.29907914996147156,7962,499C527R,0
0.7800261378288269,1.0091306686401367,8367,ACE2_57H,0
0.004466831684112549,0.1889982581138611,7329,375Q455K,0
0.6309573650360107,0.3739227056503296,6937,338L501S,0
0.7926598191261292,0.8498641133308411,8218,ACE2_390P,0
0.9536240100860596,1.1040393590927124,8240,ACE2_401D,0
1.4483928680419922e-05,-0.23486382961273194,7345,377S506I,0
0.6606934666633606,0.7295100808143615,7895,474H,0
0.2238721251487732,0.6690718650817871,7357,379W386I,0
0.9168683290481567,0.9591913342475891,8283,ACE2_445I,0
0.5754399299621582,0.9553045630455017,6855,334L493L,0
0.7585775852203369,0.12275370359420776,7085,352Q366V,0
4.470348358154297e-05,0.20494707226753234,6838,333M415V457H508N,0
0.4466836154460907,0.957863712310791,7820,452S498N,0
0.06309574842453003,0.009181725978851318,7179,364A420W,0
0.3388441801071167,0.4228142201900482,7278,370Y424R,0
0.7022590637207031,0.7577869117259979,8071,ACE2_28G,0
0.6972565650939941,0.519540798664093,8072,ACE2_28H,0
1.4483928680419922e-05,0.15941547155380248,7556,404V500V,0
1.7404556274414062e-05,-0.2696401119232178,7735,432A476I,0
0.3388441801071167,0.23507091999053956,7486,391L471W,0
0.5888437032699585,0.5172325432300567,7863,465H,0
1.7404556274414062e-05,0.25150367617607117,7350,379G423F,0
0.6309573650360107,0.35802129507064817,7790,446K470S,0
0.8912509679794312,0.957700788974762,7159,362E,0
0.7102856636047363,0.716768229007721,8303,ACE2_48L,0
0.3162277638912201,0.3906293213367462,7197,365V377L,0
0.03548133373260498,0.22865779399871827,7592,414M423M,0
0.8962966799736023,0.8585526704788208,8405,ACE2_68I,0
0.00013184547424316406,0.3255904495716095,7977,510H,0
0.9560174942016602,0.9438157081604004,8362,ACE2_56D,0
0.9476696848869324,0.9764222025871276,8057,ACE2_273H,0
0.9917560815811157,1.0055230855941772,8410,ACE2_71D,0
0.0004786252975463867,0.8938997983932495,7580,412N,0
0.40738028287887573,0.5764593124389649,7793,448E,0
0.003467381000518799,-0.1559882402420044,6909,336K496V,0
1.4483928680419922e-05,0.3373623967170715,7741,433H484S,0
0.006309568881988525,0.43236947655677793,7353,379I469G,0
1.7821788787841797e-05,0.14646549224853517,7551,402P445L465Q,0
0.7943282723426819,1.2891554594039918,7524,394V452N,0
0.056234121322631836,0.17258937954902648,6976,340F437S,0
0.8128305077552795,0.7577670216560364,6956,339L481S527R,0
1.7404556274414062e-05,0.9692451596260071,7315,374L433W,0
0.002187788486480713,-0.06047271490097046,7864,466C505M,0
0.7494118213653564,0.9436471223831177,8277,ACE2_442I,0
1.7404556274414062e-05,-0.16295573711395264,7544,399R413S466T,0
0.7195248007774353,0.8496904492378234,8077,ACE2_29T,0
0.016218125820159912,0.20504981875419617,7292,371R449I,0
0.0007079839706420898,0.23081959486007692,7984,513D,0
4.470348358154297e-05,-0.11563076972961425,7492,391Q398V479D,0
6.61015510559082e-05,0.33030353784561156,7700,427R436N,0
0.4570882022380829,0.5379092276096344,7302,372S458T,0
0.13489627838134766,0.3499126672744751,6933,338A367K,0
0.00537031888961792,0.37811578512191774,7867,467M,0
0.0003802180290222168,0.15096291303634643,7757,437L468R,0
7.2479248046875e-05,0.05087445974349976,7751,436C461F493E,0
3.629922866821289e-05,-0.12885801792144774,7742,433P455Q,0
0.9419335126876831,0.9663568615913392,8346,ACE2_514S,0
1.7404556274414062e-05,-0.12201725244522095,7740,433H474L,0
6.61015510559082e-05,0.28865737915039064,7086,352S430P,0
0.5128613710403442,0.6716395020484924,7310,374A,0
1.7404556274414062e-05,0.23595042228698732,7146,360S497T,0
0.7161434292793274,0.8684386610984802,6978,340K386Q,0
0.7421702146530151,0.7326878905296326,8193,ACE2_37W,0
0.3715352416038513,0.4155586242675781,6931,337S508N,0
0.2691534757614136,0.14768333435058595,7366,381H496N,0
0.8790749311447144,1.1037984848022462,8079,ACE2_30M,0
0.08511382341384888,0.295219749212265,7266,369V512S,0
1.4483928680419922e-05,-0.03808550834655762,7614,416K500E509F,0
0.9338994026184082,1.0514276266098022,8412,ACE2_71M,0
3.546476364135742e-05,0.2676954805850983,7737,432T,0
0.7807967662811279,0.8668421626091003,8139,ACE2_352W,0
0.04265797138214111,0.20532591342926027,7462,389I449R,0
1.4483928680419922e-05,0.3813836991786957,7221,367C505P,0
1.4483928680419922e-05,0.3314763307571411,7377,381Y433F,0
0.30902954936027527,0.4735853672027588,6947,339C482D,0
0.9699031710624695,0.9906909346580506,8182,ACE2_371M,0
0.7132259607315063,0.9381869435310364,8153,ACE2_355W,0
0.0008710026741027832,0.4534681081771851,6847,333Y412F,0
0.996025562286377,0.9466260313987732,8268,ACE2_441C,0
0.747719943523407,0.9023319482803345,8031,ACE2_22R,0
0.03235936164855957,-0.1508497953414917,7650,420N436E,0
2.1398067474365234e-05,-0.006667697429656982,7619,416R485F,0
0.8176376819610596,1.3985629081726074,8087,ACE2_324Y,0
4.470348358154297e-05,-0.07575020790100098,7396,384I402E449L464R506L,0
1.7404556274414062e-05,-0.00841442346572876,7499,392G437I,0
0.6456542611122131,0.6237069129943847,7235,367N450L,0
0.99653160572052,0.9995299100875854,8015,ACE2_20A,0
0.830714762210846,1.1998933672904968,8103,ACE2_33M,0
0.23988330364227295,0.45077158212661744,7309,373V426H,0
0.0006309747695922852,0.552862161397934,7981,511W,0
5.7578086853027344e-05,-0.0021669626235961913,7687,425T496Y,0
0.7083891034126282,1.102052927017212,8163,ACE2_357Y,0
0.2754228711128235,0.7600450992584229,6861,334S339P387I,0
1.4483928680419922e-05,-0.07569384574890137,7541,398V473R,0
1.4483928680419922e-05,0.3324552714824677,7672,424C509T520T,0
1.4483928680419922e-05,-0.18963072299957276,7154,361W461Q503S,0
0.01479107141494751,0.047301864624023436,6991,341L511Y,0
1.4483928680419922e-05,0.18794108629226686,7681,425E437H,0
0.8709635734558105,0.6046164155006408,7320,374Y,0
0.00015848875045776367,0.3464347004890442,7526,394Y416F,0
0.008511364459991455,0.6413057446479797,7880,471H487T,0
0.15848934650421143,0.7831074595451355,7035,345Y394D481R,0
0.5495408773422241,0.4159819662570953,7016,344E,0
0.9101057648658752,1.029009997844696,8315,ACE2_505T,0
0.117489755153656,1.0631707072257996,7067,349K384A,0
0.7228707671165466,0.8068621277809143,8300,ACE2_48C,0
0.15848934650421143,0.15303140878677368,7745,434H445L,0
0.8622820377349854,1.022257423400879,8170,ACE2_366P,0
1.4483928680419922e-05,-0.1573020339012146,7352,379H449V,0
0.051286160945892334,0.22436584234237672,7678,424V458L,0
0.7587836980819702,1.0164820909500123,8489,ACE2_96D,0
0.015488207340240479,-0.06687064170837402,7328,375M476W,0
0.8317638039588928,0.3916839838027954,7848,460V481L,0
0.9114061594009399,0.9987159609794617,8020,ACE2_20N,0
0.7279816269874573,1.2980323076248168,8081,ACE2_30W,0
0.19952625036239624,0.3156663179397583,6921,336Y,0
1.7404556274414062e-05,-0.12076877355575562,7616,416L502F,0
0.8317638039588928,0.8246519327163696,7444,386V479T,0
0.07943284511566162,0.0059666275978088375,7478,390V436V490S,0
8.511543273925781e-05,0.23630258440971375,7365,381F420S427L,0
1.7404556274414062e-05,-0.8411664843559266,7150,361P381R435I443P452F,0
0.7762471437454224,0.5034093141555787,7380,382T,0
0.4466836154460907,0.19879672527313233,7174,363V377V481K,0
0.8673118948936462,0.940292239189148,8065,ACE2_277I,0
0.2951209545135498,0.972907543182373,8002,524D,0
0.8693028092384338,1.0052734851837157,8166,ACE2_366E,0
0.1023293137550354,0.2333763360977173,7941,490I503L,0
0.4466836154460907,0.7874907732009888,7008,343T,0
4.369020462036133e-05,0.08910847902297973,7137,358Q390G430S,0
1.7404556274414062e-05,0.21069198846817017,7690,426D457G521R,0
0.6165950298309326,0.7861880779266357,7336,376S394S481W,0
1.4483928680419922e-05,-0.504612123966217,7172,363N411P470V,0
1.4483928680419922e-05,0.01166473627090454,7685,425P458W,0
0.8208497166633606,0.9647406220436097,8019,ACE2_20M,0
1.7404556274414062e-05,0.3101684808731079,7894,473S509H,0
0.6606934666633606,0.6485789179801941,7378,382I411G,0
0.2951209545135498,0.8203737258911132,7280,371A494W,0
0.006760835647583008,1.0389837384223939,7291,371Q448P,0
1.4483928680419922e-05,-0.1486598014831543,7767,440L497I,0
0.8142726421356201,1.0370140314102172,8119,ACE2_346Y,0
1.4483928680419922e-05,0.08819810152053834,7474,390E422E,0
0.0912010669708252,0.16042786240577697,6911,336R393E,0
0.2238721251487732,0.36420451402664183,7322,375D469I,0
1.4483928680419922e-05,-0.19040687084198,7901,476T497L,0
0.027542293071746826,0.4034428000450134,7104,355A459T,0
0.012161850929260254,0.5406108796596527,7161,362G484Y,0
0.3630780577659607,0.6909201085567475,7500,392G441A,0
0.028510212898254395,0.3151564121246338,7160,362G407R,0
0.2290867567062378,0.6747074842453002,7040,346F376R455A,0
0.7690801620483398,0.9851124286651611,8494,ACE2_96T,0
0.7792395949363708,1.0391212701797485,8219,ACE2_390Q,0
5.7578086853027344e-05,-0.027413856983184815,7094,353Q469Y,0
0.10964781045913696,0.3488064169883728,7327,375L479L,0
0.03311312198638916,0.03459705114364624,7774,442L,0
0.9756002426147461,0.9317147135734558,8234,ACE2_398S,0
1.7404556274414062e-05,0.19570804834365846,7136,358P441S,0
0.9384105801582336,0.8744125247001648,8310,ACE2_504R,0
2.1398067474365234e-05,-0.6258853554725647,7089,353E365P488Y,0
0.8317638039588928,0.4428315281867981,7921,481F,0
1.7404556274414062e-05,0.21523066759109497,7279,371A422L,0
0.908979594707489,0.9846576094627381,8356,ACE2_518V,0
0.00363081693649292,0.47623271942138673,6919,336T426R,0
0.06165951490402222,0.6733463644981384,7947,492N,0
0.7740992903709412,0.8080678224563599,8372,ACE2_59P,0
0.8960095643997192,0.9245905637741089,8394,ACE2_64W,0
0.6165950298309326,0.5642639398574829,6904,335Y345A,0
0.9936988353729248,0.9425312995910644,8311,ACE2_504S,0
1.4483928680419922e-05,-0.21152162551879883,7748,435E449T,0
1.4483928680419922e-05,0.3073200941085815,7729,431C526K,0
1.4483928680419922e-05,-0.22128524780273437,7314,374H383H417N429V482S,0
0.9649375081062317,0.9688860774040222,8269,ACE2_441D,0
0.12302690744400024,0.20584684014320373,7591,414L486L,0
0.8912509679794312,-0.005302608013153076,7809,451C493V,0
0.7185750603675842,0.8760038793087006,8257,ACE2_41E,0
0.750896155834198,1.0800447702407836,8144,ACE2_353Y,0
0.23988330364227295,0.26982309818267824,7713,428T504E,0
3.802776336669922e-05,-0.27702698707580564,7026,344Y379V436Q,0
1.4483928680419922e-05,0.24967775344848633,7019,344L380R385A,0
0.5128613710403442,0.640195655822754,7648,420H,0
0.10715192556381226,0.5110664010047913,7355,379M,0
0.002398848533630371,0.16107192039489746,7028,345F447P,0
1.7404556274414062e-05,-0.3135338664054871,6998,342M389V422L486D,0
0.9211893081665039,1.026189661026001,8180,ACE2_370R,0
0.03981071710586548,0.5003648936748505,7285,371L454K,0
0.00018197298049926758,0.5848759949207306,7068,349R430E,0
0.7848153710365295,0.8462181448936462,8025,ACE2_21F,0
0.676082968711853,0.8154528379440308,7587,413R478V,0
1.4483928680419922e-05,-0.20780564546585084,7494,391R422M434T441K,0
0.010715186595916748,0.3749205768108368,7452,388I449W,0
0.00275421142578125,0.26002525091171264,7674,424E,0
0.051286160945892334,0.2715322256088257,7660,421M484I,0
1.817941665649414e-05,0.27881306409835815,6967,339V502C,0
1.4483928680419922e-05,0.3411332368850708,7360,380N479Q502A,0
0.6852560639381409,0.920392644405365,8302,ACE2_48F,0
0.7079458236694336,0.3883401930332184,7282,371F433I,0
0.9978951215744019,0.9826815128326416,8280,ACE2_445A,0
0.003019988536834717,0.44280102849006653,7828,455K478L522V,0
1.4483928680419922e-05,0.235637891292572,7582,412V425R503T,0
4.172325134277344e-05,0.23116549253463745,7676,424M502M,0
0.0038904547691345215,0.2272731065750122,7561,407H460A,0
0.9549925923347473,0.749250841140747,7371,381N,0
0.9485317468643188,0.999306857585907,8312,ACE2_505C,0
0.9990249276161194,1.0306609630584718,8231,ACE2_394V,0
0.7079458236694336,0.5198944449424744,7274,370T376M,0
0.7762471437454224,0.4102222740650177,7114,356Q381N427I,0
0.7956119179725647,0.9780709743499756,8023,ACE2_21A,0
0.002398848533630371,0.028411352634429933,6910,336L463D,0
4.571676254272461e-05,0.23804896473884582,7446,387I442M,0
0.7098071575164795,1.033927845954895,8447,ACE2_79C,0
0.860073983669281,1.0123347997665406,8181,ACE2_370S,0
0.00015848875045776367,0.0640291452407837,7853,462F495K,0
0.004365146160125732,-0.06577221155166627,6835,333K417E451N,0
1.7404556274414062e-05,1.0897987365722657,7739,433F448A,0
0.006456553936004639,0.39161388874053954,7043,346K373R420S509T,0
1.4483928680419922e-05,0.12190207242965698,7708,428M497G,0
1.7404556274414062e-05,0.30455225706100464,7725,430P505A,0
0.9639723896980286,0.9850051283836365,8056,ACE2_273G,0
0.9163202047348022,0.9700395703315735,8121,ACE2_347W,0
1.7404556274414062e-05,0.23701359033584596,7622,416V428L,0
0.0005128979682922363,0.6640915513038635,7919,480D,0
1.7404556274414062e-05,0.616824460029602,7364,381E452P522V,0
1.7404556274414062e-05,-0.04361646175384522,6986,341E487M,0
0.9106127023696899,1.0145928740501404,8035,ACE2_23P,0
1.4483928680419922e-05,0.26098729968070983,6936,338L488V,0
0.23988330364227295,0.3799754500389099,7933,486K,0
4.8995018005371094e-05,-0.10713797807693481,7775,442L508G,0
0.13803845643997192,0.26201426386833193,7897,475R,0
0.044668376445770264,0.24676966667175293,7009,343T413V458E,0
1.7404556274414062e-05,0.05415165424346924,7686,425R495A,0
0.7462149858474731,0.8811232686042786,8200,ACE2_382W,0
0.8912509679794312,0.926435649394989,7770,440P,0
5.888938903808594e-05,0.39670960903167723,7510,393L487V,0
0.0008511543273925781,0.5984599351882934,7583,412V469C,0
0.12302690744400024,0.3790497839450836,6873,335G395H,0
0.8401194214820862,0.9325242280960083,8369,ACE2_57Y,0
0.9003450274467468,0.8856572985649109,8243,ACE2_402Y,0
0.1023293137550354,0.5035712838172912,7909,478A492T,0
0.056234121322631836,0.4782228648662567,7185,364T479W,0
0.08912509679794312,0.6873134970664978,7837,458N472W,0
0.8128305077552795,0.20555480122566222,7168,363C381R,0
0.8128305077552795,0.6787167966365815,7606,415N427L,0
0.8113865256309509,0.9697391748428345,8130,ACE2_350R,0
0.7554749250411987,0.6203458070755005,8073,ACE2_28I,0
0.7222030758857727,0.8944366693496704,8194,ACE2_37Y,0
0.7421289682388306,0.74181227684021,8224,ACE2_393P,0
0.8035567402839661,0.8490535259246826,8190,ACE2_37L,0
1.7404556274414062e-05,0.09529796242713928,7090,353E384G403A,0
0.040738046169281006,0.29736760854721067,7538,398M,0
0.7413102388381958,0.7712002158164978,7882,471T479L,0
0.8511380553245544,0.6004452586174012,6846,333Y,0
0.0046773552894592285,0.29172717928886416,7955,496E,0
0.07585775852203369,0.41763333082199094,7795,448L458H,0
1.4483928680419922e-05,0.15786757469177246,7162,362K430P458N486R,0
0.09549927711486816,0.6973383486270904,7376,381T450Y,0
0.9371374845504761,0.8353659272193908,8398,ACE2_67G,0
1.4483928680419922e-05,0.17218292951583863,6987,341H398F,0
0.8733506202697754,0.9927433729171753,8349,ACE2_515C,0
1.8417835235595703e-05,0.046530616283416745,7358,380A451P,0
0.787101686000824,0.8459927916526795,8456,ACE2_83S,0
0.007079482078552246,0.06534111499786377,6980,340M449I,0
0.997166097164154,1.0418190479278564,8486,ACE2_95T,0
0.9249587059020996,0.948158073425293,8060,ACE2_273W,0
0.7013726234436035,0.9100260019302369,8323,ACE2_50K,0
0.8917357325553894,1.001092267036438,8178,ACE2_370G,0
0.9379441738128662,0.9868537306785583,8059,ACE2_273S,0
0.07762473821640015,0.38151986598968507,7369,381L485R,0
0.0002238750457763672,-0.12918827533721924,7572,411K515S,0
0.020417392253875732,-0.17783275842666627,6939,338R348G352D,0
0.19498449563980103,0.8322026133537292,7937,486T,0
1.7404556274414062e-05,0.5087455868721008,7250,368T378P,0
0.8511380553245544,0.46590945720672605,6895,335R373W,0
1.7404556274414062e-05,0.1642167329788208,7570,410V454T,0
0.9871252775192261,0.8209867954254151,8222,ACE2_393C,0
0.8023078441619873,1.0550057232379912,8040,ACE2_24W,0
1.7404556274414062e-05,0.4165906310081482,7906,477N500L505P,0
0.40738028287887573,0.14869086742401122,7987,515G,0
0.005248069763183594,0.07145360708236695,7181,364I436K452V,0
0.301995187997818,0.387656569480896,7658,421K,0
0.47863009572029114,0.3531446635723114,7652,420S481S,0
0.971887469291687,0.9352054715156555,8338,ACE2_511M,0
0.40738028287887573,0.3568658947944641,7655,420T460T,0
0.0060256123542785645,0.056639242172241214,7348,378Q403I,0
0.2187761664390564,0.2138246238231659,7753,436Q,0
1.4483928680419922e-05,0.14731279611587525,7749,435G473E479L,0
0.0003235936164855957,0.1830793499946594,7553,403F,0
0.4677351415157318,0.7131985068321228,7508,393D498S,0
0.4466836154460907,0.9020158290863037,7147,360T,0
1.7404556274414062e-05,0.3023368179798126,7075,350Q445S478H,0
1.4483928680419922e-05,0.26431151628494265,7106,355L386Y,0
0.02570396661758423,0.2932624638080597,7934,486N504S,0
0.008317649364471436,0.6609579920768738,7261,369I476V,0
0.117489755153656,1.1354840517044067,7417,385R448S,0
0.9431438446044922,0.9848538756370544,8117,ACE2_346Q,0
1.4483928680419922e-05,0.056222736835479736,7615,416L482V,0
1.7404556274414062e-05,0.24494717121124268,7007,343S368R498D,0
0.0831763744354248,0.4656158685684204,7973,503T,0
0.15488165616989136,0.4102763533592224,7178,364A387Q,0
0.4168694019317627,0.5068321704864502,7003,343A,0
0.022387206554412842,0.4987319052219391,7362,380V485R,0
0.5754399299621582,0.9515363931655884,7512,393Y430R,0
0.7670775055885315,0.870332682132721,8221,ACE2_390W,0
2.8848648071289062e-05,0.09353516697883606,7105,355K403P,0
0.023442327976226807,0.20109713673591614,7151,361R401T,0
0.006760835647583008,0.269635945558548,7227,367F496D,0
0.9527865052223206,0.8779624938964844,8359,ACE2_51R,0
0.7310730218887329,1.7305691838264465,8082,ACE2_31A,0
0.051286160945892334,0.895324981212616,6899,335T487S,0
0.3981071710586548,0.27684545516967773,6888,335P399F,0
0.007413089275360107,-0.002656662464141846,6932,337V421S,0
1.7404556274414062e-05,-0.14737486839294434,7784,444V504R512Y,0
1.817941665649414e-05,-0.052974534034729,7070,350K410N,0
0.9913142323493958,0.7933758020401,8239,ACE2_39W,0
0.0018197298049926758,0.27879359722137453,6906,336D367S448L,0
0.2290867567062378,0.48846221566200254,7108,355T,0
0.8993925452232361,0.9953678369522094,8319,ACE2_509T,0
0.8111165165901184,1.0225722551345826,8480,ACE2_93K,0
0.8695454001426697,0.8487815976142883,8354,ACE2_518F,0
0.9490248560905457,1.002108871936798,8248,ACE2_406R,0
0.85919189453125,0.8597932696342468,8368,ACE2_57S,0
0.7066104412078857,0.8618589520454407,8214,ACE2_38R,0
1.4483928680419922e-05,0.3616723954677582,7732,431S495H,0
0.00870966911315918,0.1343371868133545,7800,449L470G,0
0.9386084079742432,0.9300972104072571,8235,ACE2_398T,0
0.18620872497558594,0.23401145935058593,6961,339P377T,0
0.30902954936027527,0.6182537078857422,7010,343T444W,0
0.02570396661758423,0.5999935507774353,6990,341I458C,0
0.004570901393890381,0.2345837116241455,7865,466T482V,0
0.7317894101142883,0.8786717057228088,8307,ACE2_49R,0
0.9636490345001221,0.9064014434814454,8064,ACE2_276W,0
0.7989303469657898,0.9346550583839417,8364,ACE2_57C,0
0.6980518102645874,0.7737523436546325,8150,ACE2_355I,0
0.05754399299621582,0.8188649415969849,7960,498V,0
0.7628183960914612,0.9729629039764405,8054,ACE2_273D,0
0.7860429286956787,1.1235395073890686,8491,ACE2_96G,0
0.0005623698234558105,0.3939582645893097,7881,471Q505D,0
0.7117920517921448,1.3887883305549622,8426,ACE2_73P,0
0.3467368483543396,0.9094690680503845,7180,364E458A,0
0.2238721251487732,0.4941953897476196,6996,341Y,0
8.320808410644531e-05,0.5450219571590423,7125,357M487I,0
0.007079482078552246,0.47054139375686643,7940,489V,0
2.8848648071289062e-05,0.5423745691776276,7889,472Y506W,0
1.0,0.9907514929771424,8154,ACE2_356F,0
1.0,0.9907514929771424,7912,478T,0
1.0,1.09426007270813,7927,483H,0
1.0,0.9907514929771424,8142,ACE2_353K,0
1.0,0.9907514929771424,8424,ACE2_73L,0
1.0,0.710452139377594,6843,333S373L,0
1.0,0.9907514929771424,7985,513L,0
1.0,0.9907514929771424,8430,ACE2_74K,0
1.0,0.9907514929771424,7755,436W,0
1.0,0.9907514929771424,7058,348A,0
1.0,1.027765440940857,7223,367E376M,0
1.0,0.9907514929771424,8110,ACE2_345H,0
1.0,1.105738878250122,7406,385D394P,0
1.0,0.8975023746490478,7942,490R520H,0
1.0,0.9557315468788147,6893,335Q349P373L391S493A,0
1.0,0.09334424138069153,7044,346L373H439L,0
1.0,0.9907514929771424,7695,427D,0
1.0,0.7335066556930542,7603,415L452S,0
1.0,0.9907514929771424,6995,341V,0
1.0,0.9907514929771424,7635,418I,0
1.0,1.0504754543304444,7822,452V520P,0
1.0,0.9907514929771424,7423,385T,0
1.0,0.9907514929771424,8003,524V,0
1.0,0.9907514929771424,8195,ACE2_382D,0
1.0,0.15971435308456422,6973,340A453L,0
1.0,0.894419527053833,7516,394F503L,0
1.0,1.0079450011253357,7038,346E,0
1.0,0.9909481763839721,7996,521D,0
1.0,0.9907514929771424,8188,ACE2_378H,0
1.0,0.9907514929771424,8146,ACE2_354G,0
1.0,0.9907514929771424,8355,ACE2_518R,0
1.0,0.7583020091056824,7789,446D459A,0
1.0,1.028427278995514,7990,518C,0
1.0,0.8436357259750367,7997,522G,0
1.0,0.5070144295692444,7904,477F481K,0
1.0,0.20745704174041749,6831,333H420N,0
1.0,0.9907514929771424,7131,358I,0
1.0,0.9056092262268066,7803,450A,0
1.0,0.48495262265205386,7334,376L385L,0
1.0,0.9907514929771424,8379,ACE2_61N,0
1.0,0.8482158780097961,7991,518Q,0
1.0,0.9907514929771424,7918,480C,0
1.0,0.9907514929771424,7807,450N,0
1.0,0.9907514929771424,7769,440N,0
1.0,0.6435108840465545,6974,340D392I,0
1.0,0.9907514929771424,8273,ACE2_441K,0
1.0,0.9907514929771424,7975,506Q,0
1.0,0.6835161685943604,7132,358L,0
1.0,1.1157719850540162,7259,369I376S,0
1.0,0.7732242226600647,7430,386H490R,0
1.0,1.142246699333191,7966,501M,0
1.0,0.9907514929771424,7884,472I,0
1.0,0.7669862985610962,7999,522N,0
1.0,0.8874901711940766,7116,356R430M483E,0
1.0,0.9907514929771424,7340,377F,0
1.0,0.8986817479133606,7410,385G478K,0
1.0,0.9907514929771424,7267,369Y,0
1.0,0.9907514929771424,8069,ACE2_27T,0
1.0,0.9907514929771424,8084,ACE2_31K,0
1.0,0.9907514929771424,7201,365Y,0
1.0,0.9907514929771424,7166,362V,0
1.0,0.6807141065597534,7504,392M478S,0
1.0,0.545671409368515,6875,335K366L,0
1.0,0.9907514929771424,8185,ACE2_374H,0
1.0,1.1977267026901246,7243,367S415S,0
1.0,1.1247652649879456,7219,367A469K,0
1.0,1.0925045490264893,7993,519G,0
1.0,0.9907514929771424,8390,ACE2_63N,0
1.0,0.800718629360199,7425,385Y,0
1.0,0.817441439628601,7727,430Y,0
1.0,0.9907514929771424,8078,ACE2_30D,0
1.0,0.9907514929771424,8230,ACE2_394N,0
1.0,0.9907514929771424,8464,ACE2_89Q,0
1.0,0.9907514929771424,7558,406E,0
1.0,0.4354993224143982,7209,366G375N,0
1.0,0.6987369656562805,6858,334R,0
1.0,0.6114293277263642,7426,385Y503F,0
1.0,0.9907514929771424,8049,ACE2_26K,0
1.0,-0.33301242589950564,6985,341D374P443D450F499S,0
1.0,0.9907514929771424,8209,ACE2_389P,0
1.0,-0.6526812791824341,7024,344V364M378Q407H413Y435R,0
1.0,0.9907514929771424,7531,395V,0
1.0,0.9907514929771424,7872,468I,0
1.0,0.9907514929771424,8009,ACE2_102Q,0
1.0,0.9907514929771424,8483,ACE2_95L,0
1.0,1.1027730226516723,7268,370E,0
1.0,0.9907514929771424,7964,499P,0
1.0,0.9907514929771424,7078,351Y,0
1.0,0.9907514929771424,7099,354N,0
1.0,0.9907514929771424,7048,346R,0
1.0,0.9907514929771424,8294,ACE2_46A,0
1.0,0.9907514929771424,7746,434I,0
1.0,1.2976294040679932,7121,357K450K,0
1.0,0.9954761505126953,7055,346Y452M458L,0
1.0,0.9907514929771424,7567,408R,0
1.0,0.252022910118103,7275,370T376Y,0
1.0,0.9907514929771424,8305,ACE2_48W,0
1.0,0.9907514929771424,8365,ACE2_57E,0
1.0,1.153831958770752,6871,335E367R,0
1.0,0.8246964931488037,8000,523H,0
1.0,0.9907514929771424,7549,402I,0
1.0,1.218521821498871,7301,372R394V,0
1.0,0.9907514929771424,7862,465E,0
1.0,0.9907514929771424,7743,433V,0
1.0,0.9907514929771424,7645,420D,0
1.0,1.0546519041061402,7420,385S415K,0
1.0,0.7894335865974427,7768,440M,0
1.0,0.9907514929771424,7956,496G,0
1.0,0.9907514929771424,7107,355R,0
1.0,0.9907514929771424,8345,ACE2_514R,0
1.0,0.9907514929771424,7453,388N,0
1.0,1.1334272146224975,7443,386T527M,0
