1.000000000000000000e+00,9.911047816276550293e-01
1.000000000000000000e+00,8.894187808036804199e-01
1.000000000000000000e+00,1.061926960945129395e+00
1.000000000000000000e+00,5.468074083328247070e-01
1.000000000000000000e+00,1.087268114089965820e+00
1.023293018341064453e+00,7.010321021080017090e-01
1.023293018341064453e+00,1.048438787460327148e+00
1.096478223800659180e+00,1.254441738128662109e+00
1.023293018341064453e+00,1.213287711143493652e-01
1.348962903022766113e+00,1.201887607574462891e+00
1.082001566886901855e+00,1.159790754318237305e+00
1.148153662681579590e+00,2.595571875572204590e-01
2.568274974822998047e+00,1.570786952972412109e+00
1.288249492645263672e+00,1.132669925689697266e+00
1.348962903022766113e+00,1.324428319931030273e+00
1.096478223800659180e+00,5.340542793273925781e-01
1.548816680908203125e+00,1.105805993080139160e+00
1.348962903022766113e+00,5.855298042297363281e-01
1.023293018341064453e+00,8.402135372161865234e-01
2.108918905258178711e+00,1.156844139099121094e+00
3.311311244964599609e+00,6.919106841087341309e-01
2.002974271774291992e+00,1.649891614913940430e+00
1.080794811248779297e+00,8.398925065994262695e-01
1.056310176849365234e+00,1.127124071121215820e+00
1.174897551536560059e+00,1.042317032814025879e+00
1.013346076011657715e+00,9.612872600555419922e-01
2.998515367507934570e+00,1.151535391807556152e+00
2.963892936706542969e+00,1.066420674324035645e+00
1.047128558158874512e+00,1.155953168869018555e+00
1.023293018341064453e+00,1.450610876083374023e+00
1.096478223800659180e+00,8.295885324478149414e-01
1.359645962715148926e+00,9.023383259773254395e-01
3.405436277389526367e+00,1.096372842788696289e+00
1.445439815521240234e+00,1.167266368865966797e+00
1.042133212089538574e+00,1.153836011886596680e+00
1.109174847602844238e+00,1.046744108200073242e+00
1.023293018341064453e+00,7.627511620521545410e-01
1.148153662681579590e+00,9.962408542633056641e-01
1.096478223800659180e+00,5.721528530120849609e-01
1.106108427047729492e+00,1.128299236297607422e+00
1.071519374847412109e+00,4.441308975219726562e-01
1.090286850929260254e+00,9.203766584396362305e-01
1.047128558158874512e+00,1.490422725677490234e+00
1.096478223800659180e+00,1.214404582977294922e+00
1.348962903022766113e+00,1.394721269607543945e+00
1.055480599403381348e+00,9.306951761245727539e-01
1.380384206771850586e+00,1.152445673942565918e+00
1.047128558158874512e+00,1.051824569702148438e+00
1.165793418884277344e+00,1.009410977363586426e+00
2.744106531143188477e+00,1.283463120460510254e+00
1.174897551536560059e+00,7.533903121948242188e-01
1.071519374847412109e+00,9.013525247573852539e-01
1.013834357261657715e+00,1.031739950180053711e+00
1.071519374847412109e+00,5.606556534767150879e-01
1.054147481918334961e+00,8.337443470954895020e-01
1.109174847602844238e+00,6.835553050041198730e-01
1.071519374847412109e+00,8.803390860557556152e-01
1.307896137237548828e+00,1.101711988449096680e+00
1.328899383544921875e+00,1.006931066513061523e+00
1.047128558158874512e+00,1.050425529479980469e+00
2.910980939865112305e+00,1.260891675949096680e+00
1.023293018341064453e+00,8.989307284355163574e-01
1.096478223800659180e+00,7.361286878585815430e-02
1.148153662681579590e+00,1.101038455963134766e+00
1.119367480278015137e+00,9.678617715835571289e-01
1.023293018341064453e+00,7.641710042953491211e-01
1.174897551536560059e+00,1.165809154510498047e+00
1.026201248168945312e+00,1.059832096099853516e+00
1.023293018341064453e+00,1.022287726402282715e+00
3.250828266143798828e+00,6.254251003265380859e-01
1.285832881927490234e+00,1.127767443656921387e+00
1.548816680908203125e+00,1.299841165542602539e+00
1.023293018341064453e+00,1.248167753219604492e+00
1.023293018341064453e+00,9.322285652160644531e-01
1.273503065109252930e+00,2.490829229354858398e-01
1.023293018341064453e+00,4.109563231468200684e-01
1.071519374847412109e+00,1.093009710311889648e+00
1.348962903022766113e+00,1.134931087493896484e+00
1.122018456459045410e+00,1.029649615287780762e+00
1.096478223800659180e+00,6.226146221160888672e-01
1.389257431030273438e+00,6.957899928092956543e-01
1.445439815521240234e+00,3.137708306312561035e-01
1.083926916122436523e+00,3.717915415763854980e-01
1.071519374847412109e+00,8.446850776672363281e-01
1.479108333587646484e+00,1.066710472106933594e+00
1.737800836563110352e+00,1.350625991821289062e+00
1.223053932189941406e+00,8.639025092124938965e-01
1.023293018341064453e+00,1.085585713386535645e+00
1.122018456459045410e+00,8.783675432205200195e-01
1.244514584541320801e+00,1.211322069168090820e+00
1.258925437927246094e+00,5.620487928390502930e-01
1.084692358970642090e+00,9.587429165840148926e-01
1.230268716812133789e+00,1.151745319366455078e+00
1.905460834503173828e+00,1.646364092826843262e+00
2.072759866714477539e+00,1.053777933120727539e+00
1.949844598770141602e+00,5.279642343521118164e-01
1.023293018341064453e+00,1.116591215133666992e+00
1.148153662681579590e+00,1.061365604400634766e+00
1.023293018341064453e+00,1.145284891128540039e+00
1.380384206771850586e+00,6.560473442077636719e-01
1.023293018341064453e+00,9.945825338363647461e-01
1.023293018341064453e+00,7.999815940856933594e-01
1.025286197662353516e+00,9.741461277008056641e-01
1.071519374847412109e+00,1.037713766098022461e+00
1.174897551536560059e+00,1.313718080520629883e+00
1.071519374847412109e+00,1.152559518814086914e+00
1.038315534591674805e+00,9.376356005668640137e-01
1.380384206771850586e+00,1.178257703781127930e+00
1.174897551536560059e+00,1.865502834320068359e+00
1.258925437927246094e+00,6.872310638427734375e-01
1.364583134651184082e+00,1.234653949737548828e+00
1.047498345375061035e+00,1.457211494445800781e+00
1.066687941551208496e+00,9.824630022048950195e-01
1.047128558158874512e+00,1.259936094284057617e+00
1.122018456459045410e+00,9.412351250648498535e-01
1.205691695213317871e+00,1.245562076568603516e+00
1.071519374847412109e+00,7.337195873260498047e-01
1.079803943634033203e+00,8.269224762916564941e-01
1.014624595642089844e+00,1.085960388183593750e+00
1.402933001518249512e+00,9.922630786895751953e-01
1.023293018341064453e+00,6.458722352981567383e-01
1.122018456459045410e+00,4.868189692497253418e-01
1.047128558158874512e+00,1.112350821495056152e+00
1.096478223800659180e+00,5.400571823120117188e-01
1.096478223800659180e+00,1.365396499633789062e+00
1.126878619194030762e+00,9.814679026603698730e-01
1.002393007278442383e+00,1.093686580657958984e+00
1.326468706130981445e+00,1.337122917175292969e+00
1.288249492645263672e+00,9.156127572059631348e-01
1.122018456459045410e+00,1.137419700622558594e+00
1.290775775909423828e+00,8.508030772209167480e-01
1.202796936035156250e+00,8.634029030799865723e-01
1.080270409584045410e+00,9.458302259445190430e-01
1.061343193054199219e+00,8.802472352981567383e-01
1.071519374847412109e+00,6.080622673034667969e-01
1.096478223800659180e+00,6.801340579986572266e-01
1.318256735801696777e+00,8.006385564804077148e-01
1.096478223800659180e+00,2.754565477371215820e-01
1.047128558158874512e+00,6.208204627037048340e-01
1.047128558158874512e+00,1.025182723999023438e+00
1.318256735801696777e+00,9.595513343811035156e-02
1.148153662681579590e+00,9.991844892501831055e-01
1.778279423713684082e+00,6.944726705551147461e-01
1.348962903022766113e+00,1.256557226181030273e+00
1.130430221557617188e+00,8.320434093475341797e-01
1.115083456039428711e+00,1.053759813308715820e+00
1.071519374847412109e+00,8.467944264411926270e-01
1.071519374847412109e+00,9.786047935485839844e-01
1.151214480400085449e+00,8.534380197525024414e-01
1.023293018341064453e+00,9.470632076263427734e-01
1.148153662681579590e+00,6.366219520568847656e-01
1.835781097412109375e+00,2.187296152114868164e+00
1.188379406929016113e+00,9.654266834259033203e-01
1.071519374847412109e+00,4.766088128089904785e-01
1.348962903022766113e+00,4.642069339752197266e-01
1.230268716812133789e+00,7.120770812034606934e-01
1.167091965675354004e+00,9.617325067520141602e-01
1.011579513549804688e+00,5.863925218582153320e-01
1.122018456459045410e+00,1.126860618591308594e+00
1.355789661407470703e+00,8.983537554740905762e-01
1.048350334167480469e+00,1.014725208282470703e+00
1.023293018341064453e+00,9.780440330505371094e-01
1.258925437927246094e+00,1.135330438613891602e+00
1.007982611656188965e+00,8.380613327026367188e-01
1.202264428138732910e+00,6.442503929138183594e-01
1.052855730056762695e+00,9.532864093780517578e-01
1.039693951606750488e+00,9.850568771362304688e-01
1.174897551536560059e+00,7.151859402656555176e-01
1.047128558158874512e+00,1.260772943496704102e+00
3.016790390014648438e+00,1.243838548660278320e+00
1.071519374847412109e+00,1.038436174392700195e+00
1.118672370910644531e+00,8.281392455101013184e-01
1.479108333587646484e+00,1.086076736450195312e+00
1.023293018341064453e+00,1.151501178741455078e+00
1.023293018341064453e+00,1.248070001602172852e+00
1.330983519554138184e+00,1.214422702789306641e+00
1.032426834106445312e+00,1.089226961135864258e+00
1.071519374847412109e+00,2.557440996170043945e-01
1.513561248779296875e+00,1.147080421447753906e+00
1.023293018341064453e+00,7.719099521636962891e-01
1.004390954971313477e+00,9.764008522033691406e-01
1.123856067657470703e+00,1.005814909934997559e+00
1.202264428138732910e+00,8.630169034004211426e-01
2.137962102890014648e+00,7.333549261093139648e-01
2.089296102523803711e+00,1.493133306503295898e-01
1.047128558158874512e+00,1.095394492149353027e+00
1.023293018341064453e+00,1.129573225975036621e+00
1.023293018341064453e+00,1.177216291427612305e+00
1.023293018341064453e+00,1.074628591537475586e+00
1.075264453887939453e+00,9.457855224609375000e-01
1.071519374847412109e+00,1.079414606094360352e+00
1.412537574768066406e+00,4.546446204185485840e-01
1.174897551536560059e+00,1.022510528564453125e+00
1.885330915451049805e+00,1.890943765640258789e+00
1.146673083305358887e+00,1.033151626586914062e+00
1.122018456459045410e+00,4.481735229492187500e-01
2.358263015747070312e+00,1.207639932632446289e+00
1.096478223800659180e+00,3.079103827476501465e-01
1.047128558158874512e+00,1.365814208984375000e+00
1.096478223800659180e+00,1.065490484237670898e+00
3.451186656951904297e+00,9.406197071075439453e-01
1.118277072906494141e+00,8.422834873199462891e-01
1.066459536552429199e+00,1.013741374015808105e+00
1.053261518478393555e+00,9.957432746887207031e-01
1.225831270217895508e+00,1.969033956527709961e+00
1.036583781242370605e+00,9.115725159645080566e-01
1.381441831588745117e+00,9.275747537612915039e-01
1.071519374847412109e+00,7.630872726440429688e-01
3.404333353042602539e+00,9.190036058425903320e-01
1.017599105834960938e+00,9.812541007995605469e-01
1.071519374847412109e+00,3.781449794769287109e-01
1.258925437927246094e+00,1.362841129302978516e+00
1.778279423713684082e+00,1.286016464233398438e+00
1.226230382919311523e+00,9.804661273956298828e-01
1.047128558158874512e+00,9.508966207504272461e-01
1.023293018341064453e+00,1.008406162261962891e+00
1.010811924934387207e+00,1.151642680168151855e+00
1.202264428138732910e+00,4.239957332611083984e-01
1.047128558158874512e+00,1.060078620910644531e+00
1.185347080230712891e+00,1.772537231445312500e+00
1.096478223800659180e+00,7.360646128654479980e-01
1.018437147140502930e+00,9.841408133506774902e-01
1.174897551536560059e+00,1.131710529327392578e+00
2.023672580718994141e+00,1.298744678497314453e+00
1.174897551536560059e+00,1.068690180778503418e+00
2.932484149932861328e+00,1.427148580551147461e+00
1.081845998764038086e+00,9.401097893714904785e-01
1.479108333587646484e+00,6.363216638565063477e-01
1.122018456459045410e+00,7.287427186965942383e-01
1.118342041969299316e+00,1.229601860046386719e+00
1.096478223800659180e+00,6.358940601348876953e-01
1.122018456459045410e+00,1.342649936676025391e+00
1.031242609024047852e+00,8.923826813697814941e-01
1.122018456459045410e+00,9.376685023307800293e-01
1.139535307884216309e+00,1.003946304321289062e+00
1.003615498542785645e+00,8.580423593521118164e-01
1.023293018341064453e+00,6.343796849250793457e-01
1.023293018341064453e+00,1.231009721755981445e+00
1.047128558158874512e+00,1.014821887016296387e+00
1.202264428138732910e+00,1.106767416000366211e+00
1.096478223800659180e+00,1.069593191146850586e+00
1.148153662681579590e+00,8.108031749725341797e-01
1.064068198204040527e+00,8.778927922248840332e-01
1.411963701248168945e+00,8.884047269821166992e-01
1.148153662681579590e+00,8.300402760505676270e-01
3.937418222427368164e+00,9.443578720092773438e-01
1.380384206771850586e+00,9.634395837783813477e-01
1.314255595207214355e+00,8.393229246139526367e-01
1.288249492645263672e+00,5.913807749748229980e-01
1.148153662681579590e+00,9.255371093750000000e-01
1.288249492645263672e+00,1.120774984359741211e+00
1.037167191505432129e+00,9.948609471321105957e-01
1.027872443199157715e+00,1.000154972076416016e+00
1.025221586227416992e+00,8.739817142486572266e-01
1.004354715347290039e+00,1.054331421852111816e+00
1.631533980369567871e+00,8.890933394432067871e-01
1.047128558158874512e+00,4.786926507949829102e-01
1.071519374847412109e+00,1.135592341423034668e+00
1.078596353530883789e+00,9.333983063697814941e-01
1.071519374847412109e+00,1.618019342422485352e-01
1.148414850234985352e+00,9.822369813919067383e-01
1.071519374847412109e+00,8.074736595153808594e-01
1.348962903022766113e+00,1.195594787597656250e+00
1.071519374847412109e+00,4.532223939895629883e-01
1.202264428138732910e+00,7.799543142318725586e-01
1.034144043922424316e+00,9.137886166572570801e-01
1.216789007186889648e+00,8.436009287834167480e-01
1.479108333587646484e+00,1.018822073936462402e+00
1.056886434555053711e+00,1.013941168785095215e+00
1.047128558158874512e+00,8.949704170227050781e-01
1.105899810791015625e+00,1.140648841857910156e+00
1.104201078414916992e+00,1.014912366867065430e+00
1.230268716812133789e+00,1.096661329269409180e+00
1.842617273330688477e+00,1.106118917465209961e+00
1.148153662681579590e+00,1.414750933647155762e+00
1.096478223800659180e+00,1.171005010604858398e+00
1.513561248779296875e+00,9.949139952659606934e-01
1.015551805496215820e+00,9.883153438568115234e-01
1.047128558158874512e+00,9.990724325180053711e-01
1.045097112655639648e+00,9.343292713165283203e-01
1.548816680908203125e+00,1.724313139915466309e+00
1.023380875587463379e+00,1.048524856567382812e+00
1.096478223800659180e+00,7.581544518470764160e-01
1.230268716812133789e+00,5.747925043106079102e-01
1.148153662681579590e+00,1.121165752410888672e+00
1.230268716812133789e+00,1.336146712303161621e+00
1.047128558158874512e+00,4.704877734184265137e-01
1.258925437927246094e+00,9.026402831077575684e-01
1.030819416046142578e+00,9.559480547904968262e-01
1.174897551536560059e+00,3.204073905944824219e-01
1.096478223800659180e+00,1.124418735504150391e+00
1.192885279655456543e+00,1.077362060546875000e+00
1.079528689384460449e+00,9.248920679092407227e-01
1.047128558158874512e+00,8.069166541099548340e-01
1.065193176269531250e+00,9.660167694091796875e-01
1.967815160751342773e+00,1.229421973228454590e+00
1.258925437927246094e+00,5.684797763824462891e-01
1.202264428138732910e+00,8.435316085815429688e-01
1.047128558158874512e+00,1.072456955909729004e+00
1.067659854888916016e+00,8.522800803184509277e-01
1.380384206771850586e+00,5.493020415306091309e-01
1.202264428138732910e+00,8.793753981590270996e-01
1.047128558158874512e+00,9.943001270294189453e-01
1.023293018341064453e+00,7.841876745223999023e-01
1.047128558158874512e+00,9.753444194793701172e-01
1.594013929367065430e+00,9.438061714172363281e-01
1.031332612037658691e+00,9.858356714248657227e-01
1.165066242218017578e+00,1.008778810501098633e+00
1.258925437927246094e+00,1.249513149261474609e+00
1.096478223800659180e+00,6.026492118835449219e-01
1.237832188606262207e+00,1.134457826614379883e+00
1.773354649543762207e+00,1.140879392623901367e+00
1.148153662681579590e+00,1.042879343032836914e+00
1.122018456459045410e+00,1.067139387130737305e+00
1.302286863327026367e+00,9.129155278205871582e-01
1.071519374847412109e+00,1.052258729934692383e+00
1.148153662681579590e+00,1.023157715797424316e+00
1.096478223800659180e+00,1.092889666557312012e+00
1.621810197830200195e+00,8.268063664436340332e-01
1.202264428138732910e+00,7.127035856246948242e-01
1.288249492645263672e+00,-6.704848408699035645e-01
1.047128558158874512e+00,7.684594392776489258e-01
1.071519374847412109e+00,1.074011087417602539e+00
1.096478223800659180e+00,1.029876351356506348e+00
1.090556859970092773e+00,1.340417385101318359e+00
1.122018456459045410e+00,3.486303687095642090e-01
1.023293018341064453e+00,5.734202265739440918e-01
1.071519374847412109e+00,1.057926177978515625e+00
1.548816680908203125e+00,1.140093088150024414e+00
1.047128558158874512e+00,1.287189483642578125e+00
1.380384206771850586e+00,1.354625463485717773e+00
1.621810197830200195e+00,1.509563684463500977e+00
1.024273872375488281e+00,9.439554810523986816e-01
1.174897551536560059e+00,6.661013364791870117e-01
1.006278038024902344e+00,9.589968919754028320e-01
1.698243618011474609e+00,1.148539185523986816e+00
1.047128558158874512e+00,3.108850121498107910e-01
1.096478223800659180e+00,6.098895668983459473e-01
1.096478223800659180e+00,9.049321413040161133e-01
1.071519374847412109e+00,9.257606267929077148e-01
1.258925437927246094e+00,3.530195951461791992e-01
1.798870921134948730e+00,1.230224132537841797e+00
1.157297372817993164e+00,1.010454416275024414e+00
1.047128558158874512e+00,1.096090078353881836e+00
1.032761573791503906e+00,9.874398112297058105e-01
1.950072765350341797e+00,2.453435897827148438e+00
1.080367326736450195e+00,1.043877720832824707e+00
1.148153662681579590e+00,1.245165348052978516e+00
1.122018456459045410e+00,1.102466583251953125e-01
1.037051200866699219e+00,8.757947087287902832e-01
1.316835999488830566e+00,1.002223372459411621e+00
1.047128558158874512e+00,1.902875185012817383e+00
1.122018456459045410e+00,1.266753077507019043e+00
3.003726959228515625e+00,1.249938964843750000e+00
3.167576074600219727e+00,9.536566734313964844e-01
1.047128558158874512e+00,4.486528635025024414e-01
1.380384206771850586e+00,8.980219364166259766e-01
1.023293018341064453e+00,1.330018401145935059e+00
1.009981155395507812e+00,9.103386402130126953e-01
1.380384206771850586e+00,1.134303450584411621e+00
1.036527156829833984e+00,1.561876058578491211e+00
1.071519374847412109e+00,2.877823710441589355e-01
1.096478223800659180e+00,9.497454166412353516e-01
1.047128558158874512e+00,1.032046198844909668e+00
1.202264428138732910e+00,9.488373398780822754e-01
1.023293018341064453e+00,9.938507080078125000e-01
1.258925437927246094e+00,9.868189096450805664e-01
1.258925437927246094e+00,1.297052025794982910e+00
1.070006966590881348e+00,9.463974237442016602e-01
1.053443193435668945e+00,9.537382125854492188e-01
1.202264428138732910e+00,4.078004956245422363e-01
1.023821830749511719e+00,8.636064529418945312e-01
1.037965774536132812e+00,8.970546722412109375e-01
1.122018456459045410e+00,1.069832801818847656e+00
1.000667691230773926e+00,1.126511812210083008e+00
1.174897551536560059e+00,8.049983382225036621e-01
1.007281303405761719e+00,1.093512773513793945e+00
1.048524498939514160e+00,9.975301027297973633e-01
1.023293018341064453e+00,1.003269195556640625e+00
1.071519374847412109e+00,1.104583740234375000e+00
1.096478223800659180e+00,1.010785579681396484e+00
1.023293018341064453e+00,1.045087695121765137e+00
1.023293018341064453e+00,2.633550167083740234e-01
1.047128558158874512e+00,8.314429521560668945e-01
1.023293018341064453e+00,9.777405261993408203e-01
1.087097048759460449e+00,9.101030230522155762e-01
1.011580944061279297e+00,8.479243516921997070e-01
1.258925437927246094e+00,4.630768895149230957e-01
1.491699099540710449e+00,8.858717679977416992e-01
1.208343029022216797e+00,9.182476401329040527e-01
1.258925437927246094e+00,7.719243168830871582e-01
1.096478223800659180e+00,1.316622853279113770e+00
1.096478223800659180e+00,1.157388925552368164e+00
2.630268096923828125e+00,1.177468061447143555e+00
1.053375840187072754e+00,1.019785523414611816e+00
1.412537574768066406e+00,1.099446535110473633e+00
1.015782356262207031e+00,9.619798064231872559e-01
1.122018456459045410e+00,1.210253953933715820e+00
1.039039134979248047e+00,8.226534128189086914e-01
1.082297086715698242e+00,9.013656973838806152e-01
1.023293018341064453e+00,8.985508084297180176e-01
1.862087249755859375e+00,2.126156091690063477e-01
1.047128558158874512e+00,8.975738286972045898e-01
1.071519374847412109e+00,6.161311864852905273e-01
1.227295041084289551e+00,1.038809537887573242e+00
1.122018456459045410e+00,5.556005239486694336e-01
2.420839548110961914e+00,7.723495960235595703e-01
1.308337092399597168e+00,1.099398374557495117e+00
1.148153662681579590e+00,1.096523523330688477e+00
1.074670553207397461e+00,1.436719536781311035e+00
1.008447051048278809e+00,8.759974241256713867e-01
1.182268142700195312e+00,1.362817883491516113e+00
1.230268716812133789e+00,1.103155374526977539e+00
1.288249492645263672e+00,5.138607025146484375e-01
1.148153662681579590e+00,9.082550406455993652e-01
1.044549822807312012e+00,7.642717361450195312e-01
1.202264428138732910e+00,8.595088720321655273e-01
1.020350098609924316e+00,8.899080753326416016e-01
1.202264428138732910e+00,6.922684311866760254e-01
1.050125122070312500e+00,9.575995206832885742e-01
1.179010391235351562e+00,8.461930155754089355e-01
1.458529591560363770e+00,1.480870962142944336e+00
1.230268716812133789e+00,3.433363437652587891e-01
1.024958252906799316e+00,1.036433339118957520e+00
1.089953422546386719e+00,1.273205757141113281e+00
1.122018456459045410e+00,1.091853857040405273e+00
1.513561248779296875e+00,8.536420464515686035e-01
1.071519374847412109e+00,8.113962411880493164e-01
1.548816680908203125e+00,1.139560937881469727e+00
1.057394742965698242e+00,9.066631793975830078e-01
1.047128558158874512e+00,1.051164984703063965e+00
1.202264428138732910e+00,1.345752000808715820e+00
1.149583578109741211e+00,9.100421071052551270e-01
1.102663159370422363e+00,1.428348541259765625e+00
2.097690105438232422e+00,1.413485050201416016e+00
1.052436470985412598e+00,9.564673304557800293e-01
1.047128558158874512e+00,1.308781147003173828e+00
1.071519374847412109e+00,3.406023979187011719e-01
1.554322957992553711e+00,1.064070940017700195e+00
2.159379243850708008e+00,1.200809717178344727e+00
1.288249492645263672e+00,9.331442713737487793e-01
1.151789665222167969e+00,8.753062486648559570e-01
1.757923603057861328e+00,1.483326435089111328e+00
1.071519374847412109e+00,1.072703123092651367e+00
1.129434823989868164e+00,9.381165504455566406e-01
4.265795350074768066e-01,1.005513668060302734e-01
8.064861893653869629e-01,8.539149761199951172e-01
2.454708814620971680e-01,3.746553659439086914e-01
1.445440053939819336e-01,4.415006041526794434e-01
8.325050473213195801e-01,1.023578524589538574e+00
2.511888742446899414e-02,1.659746766090393066e-01
1.448392868041992188e-05,7.670466303825378418e-01
1.448392868041992188e-05,2.331635951995849609e-01
7.747735381126403809e-01,7.921519875526428223e-01
2.951209545135498047e-01,3.804666399955749512e-01
9.987136125564575195e-01,8.650131225585937500e-01
2.818382978439331055e-01,7.987437248229980469e-01
8.511380553245544434e-01,3.093252778053283691e-01
1.380384564399719238e-01,2.448849081993103027e-01
5.888438224792480469e-02,5.645602941513061523e-01
1.740455627441406250e-05,3.160636425018310547e-01
1.448392868041992188e-05,3.789312243461608887e-01
1.448392868041992188e-05,9.835237264633178711e-02
1.585483551025390625e-05,2.179791331291198730e-01
4.172325134277343750e-05,-1.576942205429077148e-02
1.448392868041992188e-05,6.420818567276000977e-01
1.448392868041992188e-05,2.191160917282104492e-01
1.448392868041992188e-05,-1.414858698844909668e-01
2.454708814620971680e-01,6.237493753433227539e-01
2.187788486480712891e-03,5.785834789276123047e-02
2.398836612701416016e-02,2.023653984069824219e-01
9.762119650840759277e-01,9.825632572174072266e-01
1.740455627441406250e-05,-5.883139371871948242e-02
2.398833036422729492e-01,5.605145692825317383e-01
7.282013893127441406e-01,8.273749947547912598e-01
2.290867567062377930e-01,9.442794322967529297e-02
7.798515558242797852e-01,8.582835793495178223e-01
3.311311304569244385e-01,4.283184409141540527e-01
8.912509679794311523e-01,1.027521848678588867e+00
9.549925923347473145e-01,1.165826559066772461e+00
4.570882022380828857e-01,4.661364555358886719e-01
5.821032524108886719e-01,8.010961413383483887e-01
1.448392868041992188e-05,-1.719887852668762207e-01
1.479107141494750977e-02,2.091156244277954102e-01
9.943349957466125488e-01,1.005991935729980469e+00
7.585775852203369141e-01,4.493762254714965820e-01
1.819701194763183594e-01,5.558690428733825684e-01
2.754228711128234863e-01,4.476585984230041504e-01
6.606936454772949219e-03,3.470939993858337402e-01
8.061453700065612793e-01,8.726667761802673340e-01
5.128613710403442383e-01,7.175909280776977539e-01
8.709635734558105469e-01,3.668098449707031250e-01
3.981071710586547852e-02,5.840916633605957031e-01
3.548145294189453125e-03,1.650865077972412109e-01
8.317637443542480469e-02,3.999165296554565430e-01
8.709635734558105469e-01,5.199972987174987793e-01
5.623413324356079102e-01,4.875786304473876953e-01
3.235936164855957031e-04,2.921072244644165039e-01
9.517175555229187012e-01,8.204610943794250488e-01
9.901004433631896973e-01,9.083206653594970703e-01
1.448392868041992188e-05,9.766149520874023438e-02
4.897788166999816895e-01,2.999094724655151367e-01
1.380443572998046875e-04,5.876939296722412109e-01
8.130073547363281250e-05,3.580951690673828125e-02
4.168695211410522461e-02,3.610897660255432129e-01
1.740455627441406250e-05,5.803968906402587891e-01
9.332543015480041504e-01,9.303059577941894531e-01
1.448392868041992188e-05,3.458908200263977051e-01
9.064888358116149902e-01,1.148788809776306152e+00
3.467368483543395996e-01,1.045440316200256348e+00
4.365158379077911377e-01,4.795802831649780273e-01
1.448392868041992188e-05,4.149952530860900879e-01
1.740455627441406250e-05,3.120076656341552734e-02
7.244360446929931641e-02,7.007758021354675293e-01
9.549925923347473145e-01,1.009294867515563965e+00
2.754229307174682617e-02,1.406085491180419922e-02
3.090500831604003906e-04,5.821374654769897461e-01
8.533100485801696777e-01,7.817968130111694336e-01
9.888360500335693359e-01,9.090626835823059082e-01
1.513561606407165527e-01,9.806109666824340820e-01
7.379415035247802734e-01,7.271227836608886719e-01
8.511382341384887695e-02,2.866460680961608887e-01
3.548264503479003906e-04,4.831932783126831055e-01
4.466836154460906982e-01,5.915788412094116211e-01
1.230269074440002441e-01,3.525258898735046387e-01
1.862087249755859375e-01,-2.498292326927185059e-01
8.709669113159179688e-03,-2.025789022445678711e-02
7.587671279907226562e-05,1.017281413078308105e-01
2.398833036422729492e-01,-1.793637871742248535e-01
1.585483551025390625e-05,6.550586819648742676e-01
9.194856882095336914e-01,8.458311557769775391e-01
7.530341148376464844e-01,1.053250551223754883e+00
1.905460953712463379e-01,7.252054810523986816e-01
2.041738033294677734e-01,9.675865769386291504e-01
8.763863444328308105e-01,8.275718092918395996e-01
1.819701194763183594e-01,1.057267189025878906e-01
3.546476364135742188e-05,-4.851347208023071289e-02
8.585211634635925293e-01,8.523854613304138184e-01
1.174897551536560059e-01,7.906304597854614258e-01
1.448392868041992188e-05,-1.268945932388305664e-01
9.332543015480041504e-01,8.583212494850158691e-01
7.947924733161926270e-01,1.124702453613281250e+00
7.651042342185974121e-01,9.423857927322387695e-01
7.899251580238342285e-01,7.767312526702880859e-01
2.187788486480712891e-03,3.074997663497924805e-01
5.248075723648071289e-02,1.258273363113403320e+00
6.165950298309326172e-01,6.962264776229858398e-01
1.479108333587646484e-01,5.561944246292114258e-01
1.448392868041992188e-05,-3.667509555816650391e-02
4.786300957202911377e-01,2.107965350151062012e-01
2.630268335342407227e-01,1.384673714637756348e-01
7.573397755622863770e-01,1.618136644363403320e+00
1.448392868041992188e-05,6.325948238372802734e-02
1.096481084823608398e-02,2.838728427886962891e-01
8.709635734558105469e-01,6.354403495788574219e-02
7.360467314720153809e-01,8.097039461135864258e-01
1.548826694488525391e-03,2.100034356117248535e-01
7.580476403236389160e-01,1.029178023338317871e+00
7.080056667327880859e-01,1.077931404113769531e+00
1.348962783813476562e-01,6.807637214660644531e-02
2.238720655441284180e-02,7.091403007507324219e-02
1.122021675109863281e-02,3.828511834144592285e-01
2.630269527435302734e-02,5.397725701332092285e-01
8.709669113159179688e-03,1.468001604080200195e-01
7.979283928871154785e-01,1.048563599586486816e+00
1.448392868041992188e-05,-2.269226908683776855e-01
2.137961983680725098e-01,6.370548605918884277e-01
1.096478104591369629e-01,1.546612381935119629e-01
1.740455627441406250e-05,1.492053866386413574e-01
5.754399299621582031e-02,5.289803743362426758e-01
9.252822399139404297e-01,9.402267932891845703e-01
6.606936454772949219e-02,6.229345798492431641e-01
7.103394865989685059e-01,1.040738105773925781e+00
6.025595664978027344e-01,7.925302386283874512e-01
4.570883512496948242e-02,1.734309196472167969e-01
1.445440053939819336e-01,1.896383762359619141e-01
7.874640822410583496e-01,8.037624955177307129e-01
7.079458236694335938e-01,4.814764857292175293e-01
1.740455627441406250e-05,4.093313217163085938e-02
3.719329833984375000e-05,-1.049348711967468262e-01
7.425422072410583496e-01,8.695014119148254395e-01
1.448392868041992188e-05,6.560753583908081055e-01
1.585483551025390625e-05,1.526415944099426270e-01
7.524014711380004883e-01,7.942667007446289062e-01
7.804678678512573242e-01,1.555139541625976562e+00
7.165378928184509277e-01,8.298832178115844727e-01
1.448392868041992188e-05,5.202898383140563965e-01
4.897788166999816895e-01,3.223201632499694824e-01
9.772372245788574219e-01,8.275399804115295410e-01
2.818382978439331055e-01,8.444299697875976562e-01
1.740455627441406250e-05,-1.893858313560485840e-01
1.584893465042114258e-01,2.278249859809875488e-01
8.122437596321105957e-01,9.969400167465209961e-01
2.570396065711975098e-01,5.775578022003173828e-01
9.907752871513366699e-01,1.004013538360595703e+00
7.989049553871154785e-01,8.352656364440917969e-01
7.585763931274414062e-03,1.297130584716796875e-01
6.309573650360107422e-01,7.131356596946716309e-01
1.584893465042114258e-01,3.855763077735900879e-01
5.495548248291015625e-04,-4.713121056556701660e-01
2.137961983680725098e-01,7.990032434463500977e-01
1.740455627441406250e-05,2.128039002418518066e-01
1.740455627441406250e-05,2.468841075897216797e-01
1.202264428138732910e-01,1.483613848686218262e-01
4.786300957202911377e-01,8.757965564727783203e-01
9.893209934234619141e-01,9.370412826538085938e-01
1.949844956398010254e-01,-2.537301182746887207e-01
2.917427420616149902e-01,5.543743371963500977e-01
1.905500888824462891e-03,1.765087246894836426e-01
7.413102388381958008e-01,3.045185804367065430e-01
8.442874550819396973e-01,8.947135210037231445e-01
3.890454769134521484e-03,4.428107142448425293e-01
6.918309926986694336e-01,3.538468480110168457e-01
8.511380553245544434e-01,7.062727808952331543e-01
3.311311304569244385e-01,7.822774648666381836e-01
5.128613710403442383e-01,7.262619733810424805e-01
9.549925923347473145e-01,7.889930009841918945e-01
4.677351415157318115e-01,4.513573050498962402e-01
4.073804616928100586e-02,8.058966994285583496e-01
1.448392868041992188e-05,8.126214742660522461e-01
2.344229221343994141e-01,2.794303297996520996e-01
9.082506895065307617e-01,1.003968238830566406e+00
2.694129943847656250e-05,-8.791279792785644531e-02
2.290904521942138672e-03,2.511108517646789551e-01
9.712538719177246094e-01,9.879402518272399902e-01
1.740455627441406250e-05,7.030379772186279297e-01
1.148164272308349609e-03,8.816260099411010742e-02
1.659572124481201172e-03,-1.649085879325866699e-01
7.022414803504943848e-01,8.110807538032531738e-01
6.918311119079589844e-03,3.300457596778869629e-01
7.086248397827148438e-01,1.063347578048706055e+00
1.448392868041992188e-05,-1.200769543647766113e-01
6.025433540344238281e-04,3.165513873100280762e-01
1.740455627441406250e-05,-3.541517257690429688e-02
1.448392868041992188e-05,2.918187975883483887e-01
9.244791269302368164e-01,7.448831796646118164e-01
6.888211965560913086e-01,1.016004562377929688e+00
7.808851599693298340e-01,8.383215665817260742e-01
6.953262090682983398e-01,1.106682062149047852e+00
2.884031534194946289e-01,1.925311684608459473e-01
2.884030342102050781e-03,1.537563204765319824e-01
1.445442438125610352e-02,6.596099138259887695e-01
1.996755599975585938e-05,1.470518708229064941e-01
7.559031248092651367e-01,9.172756075859069824e-01
1.737803220748901367e-02,2.858343720436096191e-01
1.740455627441406250e-05,6.701332330703735352e-02
8.912509679794311523e-02,5.042057633399963379e-01
8.014404177665710449e-01,8.614691495895385742e-01
3.388440608978271484e-02,5.683809518814086914e-02
9.640716314315795898e-01,9.313320517539978027e-01
8.511380553245544434e-01,6.199369430541992188e-01
6.165951490402221680e-02,4.326263666152954102e-01
1.448392868041992188e-05,3.289288878440856934e-01
1.740455627441406250e-05,2.700201272964477539e-01
1.740455627441406250e-05,2.516031265258789062e-01
1.448392868041992188e-05,4.135088324546813965e-01
1.448392868041992188e-05,1.038724184036254883e-02
8.642781972885131836e-01,8.635346293449401855e-01
3.388440608978271484e-02,-2.178832888603210449e-01
8.127823472023010254e-01,1.055106878280639648e+00
1.621810197830200195e-01,3.350299000740051270e-01
1.740455627441406250e-05,3.909780383110046387e-01
1.698255538940429688e-03,2.139416933059692383e-01
1.448392868041992188e-05,7.535219192504882812e-03
1.445412635803222656e-04,3.929816484451293945e-01
1.740455627441406250e-05,2.637654542922973633e-02
6.165950298309326172e-01,6.272348761558532715e-01
1.740455627441406250e-05,8.611887693405151367e-01
1.448392868041992188e-05,2.814558744430541992e-01
9.722201824188232422e-01,8.621511459350585938e-01
9.660508632659912109e-01,2.365629673004150391e-01
1.448392868041992188e-05,3.985017538070678711e-01
7.943282723426818848e-01,4.515910744667053223e-01
8.674170374870300293e-01,8.931683897972106934e-01
9.962819218635559082e-01,9.872063994407653809e-01
8.511382341384887695e-02,5.694288015365600586e-02
7.033407688140869141e-01,7.544201612472534180e-01
8.128309249877929688e-02,2.675355076789855957e-01
1.740455627441406250e-05,1.844487190246582031e-01
9.650847911834716797e-01,9.139385223388671875e-01
9.992321729660034180e-01,8.558275103569030762e-01
1.740455627441406250e-05,-5.357972979545593262e-01
5.623413324356079102e-01,1.045187354087829590e+00
8.395766615867614746e-01,1.328578233718872070e+00
4.897791147232055664e-02,1.453895568847656250e-01
2.630268335342407227e-01,3.620113730430603027e-01
1.448392868041992188e-05,-5.884760618209838867e-02
9.683623909950256348e-01,9.411906599998474121e-01
1.448392868041992188e-05,8.123410940170288086e-01
3.630816936492919922e-03,4.154798984527587891e-01
1.122018694877624512e-01,8.030372858047485352e-02
5.754399299621582031e-01,6.020022034645080566e-01
7.079458236694335938e-02,1.438410282135009766e-01
2.511886358261108398e-01,8.096717000007629395e-01
7.374216318130493164e-01,9.912894964218139648e-01
1.333521604537963867e-01,1.650087833404541016e-01
1.448392868041992188e-05,-1.177704334259033203e-01
8.270133733749389648e-01,9.190192222595214844e-01
4.365444183349609375e-04,6.895821094512939453e-01
2.044439315795898438e-05,2.750859856605529785e-01
7.316936850547790527e-01,7.843123674392700195e-01
7.762471437454223633e-01,1.310823082923889160e+00
1.905460953712463379e-01,6.851027607917785645e-01
1.585483551025390625e-05,-1.959323883056640625e-03
1.862087249755859375e-01,6.263208389282226562e-01
5.888437032699584961e-01,5.822551846504211426e-01
6.760829687118530273e-01,3.357878327369689941e-01
9.120108485221862793e-01,1.011438250541687012e+00
9.439671635627746582e-01,1.292533040046691895e+00
9.549927711486816406e-02,1.665256619453430176e-01
1.448392868041992188e-05,5.847020149230957031e-01
3.801882266998291016e-03,5.930870771408081055e-02
7.244359850883483887e-01,3.494771718978881836e-01
1.448392868041992188e-05,4.511079192161560059e-01
2.515316009521484375e-05,8.584615588188171387e-01
1.448392868041992188e-05,1.813319325447082520e-01
1.380384564399719238e-01,3.736770153045654297e-01
1.448392868041992188e-05,1.136533975601196289e+00
7.605341672897338867e-01,8.547322750091552734e-01
1.740455627441406250e-05,1.407279968261718750e-01
2.137961983680725098e-01,4.004642963409423828e-01
6.760829687118530273e-01,3.579841852188110352e-01
2.398833036422729492e-01,4.862354397773742676e-01
4.786300957202911377e-01,1.754448413848876953e-01
2.187764644622802734e-02,-4.877501726150512695e-02
7.030650973320007324e-01,7.039704322814941406e-01
2.568960189819335938e-05,3.564845919609069824e-01
2.137964963912963867e-02,-1.206195354461669922e-02
4.786300659179687500e-02,1.991825699806213379e-01
8.317828178405761719e-04,1.248391866683959961e-01
2.041739225387573242e-02,4.377040266990661621e-01
7.413102388381958008e-01,1.143028855323791504e+00
8.770411014556884766e-01,8.904953002929687500e-01
3.090295493602752686e-01,8.066000938415527344e-01
2.628564834594726562e-05,2.813186645507812500e-01
8.982701301574707031e-01,9.653113484382629395e-01
7.413101196289062500e-02,4.748492240905761719e-01
1.513957977294921875e-05,4.124969244003295898e-01
6.025595664978027344e-01,3.772173523902893066e-01
1.548820734024047852e-02,1.160027980804443359e-01
8.511382341384887695e-02,3.988271951675415039e-01
6.997435688972473145e-01,9.193192124366760254e-01
3.589219450950622559e-01,1.008001565933227539e+00
7.313121557235717773e-01,7.286316752433776855e-01
7.293043136596679688e-01,1.111223816871643066e+00
7.587671279907226562e-05,4.040226936340332031e-01
4.168695211410522461e-02,1.797329783439636230e-01
7.762471437454223633e-01,5.137029290199279785e-01
8.319233655929565430e-01,1.120758533477783203e+00
7.244359850883483887e-01,2.077745199203491211e-01
9.809036850929260254e-01,1.018648028373718262e+00
5.623698234558105469e-04,1.068015098571777344e+00
6.309568881988525391e-03,1.790134310722351074e-01
1.448392868041992188e-05,1.465938687324523926e-01
5.888438224792480469e-02,3.908610939979553223e-01
9.332543015480041504e-01,8.973932266235351562e-01
1.258925795555114746e-01,5.726850032806396484e-02
3.090298175811767578e-02,1.571853160858154297e-01
3.162277638912200928e-01,2.999320626258850098e-01
3.715352416038513184e-01,4.911989569664001465e-01
3.090298175811767578e-02,1.034973859786987305e-01
5.623413324356079102e-01,4.682710170745849609e-01
5.888437032699584961e-01,5.999780297279357910e-01
1.448392868041992188e-05,1.056089997291564941e-01
7.049154043197631836e-01,1.228361606597900391e+00
6.998419761657714844e-02,1.087118983268737793e-01
1.740455627441406250e-05,-4.003804326057434082e-01
7.585775852203369141e-02,1.095789194107055664e+00
5.128616094589233398e-02,5.336332321166992188e-02
1.448392868041992188e-05,7.665215134620666504e-01
4.897791147232055664e-02,3.692788481712341309e-01
7.413102388381958008e-01,9.925529360771179199e-01
9.208036065101623535e-01,1.001214504241943359e+00
1.740455627441406250e-05,-2.922841906547546387e-01
6.309747695922851562e-04,-2.594974637031555176e-01
8.912509679794311523e-02,5.481296181678771973e-01
7.762471437454223633e-01,2.828894257545471191e-01
3.020167350769042969e-04,5.949940681457519531e-01
2.630268335342407227e-01,5.353604555130004883e-01
3.981071710586547852e-01,1.097017288208007812e+00
1.348962783813476562e-01,1.868116259574890137e-01
9.361566305160522461e-01,8.268018960952758789e-01
9.772372245788574219e-02,1.708734035491943359e-01
1.448392868041992188e-05,-2.474933862686157227e-02
9.871852397918701172e-01,8.769851326942443848e-01
8.159673810005187988e-01,1.263925790786743164e+00
7.849636673927307129e-01,9.296822547912597656e-01
8.800001740455627441e-01,8.246372938156127930e-01
7.762312889099121094e-04,4.721434712409973145e-01
4.168694019317626953e-01,7.377992272377014160e-01
9.896146655082702637e-01,1.139927506446838379e+00
1.740455627441406250e-05,2.318251132965087891e-02
7.774203419685363770e-01,7.946430444717407227e-01
8.157650232315063477e-01,1.673641800880432129e+00
1.995265483856201172e-02,1.679902672767639160e-01
3.090295493602752686e-01,6.146574020385742188e-02
3.630781173706054688e-02,2.622095942497253418e-01
2.041738033294677734e-01,1.111946344375610352e+00
9.332895278930664062e-04,-4.633173346519470215e-01
7.629846930503845215e-01,1.265855550765991211e+00
7.005056142807006836e-01,1.274049282073974609e+00
1.448392868041992188e-05,-1.234464049339294434e-01
1.740455627441406250e-05,4.026651382446289062e-02
3.715336322784423828e-03,6.887043714523315430e-01
6.710281968116760254e-01,1.141592025756835938e+00
5.754411220550537109e-03,2.359765768051147461e-02
8.476112484931945801e-01,8.229213953018188477e-01
9.261721372604370117e-01,7.628344297409057617e-01
7.690389156341552734e-01,1.048598885536193848e+00
5.754399299621582031e-01,5.822095870971679688e-01
1.740455627441406250e-05,5.894893407821655273e-02
1.737800836563110352e-01,9.822471737861633301e-01
2.162718772888183594e-01,-4.733794927597045898e-02
7.943284511566162109e-02,1.388187408447265625e-01
1.740455627441406250e-05,1.856231689453125000e-02
2.884030342102050781e-02,2.295751571655273438e-01
3.981071710586547852e-02,5.463379621505737305e-02
8.709639310836791992e-02,5.879282951354980469e-01
5.370317697525024414e-01,2.702829837799072266e-01
8.168144226074218750e-01,1.527325749397277832e+00
1.448392868041992188e-05,-8.164070248603820801e-01
1.621842384338378906e-03,9.380996227264404297e-01
7.762473821640014648e-02,4.526970982551574707e-01
1.659572124481201172e-03,1.219185471534729004e+00
1.740455627441406250e-05,-4.229504466056823730e-01
1.865625381469726562e-05,3.039257526397705078e-01
7.421702146530151367e-01,1.049869656562805176e+00
5.888438224792480469e-02,3.822218775749206543e-01
4.677355289459228516e-02,5.773186683654785156e-01
5.495429039001464844e-03,-1.730011105537414551e-01
9.142356514930725098e-01,9.731721282005310059e-01
1.448392868041992188e-05,2.945135235786437988e-01
4.786300957202911377e-01,3.491948843002319336e-01
1.740455627441406250e-05,4.658350348472595215e-01
3.019952774047851562e-02,1.465743184089660645e-01
9.438095092773437500e-01,9.209724664688110352e-01
4.677351415157318115e-01,2.842950224876403809e-01
6.918309926986694336e-01,6.011797189712524414e-01
9.257119894027709961e-01,9.030210375785827637e-01
7.640758752822875977e-01,1.175699949264526367e+00
3.801894187927246094e-01,2.663592696189880371e-01
9.466050863265991211e-01,8.320093750953674316e-01
2.511918544769287109e-03,1.493989825248718262e-01
9.549925923347473145e-01,8.101194500923156738e-01
6.025595664978027344e-01,7.456164956092834473e-01
7.210841774940490723e-01,8.469480872154235840e-01
1.096481084823608398e-02,-3.613650798797607422e-03
1.584893465042114258e-02,9.400699138641357422e-01
2.041738033294677734e-01,2.493198513984680176e-01
2.884268760681152344e-04,-7.787525653839111328e-03
9.595236182212829590e-01,8.833336830139160156e-01
8.771755695343017578e-01,8.238503932952880859e-01
1.584893465042114258e-01,2.460992336273193359e-02
1.740455627441406250e-05,-5.457282066345214844e-03
9.772372245788574219e-01,6.198158860206604004e-01
6.312131881713867188e-05,7.523008584976196289e-01
4.570882022380828857e-01,4.478076696395874023e-01
1.740455627441406250e-05,4.843443632125854492e-01
9.535687565803527832e-01,8.604032993316650391e-01
1.448392868041992188e-05,-4.093194603919982910e-01
3.802776336669921875e-05,-6.388306617736816406e-03
4.571676254272460938e-05,9.029758572578430176e-01
7.961208224296569824e-01,8.333042860031127930e-01
2.238721251487731934e-01,3.438001871109008789e-01
1.585483551025390625e-05,4.400613307952880859e-01
1.380383968353271484e-03,8.693873882293701172e-02
9.049016237258911133e-01,1.040298700332641602e+00
3.981590270996093750e-05,5.041796565055847168e-01
9.772360324859619141e-03,3.952539563179016113e-01
7.817502021789550781e-01,9.841368198394775391e-01
7.762471437454223633e-01,4.748471975326538086e-01
3.162277638912200928e-01,8.060097694396972656e-01
9.413046240806579590e-01,9.445363283157348633e-01
7.747426033020019531e-01,1.351145267486572266e+00
1.740455627441406250e-05,6.416860818862915039e-01
2.398833036422729492e-01,3.205679655075073242e-01
4.897773265838623047e-03,2.491815686225891113e-01
1.740455627441406250e-05,-8.593934178352355957e-01
9.858134984970092773e-01,9.876758456230163574e-01
4.168694019317626953e-01,6.187878251075744629e-01
3.019952774047851562e-02,4.425292015075683594e-01
1.740455627441406250e-05,9.820759296417236328e-02
8.067391514778137207e-01,1.216263294219970703e+00
1.740455627441406250e-05,2.860829830169677734e-01
3.019951879978179932e-01,1.342543959617614746e-01
6.606934666633605957e-01,7.936286330223083496e-01
5.623413324356079102e-01,6.886947154998779297e-01
6.309573650360107422e-01,4.196251034736633301e-01
1.584893465042114258e-02,2.934575676918029785e-01
1.740455627441406250e-05,4.747688770294189453e-03
2.398836612701416016e-02,4.136869311332702637e-01
7.943282723426818848e-01,7.939988374710083008e-01
2.238721251487731934e-01,5.935049057006835938e-01
4.897713661193847656e-04,3.222504854202270508e-01
1.862090826034545898e-02,2.575485706329345703e-01
2.398833036422729492e-01,6.982371211051940918e-01
8.709669113159179688e-03,-9.337632060050964355e-01
7.472850084304809570e-01,1.344900608062744141e+00
6.025595664978027344e-01,4.230654239654541016e-01
1.448392868041992188e-05,3.311629891395568848e-01
7.660978436470031738e-01,1.191488265991210938e+00
7.762312889099121094e-04,1.412003040313720703e-01
5.623400211334228516e-03,2.382363080978393555e-01
8.510693907737731934e-01,8.551994562149047852e-01
9.772372245788574219e-01,5.804221630096435547e-01
9.120108485221862793e-01,7.958958148956298828e-01
7.644982337951660156e-01,1.069584608078002930e+00
1.740455627441406250e-05,-1.542410850524902344e-01
8.498065471649169922e-01,1.037831425666809082e+00
2.290868759155273438e-02,3.039693832397460938e-02
1.448392868041992188e-05,-1.960926651954650879e-01
7.847393751144409180e-01,1.275971889495849609e+00
3.890451490879058838e-01,4.791215658187866211e-01
1.148152351379394531e-02,3.921134471893310547e-01
6.456542611122131348e-01,2.184020280838012695e-01
7.762471437454223633e-01,-1.609742641448974609e-03
8.924901485443115234e-01,1.102861881256103516e+00
8.709635734558105469e-01,3.470803499221801758e-01
8.334603905677795410e-01,1.070564031600952148e+00
7.010853886604309082e-01,8.343806266784667969e-01
8.511380553245544434e-01,8.056280016899108887e-01
9.668124318122863770e-01,1.002851009368896484e+00
1.778304576873779297e-03,-1.541708111763000488e-01
1.740455627441406250e-05,-1.491889953613281250e-01
8.912682533264160156e-04,7.439261674880981445e-02
9.506576657295227051e-01,1.160763859748840332e+00
2.044439315795898438e-05,2.600650787353515625e-01
1.949846744537353516e-02,2.391897439956665039e-01
8.870008587837219238e-01,1.305064916610717773e+00
3.235936164855957031e-03,5.110698938369750977e-02
5.754399299621582031e-02,3.255583643913269043e-01
5.754411220550537109e-03,3.751176595687866211e-01
9.770188927650451660e-01,9.844611883163452148e-01
7.617833614349365234e-01,5.374563932418823242e-01
1.288249492645263672e-01,9.936820268630981445e-01
9.202516674995422363e-01,1.171398520469665527e+00
8.320808410644531250e-05,-3.287644982337951660e-01
1.659590005874633789e-02,3.858200311660766602e-01
1.448392868041992188e-05,9.081965684890747070e-02
1.148153543472290039e-01,5.641833543777465820e-01
7.079458236694335938e-01,1.865947246551513672e-01
3.467368483543395996e-01,6.700915098190307617e-02
2.511886358261108398e-01,1.399121880531311035e-01
3.388440608978271484e-02,2.409629821777343750e-01
8.683560490608215332e-01,8.007912635803222656e-01
3.933906555175781250e-05,-2.621074318885803223e-01
6.025595664978027344e-01,6.569978594779968262e-01
8.899977207183837891e-01,9.479545950889587402e-01
1.380384564399719238e-01,2.502280473709106445e-02
1.448392868041992188e-05,7.093629837036132812e-01
7.642771005630493164e-01,9.414796829223632812e-01
4.786300957202911377e-01,8.261320590972900391e-01
6.456542611122131348e-01,3.646747469902038574e-01
9.641353487968444824e-01,1.040990471839904785e+00
8.172950744628906250e-01,9.123061895370483398e-01
1.584887504577636719e-04,3.865627050399780273e-01
9.937658309936523438e-01,1.259267687797546387e+00
2.570396661758422852e-02,5.431355237960815430e-01
2.344229221343994141e-01,-2.652782201766967773e-02
7.258907556533813477e-01,7.867715358734130859e-01
7.833675146102905273e-01,1.038796544075012207e+00
1.448392868041992188e-05,-1.963819861412048340e-01
1.348962783813476562e-01,8.825080394744873047e-01
7.423980832099914551e-01,9.041815400123596191e-01
1.478195190429687500e-05,5.043352842330932617e-01
1.448392868041992188e-05,1.212382316589355469e-01
9.430396556854248047e-01,1.003185868263244629e+00
9.814763069152832031e-01,9.037982225418090820e-01
8.912509679794311523e-01,7.707706689834594727e-01
5.495408773422241211e-01,7.449385523796081543e-01
5.623400211334228516e-03,-5.861842632293701172e-02
9.120106697082519531e-02,1.496076583862304688e-01
2.818382978439331055e-01,8.000524640083312988e-01
1.548816561698913574e-01,2.040802836418151855e-01
9.549856185913085938e-04,-1.397500038146972656e-01
8.825206160545349121e-01,1.039107918739318848e+00
9.124337434768676758e-01,8.520991206169128418e-01
1.318256855010986328e-01,5.381420850753784180e-01
9.645709991455078125e-01,1.109020233154296875e+00
9.400577545166015625e-01,1.012211084365844727e+00
4.570883512496948242e-02,4.588058590888977051e-01
4.073802828788757324e-01,4.745990037918090820e-01
7.016002535820007324e-01,7.663577198982238770e-01
2.238721251487731934e-01,5.689244270324707031e-01
7.122620940208435059e-01,7.603310346603393555e-01
5.623412132263183594e-02,7.092726230621337891e-01
6.606936454772949219e-03,3.380713462829589844e-01
8.853737711906433105e-01,9.434792995452880859e-01
4.365146160125732422e-03,2.041541337966918945e-01
5.888437032699584961e-01,4.552875161170959473e-01
7.244348526000976562e-03,4.509329795837402344e-02
2.137961983680725098e-01,-1.845507025718688965e-01
9.683797955513000488e-01,8.606954813003540039e-01
1.740455627441406250e-05,7.556492090225219727e-02
1.740455627441406250e-05,3.222206234931945801e-01
5.754399299621582031e-01,6.480636596679687500e-01
5.495408773422241211e-01,6.138438582420349121e-01
1.448392868041992188e-05,-3.828373551368713379e-01
1.621810197830200195e-01,-2.417737841606140137e-01
2.754228711128234863e-01,2.970991730690002441e-01
1.448392868041992188e-05,3.042505383491516113e-01
9.888487458229064941e-01,1.069076299667358398e+00
1.740455627441406250e-05,1.012927293777465820e-01
1.621842384338378906e-04,-2.090657353401184082e-01
2.691534757614135742e-01,3.166940212249755859e-01
7.390392422676086426e-01,8.322206139564514160e-01
1.740455627441406250e-05,-1.885000467300415039e-01
1.011490821838378906e-04,5.494326353073120117e-01
2.398833036422729492e-01,5.100363492965698242e-02
1.448392868041992188e-05,2.658331394195556641e-01
8.511380553245544434e-01,8.454321026802062988e-01
1.621810197830200195e-01,3.353408575057983398e-01
7.280412912368774414e-01,6.745051741600036621e-01
1.740455627441406250e-05,2.484655976295471191e-01
5.370378494262695312e-04,-4.205006361007690430e-02
5.370318889617919922e-03,1.794393658638000488e-01
9.055286645889282227e-01,1.062840223312377930e+00
2.691534757614135742e-01,8.193123340606689453e-01
1.585483551025390625e-05,2.816557884216308594e-01
5.370318889617919922e-03,3.881996870040893555e-02
9.897139072418212891e-01,9.893804192543029785e-01
1.230269074440002441e-01,4.054163694381713867e-01
7.508672475814819336e-01,8.191285133361816406e-01
1.380383968353271484e-02,-2.960247397422790527e-01
1.448392868041992188e-05,-3.544771671295166016e-02
1.448392868041992188e-05,-3.924764990806579590e-01
4.073804616928100586e-02,2.848454713821411133e-01
9.772372245788574219e-01,9.304490685462951660e-01
7.585775852203369141e-01,3.196426033973693848e-01
9.332543015480041504e-01,4.638631343841552734e-01
6.165950298309326172e-01,1.064777612686157227e+00
5.757808685302734375e-05,4.913097620010375977e-02
1.778279542922973633e-01,1.104614257812500000e+00
4.786252975463867188e-05,4.303153157234191895e-01
1.096487045288085938e-03,-5.200743675231933594e-02
7.223711013793945312e-01,5.701207518577575684e-01
9.556664228439331055e-01,1.163749694824218750e+00
1.584893465042114258e-02,1.676333546638488770e-01
7.626547217369079590e-01,7.924622297286987305e-01
2.089295983314514160e-01,3.809588551521301270e-01
8.511380553245544434e-01,4.880077838897705078e-01
2.092123031616210938e-05,4.140562415122985840e-01
8.128305077552795410e-01,7.289785146713256836e-01
1.949667930603027344e-04,9.766719341278076172e-01
2.691534757614135742e-01,1.447330117225646973e-01
1.819701194763183594e-01,5.158886909484863281e-01
1.905459165573120117e-02,7.804268598556518555e-02
1.659590005874633789e-02,-1.654849052429199219e-01
8.275070190429687500e-01,1.023054003715515137e+00
7.585775852203369141e-01,6.224997043609619141e-01
7.413102388381958008e-01,7.194331884384155273e-01
3.672823011875152588e-01,3.476328253746032715e-01
8.660072088241577148e-01,1.348954796791076660e+00
1.548820734024047852e-02,2.718217968940734863e-01
8.004947304725646973e-01,6.873632669448852539e-01
1.445440053939819336e-01,7.720685005187988281e-02
2.951210737228393555e-02,1.803766489028930664e-01
7.081031799316406250e-05,1.174237132072448730e-01
1.740455627441406250e-05,1.071305274963378906e-01
9.772372245788574219e-01,1.185598850250244141e+00
5.754411220550537109e-03,-5.281150341033935547e-03
7.934867143630981445e-01,7.697769999504089355e-01
9.016302824020385742e-01,1.226127624511718750e+00
6.918309926986694336e-01,7.095115184783935547e-01
1.047253608703613281e-04,3.743172883987426758e-01
2.754228711128234863e-01,8.802901506423950195e-01
3.235936760902404785e-01,2.970480322837829590e-01
1.000165939331054688e-04,1.090888381004333496e-01
3.311312198638916016e-02,-1.179539561271667480e-01
1.448392868041992188e-05,2.166295051574707031e-01
2.570396065711975098e-01,5.954979062080383301e-01
7.762863039970397949e-01,8.594135642051696777e-01
1.549124717712402344e-04,6.567546129226684570e-01
9.120108485221862793e-01,5.352540612220764160e-01
3.311312198638916016e-02,2.902713418006896973e-01
6.918309926986694336e-01,1.154744863510131836e+00
2.344250679016113281e-04,2.386525273323059082e-01
7.032480239868164062e-01,8.180915713310241699e-01
2.754211425781250000e-03,1.565422415733337402e-01
1.448392868041992188e-05,2.076091170310974121e-01
7.599099874496459961e-01,8.537338972091674805e-01
1.740455627441406250e-05,-5.001628398895263672e-02
7.877191901206970215e-01,1.012357473373413086e+00
8.511364459991455078e-03,3.762274980545043945e-02
1.740455627441406250e-05,-1.491628289222717285e-01
8.975757360458374023e-01,9.867219924926757812e-01
9.037742018699645996e-01,9.348153471946716309e-01
1.202264428138732910e-01,1.822978854179382324e-01
1.740455627441406250e-05,1.435731649398803711e-01
9.068697690963745117e-01,1.085276603698730469e+00
9.305217266082763672e-01,1.138473749160766602e+00
9.791604280471801758e-01,1.037227988243103027e+00
1.448392868041992188e-05,2.246800661087036133e-01
4.897791147232055664e-02,1.007107257843017578e+00
2.884031534194946289e-01,4.374547600746154785e-01
5.623413324356079102e-01,8.506804704666137695e-02
7.471823096275329590e-01,8.460981845855712891e-01
1.949844956398010254e-01,4.615918397903442383e-01
1.740455627441406250e-05,2.032322287559509277e-01
9.314323663711547852e-01,8.593592047691345215e-01
1.448392868041992188e-05,4.554250240325927734e-01
1.448392868041992188e-05,1.855317354202270508e-01
5.754399299621582031e-01,5.957344770431518555e-01
4.168694019317626953e-01,4.735707044601440430e-01
9.332543611526489258e-02,9.278165102005004883e-01
8.290912508964538574e-01,9.254766106605529785e-01
9.404318928718566895e-01,1.021105408668518066e+00
1.740455627441406250e-05,2.543516755104064941e-01
1.288253068923950195e-02,-5.146616101264953613e-01
8.814855813980102539e-01,8.719171285629272461e-01
1.448392868041992188e-05,3.185783028602600098e-01
9.959371089935302734e-01,9.862418770790100098e-01
1.448392868041992188e-05,2.811527252197265625e-01
7.313289046287536621e-01,7.616000771522521973e-01
1.737803220748901367e-02,4.329448938369750977e-01
9.120108485221862793e-01,8.266488909721374512e-01
9.573183059692382812e-01,1.035449028015136719e+00
7.943284511566162109e-02,2.946280241012573242e-01
7.844703793525695801e-01,1.483385562896728516e+00
6.811119914054870605e-01,9.296762943267822266e-01
6.606934666633605957e-01,1.259437799453735352e+00
1.905460953712463379e-01,5.300340056419372559e-01
1.448392868041992188e-05,2.965095639228820801e-01
9.772372245788574219e-02,9.762213826179504395e-01
6.309747695922851562e-04,1.050074100494384766e+00
7.762471437454223633e-01,2.833828926086425781e-01
1.782178878784179688e-05,2.921145558357238770e-01
1.621246337890625000e-05,2.989643216133117676e-01
1.740455627441406250e-05,2.905330061912536621e-01
1.995262503623962402e-01,1.010102748870849609e+00
2.187761664390563965e-01,-1.430527567863464355e-01
3.235936164855957031e-04,5.611526966094970703e-01
8.748118281364440918e-01,9.529436230659484863e-01
8.317638039588928223e-01,6.872031688690185547e-01
1.740455627441406250e-05,-5.721229910850524902e-01
1.448392868041992188e-05,2.912664413452148438e-02
1.448392868041992188e-05,-9.168159961700439453e-02
8.427627086639404297e-01,8.607530593872070312e-01
4.570901393890380859e-03,2.411631941795349121e-01
6.918309926986694336e-01,1.325632452964782715e+00
9.764497280120849609e-01,1.020860791206359863e+00
7.038514018058776855e-01,7.993376851081848145e-01
2.454708814620971680e-01,4.778922200202941895e-01
1.740455627441406250e-05,-1.188516616821289062e-02
1.448392868041992188e-05,1.043432950973510742e-02
7.079458236694335938e-01,5.167783498764038086e-01
7.074453234672546387e-01,5.809877514839172363e-01
4.677351415157318115e-01,4.727219939231872559e-01
1.584893465042114258e-01,9.032363891601562500e-01
7.161434292793273926e-01,6.876375675201416016e-01
1.348962783813476562e-01,5.703697800636291504e-01
1.448392868041992188e-05,-1.330272555351257324e-01
8.871848583221435547e-01,8.530863523483276367e-01
7.563130259513854980e-01,8.337759971618652344e-01
9.120108485221862793e-01,1.169681549072265625e+00
2.630269527435302734e-02,3.875149488449096680e-01
2.238720655441284180e-02,2.226565480232238770e-01
8.709635734558105469e-01,8.469439148902893066e-01
2.691745758056640625e-04,3.088634014129638672e-01
1.448392868041992188e-05,1.493098139762878418e-01
8.511382341384887695e-02,-1.185351014137268066e-01
7.774090170860290527e-01,9.087263941764831543e-01
9.610965251922607422e-01,1.048105478286743164e+00
7.943282723426818848e-01,2.190190553665161133e-01
8.413951396942138672e-01,4.061541557312011719e-01
9.332543611526489258e-02,4.546138644218444824e-01
1.288253068923950195e-02,-4.379522800445556641e-02
5.888938903808593750e-05,-5.157878994941711426e-01
7.135918736457824707e-01,7.508243918418884277e-01
7.363240122795104980e-01,8.497685790061950684e-01
5.011872053146362305e-01,5.085930228233337402e-01
1.448392868041992188e-05,-1.209673285484313965e-01
8.270397186279296875e-01,1.256240487098693848e+00
1.448392868041992188e-05,1.885437965393066406e-01
1.862090826034545898e-02,1.918992400169372559e-01
7.943282723426818848e-01,5.171093940734863281e-01
7.079458236694335938e-01,2.172455787658691406e-01
1.448392868041992188e-05,3.733488321304321289e-01
9.638828039169311523e-01,7.927217483520507812e-01
1.448392868041992188e-05,-5.166530609130859375e-03
8.662083148956298828e-01,9.764825105667114258e-01
2.570390701293945312e-03,2.846445441246032715e-01
4.265785217285156250e-03,1.727015376091003418e-01
7.368518710136413574e-01,8.657169938087463379e-01
8.403640389442443848e-01,8.357232809066772461e-01
8.867317438125610352e-01,8.437456488609313965e-01
6.456553936004638672e-03,1.267634391784667969e+00
9.337224960327148438e-01,9.767379760742187500e-01
8.718165755271911621e-01,1.020016074180603027e+00
2.187764644622802734e-02,8.136850595474243164e-02
1.740455627441406250e-05,1.028133630752563477e+00
1.273503303527832031e-01,3.169453144073486328e-01
2.950429916381835938e-05,5.180500149726867676e-01
1.448392868041992188e-05,-1.142031550407409668e-01
8.659877777099609375e-01,8.735447525978088379e-01
7.420161962509155273e-01,7.887172102928161621e-01
1.448392868041992188e-05,4.271335601806640625e-01
7.274504899978637695e-01,6.961735486984252930e-01
3.715336322784423828e-03,1.476884484291076660e-01
1.147985458374023438e-04,-1.088564991950988770e-01
4.168694019317626953e-01,7.312035560607910156e-02
3.630816936492919922e-03,3.323167562484741211e-01
1.448392868041992188e-05,8.603893518447875977e-01
7.244359850883483887e-01,7.260466217994689941e-01
2.398833036422729492e-01,9.511470794677734375e-01
1.448392868041992188e-05,-9.212863445281982422e-02
7.781885266304016113e-01,8.401219844818115234e-01
2.238721251487731934e-01,8.653563857078552246e-01
1.448392868041992188e-05,1.726961731910705566e-01
1.740455627441406250e-05,1.098059415817260742e-01
7.373323440551757812e-01,1.319254159927368164e+00
8.317637443542480469e-02,4.881877005100250244e-01
2.041739225387573242e-02,2.938452363014221191e-01
1.740455627441406250e-05,-6.348270177841186523e-02
2.570396065711975098e-01,3.196094036102294922e-01
4.073802828788757324e-01,9.130892157554626465e-01
3.388441801071166992e-01,3.113355636596679688e-01
8.283420205116271973e-01,6.474773883819580078e-01
8.317638039588928223e-01,5.583497285842895508e-01
6.709160804748535156e-01,7.078354358673095703e-01
4.786300957202911377e-01,1.085154294967651367e+00
7.532859444618225098e-01,5.554107427597045898e-01
9.694024920463562012e-01,8.953502774238586426e-01
1.740455627441406250e-05,-5.885043740272521973e-01
1.548816561698913574e-01,4.816454648971557617e-01
7.707825303077697754e-01,9.844802021980285645e-01
2.818381786346435547e-02,4.513139724731445312e-01
5.495408773422241211e-01,1.042501688003540039e+00
1.096478104591369629e-01,1.742370724678039551e-01
7.800261378288269043e-01,1.049894809722900391e+00
4.466831684112548828e-03,3.079960942268371582e-01
6.309573650360107422e-01,3.195526003837585449e-01
7.926598191261291504e-01,8.265678286552429199e-01
9.536240100860595703e-01,1.151956081390380859e+00
1.448392868041992188e-05,-2.532961964607238770e-01
6.606934666633605957e-01,7.881153821945190430e-01
2.238721251487731934e-01,7.591778635978698730e-01
9.168683290481567383e-01,9.555251598358154297e-01
5.754399299621582031e-01,9.331930279731750488e-01
7.585775852203369141e-01,1.633248329162597656e-01
4.470348358154296875e-05,7.939833402633666992e-02
4.466836154460906982e-01,9.612976312637329102e-01
6.309574842453002930e-02,-5.183738470077514648e-02
3.388441801071166992e-01,7.666487097740173340e-01
7.022590637207031250e-01,9.312236309051513672e-01
6.972565650939941406e-01,6.674889922142028809e-01
1.448392868041992188e-05,1.277886629104614258e-01
1.740455627441406250e-05,-1.297858357429504395e-01
3.388441801071166992e-01,2.766799330711364746e-01
5.888437032699584961e-01,5.183326005935668945e-01
1.740455627441406250e-05,1.107645034790039062e-01
6.309573650360107422e-01,3.119994401931762695e-01
8.912509679794311523e-01,1.008325815200805664e+00
7.102856636047363281e-01,7.532081007957458496e-01
3.162277638912200928e-01,3.312727212905883789e-01
3.548133373260498047e-02,3.444319963455200195e-01
8.962966799736022949e-01,9.767056703567504883e-01
1.318454742431640625e-04,3.142086863517761230e-01
9.560174942016601562e-01,9.246497750282287598e-01
9.476696848869323730e-01,1.008761405944824219e+00
9.917560815811157227e-01,9.494800567626953125e-01
4.786252975463867188e-04,9.975455999374389648e-01
4.073802828788757324e-01,4.046435952186584473e-01
3.467381000518798828e-03,-1.147482395172119141e-01
1.448392868041992188e-05,5.524127483367919922e-01
6.309568881988525391e-03,5.230809450149536133e-01
1.782178878784179688e-05,1.993583440780639648e-01
7.943282723426818848e-01,1.336902379989624023e+00
5.623412132263183594e-02,3.412026762962341309e-01
8.128305077552795410e-01,8.825599551200866699e-01
1.740455627441406250e-05,1.272781610488891602e+00
2.187788486480712891e-03,-1.584317088127136230e-01
7.494118213653564453e-01,9.589756727218627930e-01
1.740455627441406250e-05,-6.368988752365112305e-02
7.195248007774353027e-01,8.917565345764160156e-01
1.621812582015991211e-02,2.016405463218688965e-01
7.079839706420898438e-04,9.295183420181274414e-02
4.470348358154296875e-05,-1.524135470390319824e-01
6.610155105590820312e-05,3.026305437088012695e-01
4.570882022380828857e-01,4.394140839576721191e-01
1.348962783813476562e-01,3.423036336898803711e-01
5.370318889617919922e-03,3.662380576133728027e-01
3.802180290222167969e-04,2.234305739402770996e-01
7.247924804687500000e-05,-1.728835701942443848e-01
3.629922866821289062e-05,-1.776202321052551270e-01
9.419335126876831055e-01,1.012097716331481934e+00
1.740455627441406250e-05,-1.501947045326232910e-01
6.610155105590820312e-05,3.121693134307861328e-01
5.128613710403442383e-01,7.275519371032714844e-01
1.740455627441406250e-05,1.842388510704040527e-01
7.161434292793273926e-01,1.000268816947937012e+00
7.421702146530151367e-01,8.054792284965515137e-01
3.715352416038513184e-01,5.529099106788635254e-01
2.691534757614135742e-01,4.408933520317077637e-01
8.790749311447143555e-01,1.150310516357421875e+00
8.511382341384887695e-02,3.941848278045654297e-01
1.448392868041992188e-05,-1.649913787841796875e-01
9.338994026184082031e-01,1.011677503585815430e+00
3.546476364135742188e-05,3.245263695716857910e-01
7.807967662811279297e-01,9.784982204437255859e-01
4.265797138214111328e-02,3.583233356475830078e-01
1.448392868041992188e-05,3.674161434173583984e-01
1.448392868041992188e-05,5.207209587097167969e-01
3.090295493602752686e-01,2.828920483589172363e-01
9.699031710624694824e-01,1.149159669876098633e+00
7.132259607315063477e-01,9.537010788917541504e-01
8.710026741027832031e-04,2.692933082580566406e-01
9.960255622863769531e-01,9.530727863311767578e-01
7.477199435234069824e-01,7.860303521156311035e-01
3.235936164855957031e-02,-1.149678230285644531e-01
2.139806747436523438e-05,-3.248649835586547852e-02
8.176376819610595703e-01,1.267695903778076172e+00
4.470348358154296875e-05,-9.211951494216918945e-02
1.740455627441406250e-05,-2.921478152275085449e-01
6.456542611122131348e-01,1.182749748229980469e+00
9.965316057205200195e-01,9.434908032417297363e-01
8.307147622108459473e-01,1.173710465431213379e+00
2.398833036422729492e-01,5.074772834777832031e-01
6.309747695922851562e-04,9.601672291755676270e-01
5.757808685302734375e-05,1.151171326637268066e-01
7.083891034126281738e-01,1.139119863510131836e+00
2.754228711128234863e-01,8.039754033088684082e-01
1.448392868041992188e-05,-1.147660613059997559e-01
1.448392868041992188e-05,5.905908346176147461e-02
1.448392868041992188e-05,-2.006923556327819824e-01
1.479107141494750977e-02,4.451788067817687988e-01
1.448392868041992188e-05,2.078245878219604492e-01
8.709635734558105469e-01,7.652617692947387695e-01
1.584887504577636719e-04,3.605963587760925293e-01
8.511364459991455078e-03,1.002654433250427246e+00
1.584893465042114258e-01,6.886023283004760742e-01
5.495408773422241211e-01,5.398976206779479980e-01
9.101057648658752441e-01,1.027551651000976562e+00
1.174897551536560059e-01,1.314475774765014648e+00
7.228707671165466309e-01,7.949352264404296875e-01
1.584893465042114258e-01,2.200615406036376953e-01
8.622820377349853516e-01,9.119139909744262695e-01
1.448392868041992188e-05,6.004333496093750000e-03
5.128616094589233398e-02,9.309864044189453125e-02
7.587836980819702148e-01,1.049318194389343262e+00
1.548820734024047852e-02,-1.278952360153198242e-01
8.317638039588928223e-01,1.734524369239807129e-01
9.114061594009399414e-01,8.759535551071166992e-01
7.279816269874572754e-01,1.385116696357727051e+00
1.995262503623962402e-01,4.154886603355407715e-01
1.740455627441406250e-05,1.320702433586120605e-01
8.317638039588928223e-01,3.869689106941223145e-01
7.943284511566162109e-02,1.363804936408996582e-01
8.511543273925781250e-05,1.637998819351196289e-01
1.740455627441406250e-05,-2.700129151344299316e-01
7.762471437454223633e-01,9.788237810134887695e-01
4.466836154460906982e-01,2.414754033088684082e-01
8.673118948936462402e-01,9.853553771972656250e-01
2.951209545135498047e-01,1.084176301956176758e+00
8.693028092384338379e-01,9.375205636024475098e-01
1.023293137550354004e-01,4.500431418418884277e-01
4.466836154460906982e-01,9.083064198493957520e-01
4.369020462036132812e-05,1.021587252616882324e-01
1.740455627441406250e-05,4.098163247108459473e-01
6.165950298309326172e-01,1.050722360610961914e+00
1.448392868041992188e-05,-3.606994748115539551e-01
1.448392868041992188e-05,-8.106261491775512695e-02
8.208497166633605957e-01,8.121221661567687988e-01
1.740455627441406250e-05,4.148191213607788086e-01
6.606934666633605957e-01,8.616021871566772461e-01
2.951209545135498047e-01,8.932005763053894043e-01
6.760835647583007812e-03,1.216818332672119141e+00
1.448392868041992188e-05,-2.618091702461242676e-01
8.142726421356201172e-01,1.096016407012939453e+00
1.448392868041992188e-05,2.374929189682006836e-02
9.120106697082519531e-02,2.520887255668640137e-01
2.238721251487731934e-01,2.957673072814941406e-01
1.448392868041992188e-05,-2.253301739692687988e-01
2.754229307174682617e-02,2.923169136047363281e-01
1.216185092926025391e-02,9.833218455314636230e-01
3.630780577659606934e-01,7.691137194633483887e-01
2.851021289825439453e-02,6.609965562820434570e-01
2.290867567062377930e-01,7.999907732009887695e-01
7.690801620483398438e-01,1.075388669967651367e+00
7.792395949363708496e-01,8.831570148468017578e-01
5.757808685302734375e-05,-1.037857532501220703e-01
1.096478104591369629e-01,5.103315114974975586e-01
3.311312198638916016e-02,2.636855244636535645e-01
9.756002426147460938e-01,9.209356904029846191e-01
1.740455627441406250e-05,1.911404132843017578e-01
9.384105801582336426e-01,8.731887340545654297e-01
2.139806747436523438e-05,-9.331708550453186035e-01
8.317638039588928223e-01,5.107792019844055176e-01
1.740455627441406250e-05,1.462304592132568359e-01
9.089795947074890137e-01,9.810237288475036621e-01
3.630816936492919922e-03,5.888053178787231445e-01
6.165951490402221680e-02,9.293282032012939453e-01
7.740992903709411621e-01,8.266785144805908203e-01
8.960095643997192383e-01,9.857447147369384766e-01
6.165950298309326172e-01,4.150755405426025391e-01
9.936988353729248047e-01,9.296091198921203613e-01
1.448392868041992188e-05,1.874566078186035156e-04
1.448392868041992188e-05,4.596076011657714844e-01
1.448392868041992188e-05,-2.794105410575866699e-01
9.649375081062316895e-01,9.657488465309143066e-01
1.230269074440002441e-01,2.026491165161132812e-01
8.912509679794311523e-01,1.456235647201538086e-01
7.185750603675842285e-01,1.015643835067749023e+00
7.508961558341979980e-01,1.052572727203369141e+00
2.398833036422729492e-01,4.077327847480773926e-01
3.802776336669921875e-05,-1.052899360656738281e-01
1.448392868041992188e-05,2.578410506248474121e-01
5.128613710403442383e-01,4.077773690223693848e-01
1.071519255638122559e-01,8.765028715133666992e-01
2.398848533630371094e-03,1.754860877990722656e-01
1.740455627441406250e-05,-4.115754961967468262e-01
9.211893081665039062e-01,9.583470821380615234e-01
3.981071710586547852e-02,6.250072717666625977e-01
1.819729804992675781e-04,1.059387445449829102e+00
7.848153710365295410e-01,7.105880975723266602e-01
6.760829687118530273e-01,6.008807420730590820e-01
1.448392868041992188e-05,2.531045675277709961e-02
1.071518659591674805e-02,4.228478074073791504e-01
2.754211425781250000e-03,2.564065456390380859e-01
5.128616094589233398e-02,1.315872669219970703e-01
1.817941665649414062e-05,3.550446629524230957e-01
1.448392868041992188e-05,4.238111972808837891e-01
6.852560639381408691e-01,8.411540389060974121e-01
7.079458236694335938e-01,4.087152481079101562e-01
9.978951215744018555e-01,9.926013946533203125e-01
3.019988536834716797e-03,7.437454462051391602e-01
1.448392868041992188e-05,2.405218482017517090e-01
4.172325134277343750e-05,3.473551273345947266e-01
3.890454769134521484e-03,6.483030319213867188e-02
9.549925923347473145e-01,1.044598937034606934e+00
9.485317468643188477e-01,1.048647999763488770e+00
9.990249276161193848e-01,1.050331592559814453e+00
7.079458236694335938e-01,6.843997240066528320e-01
7.762471437454223633e-01,4.466459155082702637e-01
7.956119179725646973e-01,1.114099502563476562e+00
2.398848533630371094e-03,1.200025677680969238e-01
4.571676254272460938e-05,3.859987854957580566e-01
7.098071575164794922e-01,8.802779912948608398e-01
8.600739836692810059e-01,9.298644065856933594e-01
1.584887504577636719e-04,-2.371615171432495117e-02
4.365146160125732422e-03,2.005046606063842773e-02
1.740455627441406250e-05,1.457392930984497070e+00
6.456553936004638672e-03,1.506925821304321289e-01
1.448392868041992188e-05,1.133221387863159180e-01
1.740455627441406250e-05,2.161232829093933105e-01
9.639723896980285645e-01,9.833796620368957520e-01
9.163202047348022461e-01,9.156083464622497559e-01
1.740455627441406250e-05,2.196246385574340820e-01
5.128979682922363281e-04,4.453417658805847168e-01
1.740455627441406250e-05,1.000775456428527832e+00
1.740455627441406250e-05,-5.738991498947143555e-02
9.106127023696899414e-01,1.225159525871276855e+00
1.448392868041992188e-05,1.351069211959838867e-01
2.398833036422729492e-01,3.704060316085815430e-01
4.899501800537109375e-05,2.079642415046691895e-01
1.380384564399719238e-01,2.838608026504516602e-01
4.466837644577026367e-02,2.551231384277343750e-01
1.740455627441406250e-05,2.952622175216674805e-01
7.462149858474731445e-01,8.485895395278930664e-01
8.912509679794311523e-01,1.102685928344726562e+00
5.888938903808593750e-05,2.405937910079956055e-01
8.511543273925781250e-04,3.397822380065917969e-01
1.230269074440002441e-01,3.911210298538208008e-01
8.401194214820861816e-01,8.825585842132568359e-01
9.003450274467468262e-01,9.166773557662963867e-01
1.023293137550354004e-01,8.822628259658813477e-01
5.623412132263183594e-02,2.392221689224243164e-01
8.912509679794311523e-02,4.087439179420471191e-01
8.128305077552795410e-01,2.996248006820678711e-01
8.128305077552795410e-01,8.614791631698608398e-01
8.113865256309509277e-01,8.808149695396423340e-01
7.554749250411987305e-01,8.224176168441772461e-01
7.222030758857727051e-01,1.045371890068054199e+00
7.421289682388305664e-01,6.852510571479797363e-01
8.035567402839660645e-01,8.159335851669311523e-01
1.740455627441406250e-05,-1.537067294120788574e-01
4.073804616928100586e-02,5.188437104225158691e-01
7.413102388381958008e-01,7.123075723648071289e-01
8.511380553245544434e-01,4.790130853652954102e-01
4.677355289459228516e-03,2.589804530143737793e-01
7.585775852203369141e-02,1.885321140289306641e-01
1.448392868041992188e-05,1.563873887062072754e-01
9.549927711486816406e-02,1.071654558181762695e+00
9.371374845504760742e-01,7.898773550987243652e-01
1.448392868041992188e-05,3.815737366676330566e-01
8.733506202697753906e-01,1.013277292251586914e+00
1.841783523559570312e-05,1.247987747192382812e-01
7.871016860008239746e-01,1.104774713516235352e+00
7.079482078552246094e-03,2.565879821777343750e-01
9.971660971641540527e-01,1.015660047531127930e+00
9.249587059020996094e-01,9.454281330108642578e-01
7.013726234436035156e-01,9.956201910972595215e-01
8.917357325553894043e-01,8.795989155769348145e-01
9.379441738128662109e-01,9.777755141258239746e-01
7.762473821640014648e-02,3.254514932632446289e-01
2.238750457763671875e-04,1.800096035003662109e-02
2.041739225387573242e-02,3.858095407485961914e-02
1.949844956398010254e-01,8.239772319793701172e-01
1.740455627441406250e-05,5.958305597305297852e-01
8.511380553245544434e-01,6.252658367156982422e-01
1.740455627441406250e-05,2.554463148117065430e-01
9.871252775192260742e-01,8.415135741233825684e-01
8.023078441619873047e-01,9.599579572677612305e-01
1.740455627441406250e-05,4.965556263923645020e-01
4.073802828788757324e-01,-3.600066900253295898e-02
5.248069763183593750e-03,2.705507278442382812e-01
3.019951879978179932e-01,3.612790703773498535e-01
4.786300957202911377e-01,4.121683239936828613e-01
9.718874692916870117e-01,1.001293063163757324e+00
4.073802828788757324e-01,4.308123588562011719e-01
6.025612354278564453e-03,-1.696265935897827148e-01
2.187761664390563965e-01,2.658075690269470215e-01
1.448392868041992188e-05,1.346566081047058105e-01
3.235936164855957031e-04,6.934785842895507812e-02
4.677351415157318115e-01,4.803796410560607910e-01
4.466836154460906982e-01,9.756574630737304688e-01
1.740455627441406250e-05,3.276016116142272949e-01
1.448392868041992188e-05,-4.969912767410278320e-02
2.570396661758422852e-02,2.338932752609252930e-01
8.317649364471435547e-03,3.717896342277526855e-01
1.174897551536560059e-01,1.166010975837707520e+00
9.431438446044921875e-01,1.170979976654052734e+00
1.448392868041992188e-05,-1.003593802452087402e-01
1.740455627441406250e-05,2.196100354194641113e-01
8.317637443542480469e-02,4.076511263847351074e-01
1.548816561698913574e-01,3.613907694816589355e-01
4.168694019317626953e-01,6.639422774314880371e-01
2.238720655441284180e-02,3.586449623107910156e-01
5.754399299621582031e-01,1.099232435226440430e+00
7.670775055885314941e-01,8.821945786476135254e-01
2.884864807128906250e-05,-1.077454090118408203e-01
2.344232797622680664e-02,2.687593698501586914e-01
6.760835647583007812e-03,3.111028671264648438e-01
9.527865052223205566e-01,1.002169609069824219e+00
7.310730218887329102e-01,1.921960830688476562e+00
5.128616094589233398e-02,1.175273895263671875e+00
3.981071710586547852e-01,3.079769611358642578e-01
7.413089275360107422e-03,1.179299950599670410e-01
1.740455627441406250e-05,2.593308687210083008e-02
1.817941665649414062e-05,-2.446693778038024902e-01
9.913142323493957520e-01,7.818253636360168457e-01
1.819729804992675781e-03,2.932720780372619629e-01
2.290867567062377930e-01,3.240118622779846191e-01
8.993925452232360840e-01,9.876665472984313965e-01
8.111165165901184082e-01,8.483161330223083496e-01
8.695454001426696777e-01,8.588708043098449707e-01
9.490248560905456543e-01,9.172886610031127930e-01
8.591918945312500000e-01,8.652647137641906738e-01
7.066104412078857422e-01,1.104977965354919434e+00
1.448392868041992188e-05,3.495659828186035156e-01
8.709669113159179688e-03,2.785613536834716797e-01
9.386084079742431641e-01,9.110260605812072754e-01
1.862087249755859375e-01,2.685414552688598633e-01
3.090295493602752686e-01,7.279358506202697754e-01
2.570396661758422852e-02,5.168020129203796387e-01
4.570901393890380859e-03,1.102231144905090332e-01
7.317894101142883301e-01,1.054103612899780273e+00
9.636490345001220703e-01,8.920987844467163086e-01
7.989303469657897949e-01,8.379641771316528320e-01
6.980518102645874023e-01,7.337709069252014160e-01
5.754399299621582031e-02,2.248808145523071289e-01
7.628183960914611816e-01,9.699915051460266113e-01
7.860429286956787109e-01,1.142215967178344727e+00
5.623698234558105469e-04,3.998782038688659668e-01
7.117920517921447754e-01,8.991032242774963379e-01
3.467368483543395996e-01,9.900020360946655273e-01
2.238721251487731934e-01,8.339970111846923828e-01
8.320808410644531250e-05,2.004421949386596680e-01
7.079482078552246094e-03,6.711580753326416016e-01
2.884864807128906250e-05,5.881959199905395508e-02
1.000000000000000000e+00,9.911047816276550293e-01
1.000000000000000000e+00,9.911047816276550293e-01
1.000000000000000000e+00,1.055893421173095703e+00
1.000000000000000000e+00,9.911047816276550293e-01
1.000000000000000000e+00,9.911047816276550293e-01
1.000000000000000000e+00,1.019554853439331055e+00
1.000000000000000000e+00,9.911047816276550293e-01
1.000000000000000000e+00,9.911047816276550293e-01
1.000000000000000000e+00,9.911047816276550293e-01
1.000000000000000000e+00,9.911047816276550293e-01
1.000000000000000000e+00,1.086793661117553711e+00
1.000000000000000000e+00,9.911047816276550293e-01
1.000000000000000000e+00,1.085532426834106445e+00
1.000000000000000000e+00,9.612009525299072266e-01
1.000000000000000000e+00,1.384300827980041504e+00
1.000000000000000000e+00,5.416494607925415039e-02
1.000000000000000000e+00,9.911047816276550293e-01
1.000000000000000000e+00,8.713989257812500000e-01
1.000000000000000000e+00,9.911047816276550293e-01
1.000000000000000000e+00,9.911047816276550293e-01
1.000000000000000000e+00,1.205600738525390625e+00
1.000000000000000000e+00,9.911047816276550293e-01
1.000000000000000000e+00,9.911047816276550293e-01
1.000000000000000000e+00,9.911047816276550293e-01
1.000000000000000000e+00,1.241093277931213379e-01
1.000000000000000000e+00,1.014953732490539551e+00
1.000000000000000000e+00,1.023645997047424316e+00
1.000000000000000000e+00,1.035432815551757812e+00
1.000000000000000000e+00,9.911047816276550293e-01
1.000000000000000000e+00,9.911047816276550293e-01
1.000000000000000000e+00,9.911047816276550293e-01
1.000000000000000000e+00,4.925211668014526367e-01
1.000000000000000000e+00,1.071042060852050781e+00
1.000000000000000000e+00,8.276266455650329590e-01
1.000000000000000000e+00,3.988012075424194336e-01
1.000000000000000000e+00,2.073439955711364746e-01
1.000000000000000000e+00,9.911047816276550293e-01
1.000000000000000000e+00,1.187613964080810547e+00
1.000000000000000000e+00,7.346376776695251465e-01
1.000000000000000000e+00,9.911047816276550293e-01
1.000000000000000000e+00,8.312410116195678711e-01
1.000000000000000000e+00,9.911047816276550293e-01
1.000000000000000000e+00,9.911047816276550293e-01
1.000000000000000000e+00,9.911047816276550293e-01
1.000000000000000000e+00,4.901859462261199951e-01
1.000000000000000000e+00,9.911047816276550293e-01
1.000000000000000000e+00,9.911047816276550293e-01
1.000000000000000000e+00,7.545195221900939941e-01
1.000000000000000000e+00,1.104507684707641602e+00
1.000000000000000000e+00,6.925392746925354004e-01
1.000000000000000000e+00,1.201211214065551758e+00
1.000000000000000000e+00,9.911047816276550293e-01
1.000000000000000000e+00,9.026448130607604980e-01
1.000000000000000000e+00,1.037898659706115723e+00
1.000000000000000000e+00,9.911047816276550293e-01
1.000000000000000000e+00,8.064732551574707031e-01
1.000000000000000000e+00,9.911047816276550293e-01
1.000000000000000000e+00,9.911047816276550293e-01
1.000000000000000000e+00,9.911047816276550293e-01
1.000000000000000000e+00,9.911047816276550293e-01
1.000000000000000000e+00,9.911047816276550293e-01
1.000000000000000000e+00,5.575808286666870117e-01
1.000000000000000000e+00,5.950732231140136719e-01
1.000000000000000000e+00,9.911047816276550293e-01
1.000000000000000000e+00,1.381539344787597656e+00
1.000000000000000000e+00,1.176189184188842773e+00
1.000000000000000000e+00,9.892802834510803223e-01
1.000000000000000000e+00,9.911047816276550293e-01
1.000000000000000000e+00,9.807224869728088379e-01
1.000000000000000000e+00,9.689369797706604004e-01
1.000000000000000000e+00,9.911047816276550293e-01
1.000000000000000000e+00,9.911047816276550293e-01
1.000000000000000000e+00,9.911047816276550293e-01
1.000000000000000000e+00,9.911047816276550293e-01
1.000000000000000000e+00,3.787027001380920410e-01
1.000000000000000000e+00,5.555127859115600586e-01
1.000000000000000000e+00,9.948107600212097168e-01
1.000000000000000000e+00,9.911047816276550293e-01
1.000000000000000000e+00,-3.988041281700134277e-01
1.000000000000000000e+00,9.911047816276550293e-01
1.000000000000000000e+00,-2.164397835731506348e-01
1.000000000000000000e+00,9.911047816276550293e-01
1.000000000000000000e+00,9.911047816276550293e-01
1.000000000000000000e+00,9.911047816276550293e-01
1.000000000000000000e+00,9.911047816276550293e-01
1.000000000000000000e+00,1.121587991714477539e+00
1.000000000000000000e+00,9.911047816276550293e-01
1.000000000000000000e+00,9.911047816276550293e-01
1.000000000000000000e+00,9.911047816276550293e-01
1.000000000000000000e+00,9.911047816276550293e-01
1.000000000000000000e+00,9.911047816276550293e-01
1.000000000000000000e+00,9.911047816276550293e-01
1.000000000000000000e+00,1.381453990936279297e+00
1.000000000000000000e+00,1.076811432838439941e+00
1.000000000000000000e+00,9.911047816276550293e-01
1.000000000000000000e+00,4.427351951599121094e-01
1.000000000000000000e+00,9.911047816276550293e-01
1.000000000000000000e+00,9.911047816276550293e-01
1.000000000000000000e+00,1.072098493576049805e+00
1.000000000000000000e+00,9.009910225868225098e-01
1.000000000000000000e+00,9.911047816276550293e-01
1.000000000000000000e+00,1.239717006683349609e+00
1.000000000000000000e+00,9.911047816276550293e-01
1.000000000000000000e+00,9.911047816276550293e-01
1.000000000000000000e+00,9.911047816276550293e-01
1.000000000000000000e+00,1.083258628845214844e+00
1.000000000000000000e+00,7.016740441322326660e-01
1.000000000000000000e+00,9.911047816276550293e-01
1.000000000000000000e+00,9.911047816276550293e-01
1.000000000000000000e+00,9.911047816276550293e-01
1.000000000000000000e+00,9.911047816276550293e-01
1.000000000000000000e+00,1.142003417015075684e+00
