1.000000000000000000e+00,9.866720438003540039e-01
1.000000000000000000e+00,8.147742748260498047e-01
1.000000000000000000e+00,1.002605795860290527e+00
1.000000000000000000e+00,5.388219952583312988e-01
1.000000000000000000e+00,1.078000426292419434e+00
1.023293018341064453e+00,8.254880905151367188e-01
1.023293018341064453e+00,8.919363021850585938e-01
1.096478223800659180e+00,9.514375925064086914e-01
1.023293018341064453e+00,2.873718738555908203e-01
1.348962903022766113e+00,1.164077639579772949e+00
1.082001566886901855e+00,1.436041712760925293e+00
1.148153662681579590e+00,2.953473925590515137e-01
2.568274974822998047e+00,1.207506418228149414e+00
1.288249492645263672e+00,1.217577576637268066e+00
1.348962903022766113e+00,1.277981519699096680e+00
1.096478223800659180e+00,5.331900119781494141e-01
1.548816680908203125e+00,4.849699437618255615e-01
1.348962903022766113e+00,3.573015928268432617e-01
1.023293018341064453e+00,5.547603964805603027e-01
2.108918905258178711e+00,1.239171028137207031e+00
3.311311244964599609e+00,8.064976334571838379e-01
2.002974271774291992e+00,1.699093818664550781e+00
1.080794811248779297e+00,7.532774209976196289e-01
1.056310176849365234e+00,1.053653001785278320e+00
1.174897551536560059e+00,6.054505109786987305e-01
1.013346076011657715e+00,9.656976461410522461e-01
2.998515367507934570e+00,1.955932140350341797e+00
2.963892936706542969e+00,1.419095516204833984e+00
1.047128558158874512e+00,1.284190654754638672e+00
1.023293018341064453e+00,1.231754899024963379e+00
1.096478223800659180e+00,1.086118936538696289e+00
1.359645962715148926e+00,8.714448809623718262e-01
3.405436277389526367e+00,1.284904241561889648e+00
1.445439815521240234e+00,1.240309715270996094e+00
1.042133212089538574e+00,1.144731283187866211e+00
1.109174847602844238e+00,9.065983295440673828e-01
1.023293018341064453e+00,9.129567742347717285e-01
1.148153662681579590e+00,9.379448890686035156e-01
1.096478223800659180e+00,5.258388519287109375e-01
1.106108427047729492e+00,1.062413215637207031e+00
1.071519374847412109e+00,5.059173703193664551e-01
1.090286850929260254e+00,7.670177221298217773e-01
1.047128558158874512e+00,1.200536966323852539e+00
1.096478223800659180e+00,1.040204048156738281e+00
1.348962903022766113e+00,1.323291301727294922e+00
1.055480599403381348e+00,8.495864272117614746e-01
1.380384206771850586e+00,1.223080992698669434e+00
1.047128558158874512e+00,7.549747228622436523e-01
1.165793418884277344e+00,9.548538923263549805e-01
2.744106531143188477e+00,2.395086526870727539e+00
1.174897551536560059e+00,8.643830418586730957e-01
1.071519374847412109e+00,1.393032073974609375e+00
1.013834357261657715e+00,8.612573146820068359e-01
1.071519374847412109e+00,6.001340150833129883e-01
1.054147481918334961e+00,8.449699282646179199e-01
1.109174847602844238e+00,8.229669332504272461e-01
1.071519374847412109e+00,7.717711925506591797e-01
1.307896137237548828e+00,1.150857686996459961e+00
1.328899383544921875e+00,1.699739456176757812e+00
1.047128558158874512e+00,1.061027288436889648e+00
2.910980939865112305e+00,1.100587606430053711e+00
1.023293018341064453e+00,4.228442013263702393e-01
1.096478223800659180e+00,2.998441457748413086e-02
1.148153662681579590e+00,9.905822277069091797e-01
1.119367480278015137e+00,9.160489439964294434e-01
1.023293018341064453e+00,8.784907460212707520e-01
1.174897551536560059e+00,1.464857697486877441e+00
1.026201248168945312e+00,9.762330651283264160e-01
1.023293018341064453e+00,1.050723195075988770e+00
3.250828266143798828e+00,4.887084364891052246e-01
1.285832881927490234e+00,9.873197674751281738e-01
1.548816680908203125e+00,1.236470699310302734e+00
1.023293018341064453e+00,1.413838624954223633e+00
1.023293018341064453e+00,8.232115507125854492e-01
1.273503065109252930e+00,4.595721960067749023e-01
1.023293018341064453e+00,1.005242943763732910e+00
1.071519374847412109e+00,1.084742903709411621e+00
1.348962903022766113e+00,1.151897788047790527e+00
1.122018456459045410e+00,9.433046579360961914e-01
1.096478223800659180e+00,1.058456301689147949e+00
1.389257431030273438e+00,1.156826496124267578e+00
1.445439815521240234e+00,-2.426944375038146973e-01
1.083926916122436523e+00,6.501615047454833984e-02
1.071519374847412109e+00,4.570565819740295410e-01
1.479108333587646484e+00,1.048021197319030762e+00
1.737800836563110352e+00,1.233893513679504395e+00
1.223053932189941406e+00,8.601807355880737305e-01
1.023293018341064453e+00,1.094935655593872070e+00
1.122018456459045410e+00,1.332551121711730957e+00
1.244514584541320801e+00,1.060911297798156738e+00
1.258925437927246094e+00,3.207094073295593262e-01
1.084692358970642090e+00,1.003431677818298340e+00
1.230268716812133789e+00,1.030885219573974609e+00
1.905460834503173828e+00,1.771214246749877930e+00
2.072759866714477539e+00,5.020582675933837891e-01
1.949844598770141602e+00,6.422777175903320312e-01
1.023293018341064453e+00,8.622803688049316406e-01
1.148153662681579590e+00,9.860448837280273438e-01
1.023293018341064453e+00,1.090870261192321777e+00
1.380384206771850586e+00,5.428273677825927734e-01
1.023293018341064453e+00,9.686218500137329102e-01
1.023293018341064453e+00,8.862445354461669922e-01
1.025286197662353516e+00,9.034045338630676270e-01
1.071519374847412109e+00,1.002812385559082031e+00
1.174897551536560059e+00,1.302374839782714844e+00
1.071519374847412109e+00,1.150527715682983398e+00
1.038315534591674805e+00,9.413408041000366211e-01
1.380384206771850586e+00,1.343226432800292969e+00
1.174897551536560059e+00,1.723977327346801758e+00
1.258925437927246094e+00,3.836477696895599365e-01
1.364583134651184082e+00,1.185034036636352539e+00
1.047498345375061035e+00,1.090209484100341797e+00
1.066687941551208496e+00,1.002968311309814453e+00
1.047128558158874512e+00,6.428021788597106934e-01
1.122018456459045410e+00,6.360939145088195801e-01
1.205691695213317871e+00,1.193621635437011719e+00
1.071519374847412109e+00,1.202797770500183105e+00
1.079803943634033203e+00,1.013360142707824707e+00
1.014624595642089844e+00,1.041094779968261719e+00
1.402933001518249512e+00,9.466705322265625000e-01
1.023293018341064453e+00,9.277350306510925293e-01
1.122018456459045410e+00,3.419379889965057373e-01
1.047128558158874512e+00,1.086378216743469238e+00
1.096478223800659180e+00,4.203431010246276855e-01
1.096478223800659180e+00,1.440805435180664062e+00
1.126878619194030762e+00,9.329003095626831055e-01
1.002393007278442383e+00,9.771269559860229492e-01
1.326468706130981445e+00,7.733233571052551270e-01
1.288249492645263672e+00,1.011782288551330566e+00
1.122018456459045410e+00,1.051670789718627930e+00
1.290775775909423828e+00,7.482028007507324219e-01
1.202796936035156250e+00,8.584396243095397949e-01
1.080270409584045410e+00,9.392564296722412109e-01
1.061343193054199219e+00,8.467346429824829102e-01
1.071519374847412109e+00,6.192420721054077148e-01
1.096478223800659180e+00,7.668538093566894531e-01
1.318256735801696777e+00,1.016407966613769531e+00
1.096478223800659180e+00,1.687199473381042480e-01
1.047128558158874512e+00,2.268880009651184082e-01
1.047128558158874512e+00,1.068763732910156250e+00
1.318256735801696777e+00,-4.531516432762145996e-01
1.148153662681579590e+00,8.845345973968505859e-01
1.778279423713684082e+00,1.471016168594360352e+00
1.348962903022766113e+00,1.506110310554504395e+00
1.130430221557617188e+00,8.652933835983276367e-01
1.115083456039428711e+00,9.336283802986145020e-01
1.071519374847412109e+00,1.053116083145141602e+00
1.071519374847412109e+00,1.035036802291870117e+00
1.151214480400085449e+00,8.561041951179504395e-01
1.023293018341064453e+00,1.137881159782409668e+00
1.148153662681579590e+00,5.667328834533691406e-01
1.835781097412109375e+00,2.212885141372680664e+00
1.188379406929016113e+00,1.004930377006530762e+00
1.071519374847412109e+00,8.247943520545959473e-01
1.348962903022766113e+00,7.870520949363708496e-01
1.230268716812133789e+00,6.982551217079162598e-01
1.167091965675354004e+00,9.355742931365966797e-01
1.011579513549804688e+00,5.907709002494812012e-01
1.122018456459045410e+00,1.130188226699829102e+00
1.355789661407470703e+00,8.731585741043090820e-01
1.048350334167480469e+00,9.826915264129638672e-01
1.023293018341064453e+00,7.390679717063903809e-01
1.258925437927246094e+00,7.525196671485900879e-01
1.007982611656188965e+00,1.210264682769775391e+00
1.202264428138732910e+00,1.379576206207275391e+00
1.052855730056762695e+00,9.704129099845886230e-01
1.039693951606750488e+00,9.452062845230102539e-01
1.174897551536560059e+00,1.422817945480346680e+00
1.047128558158874512e+00,1.235814809799194336e+00
3.016790390014648438e+00,1.956847190856933594e+00
1.071519374847412109e+00,9.584863185882568359e-01
1.118672370910644531e+00,9.837238192558288574e-01
1.479108333587646484e+00,1.115678071975708008e+00
1.023293018341064453e+00,1.117714643478393555e+00
1.023293018341064453e+00,1.272115468978881836e+00
1.330983519554138184e+00,8.554579019546508789e-01
1.032426834106445312e+00,1.003837585449218750e+00
1.071519374847412109e+00,1.621950268745422363e-01
1.513561248779296875e+00,1.320274591445922852e+00
1.023293018341064453e+00,9.087579250335693359e-01
1.004390954971313477e+00,1.035833597183227539e+00
1.123856067657470703e+00,9.976763725280761719e-01
1.202264428138732910e+00,1.340799331665039062e-01
2.137962102890014648e+00,3.331629335880279541e-01
2.089296102523803711e+00,1.615409851074218750e-01
1.047128558158874512e+00,1.034188389778137207e+00
1.023293018341064453e+00,1.043365359306335449e+00
1.023293018341064453e+00,1.144372224807739258e+00
1.023293018341064453e+00,1.031619548797607422e+00
1.075264453887939453e+00,1.009155988693237305e+00
1.071519374847412109e+00,9.853984117507934570e-01
1.412537574768066406e+00,6.075450181961059570e-01
1.174897551536560059e+00,1.379135251045227051e+00
1.885330915451049805e+00,2.100104093551635742e+00
1.146673083305358887e+00,1.039193630218505859e+00
1.122018456459045410e+00,7.370994687080383301e-01
2.358263015747070312e+00,1.443606138229370117e+00
1.096478223800659180e+00,5.279247760772705078e-01
1.047128558158874512e+00,1.040827989578247070e+00
1.096478223800659180e+00,1.070838332176208496e+00
3.451186656951904297e+00,8.947836756706237793e-01
1.118277072906494141e+00,7.162532806396484375e-01
1.066459536552429199e+00,9.838215112686157227e-01
1.053261518478393555e+00,9.761760234832763672e-01
1.225831270217895508e+00,1.775553226470947266e+00
1.036583781242370605e+00,9.122747778892517090e-01
1.381441831588745117e+00,1.276731133460998535e+00
1.071519374847412109e+00,5.037335753440856934e-01
3.404333353042602539e+00,1.252455234527587891e+00
1.017599105834960938e+00,9.425682425498962402e-01
1.071519374847412109e+00,-3.532052040100097656e-03
1.258925437927246094e+00,1.435812830924987793e+00
1.778279423713684082e+00,1.973593473434448242e+00
1.226230382919311523e+00,1.061803340911865234e+00
1.047128558158874512e+00,2.223949432373046875e-01
1.023293018341064453e+00,1.042058587074279785e+00
1.010811924934387207e+00,1.318230390548706055e+00
1.202264428138732910e+00,9.121832847595214844e-01
1.047128558158874512e+00,8.034480810165405273e-01
1.185347080230712891e+00,1.650638103485107422e+00
1.096478223800659180e+00,9.267021417617797852e-01
1.018437147140502930e+00,8.328232169151306152e-01
1.174897551536560059e+00,1.120360493659973145e+00
2.023672580718994141e+00,1.527163982391357422e+00
1.174897551536560059e+00,8.792514801025390625e-01
2.932484149932861328e+00,1.630965471267700195e+00
1.081845998764038086e+00,9.358220100402832031e-01
1.479108333587646484e+00,3.097817301750183105e-01
1.122018456459045410e+00,1.184474229812622070e+00
1.118342041969299316e+00,1.040674448013305664e+00
1.096478223800659180e+00,5.690445899963378906e-01
1.122018456459045410e+00,3.657919168472290039e-01
1.031242609024047852e+00,1.076585531234741211e+00
1.122018456459045410e+00,8.620852231979370117e-01
1.139535307884216309e+00,1.025783777236938477e+00
1.003615498542785645e+00,8.301190733909606934e-01
1.023293018341064453e+00,8.187114000320434570e-01
1.023293018341064453e+00,1.062367439270019531e+00
1.047128558158874512e+00,1.012248992919921875e+00
1.202264428138732910e+00,7.574626803398132324e-01
1.096478223800659180e+00,1.117922306060791016e+00
1.148153662681579590e+00,3.610665202140808105e-01
1.064068198204040527e+00,9.407432079315185547e-01
1.411963701248168945e+00,8.519009351730346680e-01
1.148153662681579590e+00,1.315312266349792480e+00
3.937418222427368164e+00,1.101707696914672852e+00
1.380384206771850586e+00,7.119738459587097168e-01
1.314255595207214355e+00,7.436287403106689453e-01
1.288249492645263672e+00,4.687942266464233398e-01
1.148153662681579590e+00,4.946213364601135254e-01
1.288249492645263672e+00,5.607975125312805176e-01
1.037167191505432129e+00,1.014647483825683594e+00
1.027872443199157715e+00,9.749881029129028320e-01
1.025221586227416992e+00,1.010495185852050781e+00
1.004354715347290039e+00,1.070023059844970703e+00
1.631533980369567871e+00,7.803862690925598145e-01
1.047128558158874512e+00,7.423430681228637695e-01
1.071519374847412109e+00,8.817307949066162109e-01
1.078596353530883789e+00,9.096580743789672852e-01
1.071519374847412109e+00,4.114842116832733154e-01
1.148414850234985352e+00,8.582131862640380859e-01
1.071519374847412109e+00,9.555304646492004395e-01
1.348962903022766113e+00,1.246906638145446777e+00
1.071519374847412109e+00,3.441324234008789062e-01
1.202264428138732910e+00,9.482539296150207520e-01
1.034144043922424316e+00,8.883327245712280273e-01
1.216789007186889648e+00,1.014942407608032227e+00
1.479108333587646484e+00,8.961424827575683594e-01
1.056886434555053711e+00,1.010095715522766113e+00
1.047128558158874512e+00,5.091164112091064453e-01
1.105899810791015625e+00,1.090254187583923340e+00
1.104201078414916992e+00,8.582963943481445312e-01
1.230268716812133789e+00,1.029397726058959961e+00
1.842617273330688477e+00,1.166821956634521484e+00
1.148153662681579590e+00,1.384595036506652832e+00
1.096478223800659180e+00,9.783759713172912598e-01
1.513561248779296875e+00,1.123376607894897461e+00
1.015551805496215820e+00,1.031565070152282715e+00
1.047128558158874512e+00,9.348546862602233887e-01
1.045097112655639648e+00,8.452836871147155762e-01
1.548816680908203125e+00,1.383461475372314453e+00
1.023380875587463379e+00,8.877562284469604492e-01
1.096478223800659180e+00,8.928241729736328125e-01
1.230268716812133789e+00,6.701439023017883301e-01
1.148153662681579590e+00,1.027599096298217773e+00
1.230268716812133789e+00,1.358526706695556641e+00
1.047128558158874512e+00,6.375423669815063477e-01
1.258925437927246094e+00,7.718749642372131348e-01
1.030819416046142578e+00,9.818676710128784180e-01
1.174897551536560059e+00,8.636606931686401367e-01
1.096478223800659180e+00,1.487895488739013672e+00
1.192885279655456543e+00,1.062953233718872070e+00
1.079528689384460449e+00,9.634921550750732422e-01
1.047128558158874512e+00,8.076413869857788086e-01
1.065193176269531250e+00,1.002616643905639648e+00
1.967815160751342773e+00,1.281558513641357422e+00
1.258925437927246094e+00,4.801627397537231445e-01
1.202264428138732910e+00,5.296306610107421875e-01
1.047128558158874512e+00,1.026819944381713867e+00
1.067659854888916016e+00,9.163093566894531250e-01
1.380384206771850586e+00,7.497652769088745117e-01
1.202264428138732910e+00,1.015068173408508301e+00
1.047128558158874512e+00,6.889854073524475098e-01
1.023293018341064453e+00,9.441092610359191895e-01
1.047128558158874512e+00,5.746088027954101562e-01
1.594013929367065430e+00,1.134199500083923340e+00
1.031332612037658691e+00,9.703596830368041992e-01
1.165066242218017578e+00,9.398131370544433594e-01
1.258925437927246094e+00,1.148201465606689453e+00
1.096478223800659180e+00,3.476692736148834229e-01
1.237832188606262207e+00,9.781780242919921875e-01
1.773354649543762207e+00,8.756012916564941406e-01
1.148153662681579590e+00,8.325915336608886719e-01
1.122018456459045410e+00,7.398614883422851562e-01
1.302286863327026367e+00,6.171177625656127930e-01
1.071519374847412109e+00,1.075947403907775879e+00
1.148153662681579590e+00,2.756022810935974121e-01
1.096478223800659180e+00,8.966250419616699219e-01
1.621810197830200195e+00,1.293925642967224121e-01
1.202264428138732910e+00,8.165466189384460449e-01
1.288249492645263672e+00,-5.174111723899841309e-01
1.047128558158874512e+00,7.937903404235839844e-01
1.071519374847412109e+00,8.193752765655517578e-01
1.096478223800659180e+00,2.381858825683593750e-01
1.090556859970092773e+00,1.441481351852416992e+00
1.122018456459045410e+00,1.455177664756774902e-01
1.023293018341064453e+00,3.090570271015167236e-01
1.071519374847412109e+00,1.053402185440063477e+00
1.548816680908203125e+00,9.033191204071044922e-01
1.047128558158874512e+00,1.185254573822021484e+00
1.380384206771850586e+00,4.063177406787872314e-01
1.621810197830200195e+00,1.584536075592041016e+00
1.024273872375488281e+00,8.816072344779968262e-01
1.174897551536560059e+00,9.634830355644226074e-01
1.006278038024902344e+00,9.921351075172424316e-01
1.698243618011474609e+00,1.120051860809326172e+00
1.047128558158874512e+00,6.276125907897949219e-01
1.096478223800659180e+00,1.109422922134399414e+00
1.096478223800659180e+00,8.260051012039184570e-01
1.071519374847412109e+00,7.136769294738769531e-01
1.258925437927246094e+00,1.339141130447387695e+00
1.798870921134948730e+00,1.889441013336181641e+00
1.157297372817993164e+00,1.137281537055969238e+00
1.047128558158874512e+00,5.340871810913085938e-01
1.032761573791503906e+00,1.087676167488098145e+00
1.950072765350341797e+00,2.606629133224487305e+00
1.080367326736450195e+00,1.001674532890319824e+00
1.148153662681579590e+00,1.025920391082763672e+00
1.122018456459045410e+00,5.808407068252563477e-02
1.037051200866699219e+00,8.325349688529968262e-01
1.316835999488830566e+00,8.883808851242065430e-01
1.047128558158874512e+00,1.398295164108276367e+00
1.122018456459045410e+00,1.501004338264465332e+00
3.003726959228515625e+00,2.512917041778564453e+00
3.167576074600219727e+00,2.059943675994873047e+00
1.047128558158874512e+00,3.583827614784240723e-01
1.380384206771850586e+00,4.025195837020874023e-01
1.023293018341064453e+00,1.273025751113891602e+00
1.009981155395507812e+00,1.013549447059631348e+00
1.380384206771850586e+00,1.069383025169372559e+00
1.036527156829833984e+00,1.480747461318969727e+00
1.071519374847412109e+00,6.055045127868652344e-01
1.096478223800659180e+00,9.263594150543212891e-01
1.047128558158874512e+00,7.679398059844970703e-01
1.202264428138732910e+00,1.019998788833618164e+00
1.023293018341064453e+00,9.970080852508544922e-01
1.258925437927246094e+00,1.124346494674682617e+00
1.258925437927246094e+00,1.044192790985107422e+00
1.070006966590881348e+00,8.643209934234619141e-01
1.053443193435668945e+00,9.752119779586791992e-01
1.202264428138732910e+00,7.658790349960327148e-01
1.023821830749511719e+00,9.766428470611572266e-01
1.037965774536132812e+00,8.788585662841796875e-01
1.122018456459045410e+00,1.123244524002075195e+00
1.000667691230773926e+00,9.984548687934875488e-01
1.174897551536560059e+00,1.007968664169311523e+00
1.007281303405761719e+00,1.292646884918212891e+00
1.048524498939514160e+00,9.078603982925415039e-01
1.023293018341064453e+00,9.858071804046630859e-01
1.071519374847412109e+00,1.262176752090454102e+00
1.096478223800659180e+00,1.072277545928955078e+00
1.023293018341064453e+00,1.046429872512817383e+00
1.023293018341064453e+00,3.030619025230407715e-01
1.047128558158874512e+00,9.945369362831115723e-01
1.023293018341064453e+00,1.041275024414062500e+00
1.087097048759460449e+00,9.720852375030517578e-01
1.011580944061279297e+00,7.834492325782775879e-01
1.258925437927246094e+00,6.159749031066894531e-01
1.491699099540710449e+00,9.452670812606811523e-01
1.208343029022216797e+00,1.024556159973144531e+00
1.258925437927246094e+00,7.716917395591735840e-01
1.096478223800659180e+00,1.244907379150390625e+00
1.096478223800659180e+00,9.983486533164978027e-01
2.630268096923828125e+00,1.279225349426269531e+00
1.053375840187072754e+00,9.584345817565917969e-01
1.412537574768066406e+00,8.930646181106567383e-01
1.015782356262207031e+00,9.836499691009521484e-01
1.122018456459045410e+00,1.107048630714416504e+00
1.039039134979248047e+00,8.194361925125122070e-01
1.082297086715698242e+00,8.880602717399597168e-01
1.023293018341064453e+00,4.910758137702941895e-01
1.862087249755859375e+00,7.114358544349670410e-01
1.047128558158874512e+00,1.117615699768066406e+00
1.071519374847412109e+00,2.991115450859069824e-01
1.227295041084289551e+00,9.143245220184326172e-01
1.122018456459045410e+00,3.768625557422637939e-01
2.420839548110961914e+00,2.403190612792968750e+00
1.308337092399597168e+00,1.268100261688232422e+00
1.148153662681579590e+00,1.156091809272766113e+00
1.074670553207397461e+00,7.481012940406799316e-01
1.008447051048278809e+00,1.283992648124694824e+00
1.182268142700195312e+00,1.080622434616088867e+00
1.230268716812133789e+00,1.237119913101196289e+00
1.288249492645263672e+00,5.019431710243225098e-01
1.148153662681579590e+00,1.015486955642700195e+00
1.044549822807312012e+00,7.392597794532775879e-01
1.202264428138732910e+00,5.947453975677490234e-01
1.020350098609924316e+00,7.207129001617431641e-01
1.202264428138732910e+00,8.142745494842529297e-01
1.050125122070312500e+00,9.938288331031799316e-01
1.179010391235351562e+00,8.659256696701049805e-01
1.458529591560363770e+00,8.968538045883178711e-01
1.230268716812133789e+00,7.077831029891967773e-02
1.024958252906799316e+00,1.203298568725585938e+00
1.089953422546386719e+00,1.085037946701049805e+00
1.122018456459045410e+00,1.078377723693847656e+00
1.513561248779296875e+00,1.098798990249633789e+00
1.071519374847412109e+00,8.909831047058105469e-01
1.548816680908203125e+00,1.174463510513305664e+00
1.057394742965698242e+00,8.298670053482055664e-01
1.047128558158874512e+00,1.003750085830688477e+00
1.202264428138732910e+00,1.158545374870300293e+00
1.149583578109741211e+00,9.317917823791503906e-01
1.102663159370422363e+00,1.306813955307006836e+00
2.097690105438232422e+00,1.279948592185974121e+00
1.052436470985412598e+00,1.012143731117248535e+00
1.047128558158874512e+00,1.226548194885253906e+00
1.071519374847412109e+00,4.295782446861267090e-01
1.554322957992553711e+00,1.151363849639892578e+00
2.159379243850708008e+00,1.146121978759765625e+00
1.288249492645263672e+00,5.103864073753356934e-01
1.151789665222167969e+00,7.881865501403808594e-01
1.757923603057861328e+00,1.362920761108398438e+00
1.071519374847412109e+00,1.078564524650573730e+00
1.129434823989868164e+00,1.120309591293334961e+00
4.265795350074768066e-01,2.895773053169250488e-01
8.064861893653869629e-01,8.875752687454223633e-01
2.454708814620971680e-01,2.067189812660217285e-01
1.445440053939819336e-01,3.688049912452697754e-01
8.325050473213195801e-01,1.023471117019653320e+00
2.511888742446899414e-02,3.359723985195159912e-01
1.448392868041992188e-05,-9.856647253036499023e-02
1.448392868041992188e-05,-1.143118143081665039e-01
7.747735381126403809e-01,8.277178406715393066e-01
2.951209545135498047e-01,6.498737931251525879e-01
9.987136125564575195e-01,9.759141206741333008e-01
2.818382978439331055e-01,4.733297228813171387e-01
8.511380553245544434e-01,3.131821751594543457e-01
1.380384564399719238e-01,3.999496996402740479e-01
5.888438224792480469e-02,1.421399116516113281e-01
1.740455627441406250e-05,-4.485493898391723633e-02
1.448392868041992188e-05,2.310347557067871094e-01
1.448392868041992188e-05,-5.836842656135559082e-01
1.585483551025390625e-05,4.032474160194396973e-01
4.172325134277343750e-05,2.762119770050048828e-01
1.448392868041992188e-05,1.407957673072814941e-01
1.448392868041992188e-05,2.187371253967285156e-02
1.448392868041992188e-05,-9.207469820976257324e-01
2.454708814620971680e-01,9.102885723114013672e-01
2.187788486480712891e-03,4.230546951293945312e-02
2.398836612701416016e-02,-6.443881988525390625e-02
9.762119650840759277e-01,8.114975094795227051e-01
1.740455627441406250e-05,-6.974816322326660156e-02
2.398833036422729492e-01,2.213221192359924316e-01
7.282013893127441406e-01,1.032404899597167969e+00
2.290867567062377930e-01,-3.416610360145568848e-01
7.798515558242797852e-01,5.401783585548400879e-01
3.311311304569244385e-01,2.470350861549377441e-01
8.912509679794311523e-01,9.968676567077636719e-01
9.549925923347473145e-01,9.894968271255493164e-01
4.570882022380828857e-01,4.817692637443542480e-01
5.821032524108886719e-01,7.693353295326232910e-01
1.448392868041992188e-05,1.743732094764709473e-01
1.479107141494750977e-02,4.364398121833801270e-01
9.943349957466125488e-01,9.668304920196533203e-01
7.585775852203369141e-01,4.109204709529876709e-01
1.819701194763183594e-01,2.114456892013549805e-01
2.754228711128234863e-01,1.379037499427795410e-01
6.606936454772949219e-03,-8.723974227905273438e-02
8.061453700065612793e-01,8.244154453277587891e-01
5.128613710403442383e-01,5.793455839157104492e-01
8.709635734558105469e-01,6.835824251174926758e-02
3.981071710586547852e-02,4.516968727111816406e-01
3.548145294189453125e-03,-2.018668055534362793e-01
8.317637443542480469e-02,4.567593932151794434e-01
8.709635734558105469e-01,3.970314264297485352e-01
5.623413324356079102e-01,3.020535707473754883e-01
3.235936164855957031e-04,-2.299456000328063965e-01
9.517175555229187012e-01,8.419370651245117188e-01
9.901004433631896973e-01,9.596654176712036133e-01
1.448392868041992188e-05,3.518885374069213867e-02
4.897788166999816895e-01,2.105109691619873047e-01
1.380443572998046875e-04,1.227048635482788086e-01
8.130073547363281250e-05,-2.812361717224121094e-02
4.168695211410522461e-02,1.312901377677917480e-01
1.740455627441406250e-05,1.044531464576721191e-01
9.332543015480041504e-01,9.473119974136352539e-01
1.448392868041992188e-05,4.784821569919586182e-01
9.064888358116149902e-01,1.318798303604125977e+00
3.467368483543395996e-01,9.121983051300048828e-01
4.365158379077911377e-01,1.810679435729980469e-01
1.448392868041992188e-05,3.219076395034790039e-01
1.740455627441406250e-05,-2.075516581535339355e-01
7.244360446929931641e-02,1.198214888572692871e+00
9.549925923347473145e-01,9.536408185958862305e-01
2.754229307174682617e-02,-4.322940111160278320e-02
3.090500831604003906e-04,3.797355592250823975e-01
8.533100485801696777e-01,7.907409667968750000e-01
9.888360500335693359e-01,9.144821166992187500e-01
1.513561606407165527e-01,3.773463964462280273e-01
7.379415035247802734e-01,8.194120526313781738e-01
8.511382341384887695e-02,2.674065232276916504e-01
3.548264503479003906e-04,3.742247521877288818e-01
4.466836154460906982e-01,3.803756833076477051e-01
1.230269074440002441e-01,1.755879521369934082e-01
1.862087249755859375e-01,-4.070199131965637207e-01
8.709669113159179688e-03,-5.500227212905883789e-02
7.587671279907226562e-05,-1.744368672370910645e-01
2.398833036422729492e-01,-2.221599221229553223e-01
1.585483551025390625e-05,2.600559592247009277e-01
9.194856882095336914e-01,1.061559438705444336e+00
7.530341148376464844e-01,9.323878884315490723e-01
1.905460953712463379e-01,6.259281635284423828e-01
2.041738033294677734e-01,8.966400623321533203e-01
8.763863444328308105e-01,7.879818677902221680e-01
1.819701194763183594e-01,3.894501924514770508e-02
3.546476364135742188e-05,-3.709827065467834473e-01
8.585211634635925293e-01,8.348868489265441895e-01
1.174897551536560059e-01,6.048942804336547852e-01
1.448392868041992188e-05,-1.416824460029602051e-01
9.332543015480041504e-01,6.489607095718383789e-01
7.947924733161926270e-01,9.529865980148315430e-01
7.651042342185974121e-01,1.032291412353515625e+00
7.899251580238342285e-01,6.335220336914062500e-01
2.187788486480712891e-03,1.410997509956359863e-01
5.248075723648071289e-02,3.583205640316009521e-01
6.165950298309326172e-01,1.004098534584045410e+00
1.479108333587646484e-01,7.605255246162414551e-01
1.448392868041992188e-05,-6.532311439514160156e-02
4.786300957202911377e-01,6.651833057403564453e-01
2.630268335342407227e-01,2.120735049247741699e-01
7.573397755622863770e-01,1.253826856613159180e+00
1.448392868041992188e-05,-2.714107632637023926e-01
1.096481084823608398e-02,8.467161655426025391e-02
8.709635734558105469e-01,1.388498544692993164e-01
7.360467314720153809e-01,3.775809407234191895e-01
1.548826694488525391e-03,-5.590796470642089844e-03
7.580476403236389160e-01,1.250599026679992676e+00
7.080056667327880859e-01,8.396273255348205566e-01
1.348962783813476562e-01,1.150156259536743164e-01
2.238720655441284180e-02,8.848488330841064453e-03
1.122021675109863281e-02,3.677194416522979736e-01
2.630269527435302734e-02,5.566238164901733398e-01
8.709669113159179688e-03,1.399151682853698730e-01
7.979283928871154785e-01,5.373512506484985352e-01
1.448392868041992188e-05,-6.685654520988464355e-01
2.137961983680725098e-01,4.853314757347106934e-01
1.096478104591369629e-01,5.649042129516601562e-02
1.740455627441406250e-05,-3.375580906867980957e-01
5.754399299621582031e-02,1.909651756286621094e-01
9.252822399139404297e-01,1.014349460601806641e+00
6.606936454772949219e-02,1.667875051498413086e-01
7.103394865989685059e-01,1.078485965728759766e+00
6.025595664978027344e-01,6.848933696746826172e-01
4.570883512496948242e-02,1.826191544532775879e-01
1.445440053939819336e-01,3.041902780532836914e-01
7.874640822410583496e-01,7.751907706260681152e-01
7.079458236694335938e-01,8.172327876091003418e-01
1.740455627441406250e-05,-1.285321116447448730e-01
3.719329833984375000e-05,-3.772000670433044434e-01
7.425422072410583496e-01,7.516784071922302246e-01
1.448392868041992188e-05,2.201153635978698730e-01
1.585483551025390625e-05,-1.302652359008789062e-01
7.524014711380004883e-01,5.924985408782958984e-01
7.804678678512573242e-01,1.576422214508056641e+00
7.165378928184509277e-01,9.069956541061401367e-01
1.448392868041992188e-05,2.912693619728088379e-01
4.897788166999816895e-01,7.694811224937438965e-01
9.772372245788574219e-01,2.854239940643310547e-01
2.818382978439331055e-01,6.239050626754760742e-01
1.740455627441406250e-05,-7.311372160911560059e-01
1.584893465042114258e-01,2.009733319282531738e-01
8.122437596321105957e-01,1.333193540573120117e+00
2.570396065711975098e-01,8.258867859840393066e-01
9.907752871513366699e-01,9.844526052474975586e-01
7.989049553871154785e-01,1.093507409095764160e+00
7.585763931274414062e-03,1.745968461036682129e-01
6.309573650360107422e-01,3.312167525291442871e-01
1.584893465042114258e-01,3.748617172241210938e-01
5.495548248291015625e-04,-3.812234997749328613e-01
2.137961983680725098e-01,1.007040262222290039e+00
1.740455627441406250e-05,2.558225393295288086e-01
1.740455627441406250e-05,5.057537555694580078e-02
1.202264428138732910e-01,1.165607571601867676e-01
4.786300957202911377e-01,9.431136846542358398e-01
9.893209934234619141e-01,8.916052579879760742e-01
1.949844956398010254e-01,1.175146698951721191e-01
2.917427420616149902e-01,4.997875094413757324e-01
1.905500888824462891e-03,4.172648787498474121e-01
7.413102388381958008e-01,5.325778722763061523e-01
8.442874550819396973e-01,9.366923570632934570e-01
3.890454769134521484e-03,3.271811902523040771e-01
6.918309926986694336e-01,3.855967223644256592e-01
8.511380553245544434e-01,3.234779238700866699e-01
3.311311304569244385e-01,9.145222306251525879e-01
5.128613710403442383e-01,5.782831907272338867e-01
9.549925923347473145e-01,9.213061928749084473e-01
4.677351415157318115e-01,2.745448350906372070e-01
4.073804616928100586e-02,8.100949525833129883e-01
1.448392868041992188e-05,5.591650009155273438e-01
2.344229221343994141e-01,4.296719431877136230e-01
9.082506895065307617e-01,1.037029027938842773e+00
2.694129943847656250e-05,2.016597390174865723e-01
2.290904521942138672e-03,2.469483017921447754e-01
9.712538719177246094e-01,9.768415093421936035e-01
1.740455627441406250e-05,2.349768280982971191e-01
1.148164272308349609e-03,1.540015935897827148e-01
1.659572124481201172e-03,4.841226339340209961e-02
7.022414803504943848e-01,6.501854062080383301e-01
6.918311119079589844e-03,3.385441899299621582e-01
7.086248397827148438e-01,1.116542339324951172e+00
1.448392868041992188e-05,-1.451411843299865723e-01
6.025433540344238281e-04,9.381568431854248047e-02
1.740455627441406250e-05,-2.817620635032653809e-01
1.448392868041992188e-05,-2.838231921195983887e-01
9.244791269302368164e-01,7.079688310623168945e-01
6.888211965560913086e-01,9.464753270149230957e-01
7.808851599693298340e-01,8.509058356285095215e-01
6.953262090682983398e-01,1.075856804847717285e+00
2.884031534194946289e-01,4.919946193695068359e-03
2.884030342102050781e-03,-1.163985133171081543e-01
1.445442438125610352e-02,6.081855297088623047e-01
1.996755599975585938e-05,-1.235021352767944336e-01
7.559031248092651367e-01,9.482426643371582031e-01
1.737803220748901367e-02,2.175255417823791504e-01
1.740455627441406250e-05,-1.444345712661743164e-02
8.912509679794311523e-02,4.864769279956817627e-01
8.014404177665710449e-01,7.827457785606384277e-01
3.388440608978271484e-02,1.305069327354431152e-01
9.640716314315795898e-01,7.150846719741821289e-01
8.511380553245544434e-01,6.383821964263916016e-01
6.165951490402221680e-02,1.352867484092712402e-01
1.448392868041992188e-05,3.808820247650146484e-01
1.740455627441406250e-05,5.824245810508728027e-01
1.740455627441406250e-05,-7.437777519226074219e-02
1.448392868041992188e-05,6.946647763252258301e-01
1.448392868041992188e-05,-1.451122164726257324e-01
8.642781972885131836e-01,9.631417393684387207e-01
3.388440608978271484e-02,-1.025963425636291504e-01
8.127823472023010254e-01,1.221691012382507324e+00
1.621810197830200195e-01,2.503538131713867188e-01
1.740455627441406250e-05,2.464576363563537598e-01
1.698255538940429688e-03,3.639537096023559570e-02
1.448392868041992188e-05,-7.968574762344360352e-02
1.445412635803222656e-04,5.681872367858886719e-01
1.740455627441406250e-05,1.798206567764282227e-02
6.165950298309326172e-01,7.812502384185791016e-01
1.740455627441406250e-05,3.709302544593811035e-01
1.448392868041992188e-05,6.904596090316772461e-02
9.722201824188232422e-01,9.559481739997863770e-01
9.660508632659912109e-01,2.604592442512512207e-01
1.448392868041992188e-05,3.018746078014373779e-01
7.943282723426818848e-01,7.698283791542053223e-01
8.674170374870300293e-01,6.887453794479370117e-01
9.962819218635559082e-01,9.852669239044189453e-01
8.511382341384887695e-02,-7.726752758026123047e-02
7.033407688140869141e-01,7.417053580284118652e-01
8.128309249877929688e-02,3.666174709796905518e-01
1.740455627441406250e-05,1.763248443603515625e-02
9.650847911834716797e-01,1.034700274467468262e+00
9.992321729660034180e-01,8.424085378646850586e-01
1.740455627441406250e-05,-6.763668656349182129e-01
5.623413324356079102e-01,1.018904805183410645e+00
8.395766615867614746e-01,1.586386680603027344e+00
4.897791147232055664e-02,2.744172215461730957e-01
2.630268335342407227e-01,4.723446965217590332e-01
1.448392868041992188e-05,-2.390155196189880371e-01
9.683623909950256348e-01,9.208266735076904297e-01
1.448392868041992188e-05,7.889901995658874512e-01
3.630816936492919922e-03,1.789073348045349121e-01
1.122018694877624512e-01,2.082155942916870117e-01
5.754399299621582031e-01,9.415169358253479004e-01
7.079458236694335938e-02,1.554518342018127441e-01
2.511886358261108398e-01,4.804782867431640625e-01
7.374216318130493164e-01,1.108198165893554688e+00
1.333521604537963867e-01,2.630380988121032715e-01
1.448392868041992188e-05,-3.640536665916442871e-01
8.270133733749389648e-01,8.247931599617004395e-01
4.365444183349609375e-04,3.451306521892547607e-01
2.044439315795898438e-05,1.962217688560485840e-01
7.316936850547790527e-01,6.359713673591613770e-01
7.762471437454223633e-01,1.236744642257690430e+00
1.905460953712463379e-01,4.630647897720336914e-01
1.585483551025390625e-05,2.865188717842102051e-01
1.862087249755859375e-01,4.837974309921264648e-01
5.888437032699584961e-01,4.206890165805816650e-01
6.760829687118530273e-01,3.563622832298278809e-01
9.120108485221862793e-01,6.311789155006408691e-01
9.439671635627746582e-01,1.192376255989074707e+00
9.549927711486816406e-02,3.600716590881347656e-02
1.448392868041992188e-05,1.800125241279602051e-01
3.801882266998291016e-03,-5.663607716560363770e-01
7.244359850883483887e-01,1.585677266120910645e-01
1.448392868041992188e-05,6.388201713562011719e-01
2.515316009521484375e-05,7.231696248054504395e-01
1.448392868041992188e-05,2.934657931327819824e-01
1.380384564399719238e-01,2.698519825935363770e-01
1.448392868041992188e-05,1.070901870727539062e+00
7.605341672897338867e-01,7.936677932739257812e-01
1.740455627441406250e-05,3.141607344150543213e-01
2.137961983680725098e-01,5.618215203285217285e-01
6.760829687118530273e-01,7.247279286384582520e-01
2.398833036422729492e-01,2.643796205520629883e-01
4.786300957202911377e-01,4.890806078910827637e-01
2.187764644622802734e-02,-3.316580653190612793e-01
7.030650973320007324e-01,7.045078873634338379e-01
2.568960189819335938e-05,2.782025933265686035e-01
2.137964963912963867e-02,-1.354473233222961426e-01
4.786300659179687500e-02,-7.401412725448608398e-02
8.317828178405761719e-04,-5.966436862945556641e-02
2.041739225387573242e-02,4.833641648292541504e-01
7.413102388381958008e-01,1.135694026947021484e+00
8.770411014556884766e-01,1.286125302314758301e+00
3.090295493602752686e-01,8.296664953231811523e-01
2.628564834594726562e-05,1.973940730094909668e-01
8.982701301574707031e-01,1.104701042175292969e+00
7.413101196289062500e-02,7.426252365112304688e-01
1.513957977294921875e-05,2.688667774200439453e-01
6.025595664978027344e-01,9.049068093299865723e-01
1.548820734024047852e-02,1.566405296325683594e-01
8.511382341384887695e-02,2.264100313186645508e-01
6.997435688972473145e-01,9.153192639350891113e-01
3.589219450950622559e-01,1.007228136062622070e+00
7.313121557235717773e-01,5.648885965347290039e-01
7.293043136596679688e-01,9.356875419616699219e-01
7.587671279907226562e-05,2.095373868942260742e-01
4.168695211410522461e-02,-6.587946414947509766e-02
7.762471437454223633e-01,7.122070789337158203e-01
8.319233655929565430e-01,1.330377697944641113e+00
7.244359850883483887e-01,3.880176842212677002e-01
9.809036850929260254e-01,1.005610942840576172e+00
5.623698234558105469e-04,5.989080667495727539e-01
6.309568881988525391e-03,5.165994167327880859e-02
1.448392868041992188e-05,1.921951770782470703e-02
5.888438224792480469e-02,2.728222608566284180e-01
9.332543015480041504e-01,9.793699383735656738e-01
1.258925795555114746e-01,9.324711561203002930e-02
3.090298175811767578e-02,3.272101283073425293e-01
3.162277638912200928e-01,3.536956608295440674e-01
3.715352416038513184e-01,1.177569627761840820e-01
3.090298175811767578e-02,3.174760341644287109e-01
5.623413324356079102e-01,5.567089319229125977e-01
5.888437032699584961e-01,6.843496561050415039e-01
1.448392868041992188e-05,-6.463587284088134766e-03
7.049154043197631836e-01,8.672778606414794922e-01
6.998419761657714844e-02,7.042557001113891602e-02
1.740455627441406250e-05,-4.342617392539978027e-01
7.585775852203369141e-02,3.106360435485839844e-01
5.128616094589233398e-02,2.325118184089660645e-01
1.448392868041992188e-05,2.536273598670959473e-01
4.897791147232055664e-02,4.023309051990509033e-01
7.413102388381958008e-01,6.990565061569213867e-01
9.208036065101623535e-01,1.038620233535766602e+00
1.740455627441406250e-05,-5.395851731300354004e-01
6.309747695922851562e-04,-5.699283480644226074e-01
8.912509679794311523e-02,4.325110018253326416e-01
7.762471437454223633e-01,-3.418916463851928711e-02
3.020167350769042969e-04,7.332056164741516113e-01
2.630268335342407227e-01,7.438681125640869141e-01
3.981071710586547852e-01,5.379436016082763672e-01
1.348962783813476562e-01,2.972463965415954590e-01
9.361566305160522461e-01,9.751890301704406738e-01
9.772372245788574219e-02,-2.634490132331848145e-01
1.448392868041992188e-05,5.775058269500732422e-02
9.871852397918701172e-01,8.712139129638671875e-01
8.159673810005187988e-01,8.449288606643676758e-01
7.849636673927307129e-01,6.833754777908325195e-01
8.800001740455627441e-01,9.255945682525634766e-01
7.762312889099121094e-04,3.448852896690368652e-01
4.168694019317626953e-01,3.159237504005432129e-01
9.896146655082702637e-01,1.082274198532104492e+00
1.740455627441406250e-05,6.561928987503051758e-02
7.774203419685363770e-01,7.581425309181213379e-01
8.157650232315063477e-01,8.723545074462890625e-01
1.995265483856201172e-02,-3.007803559303283691e-01
3.090295493602752686e-01,-4.525363445281982422e-03
3.630781173706054688e-02,1.727383136749267578e-01
2.041738033294677734e-01,2.050673961639404297e-01
9.332895278930664062e-04,-6.712321639060974121e-01
7.629846930503845215e-01,8.744038343429565430e-01
7.005056142807006836e-01,5.862868428230285645e-01
1.448392868041992188e-05,3.179203867912292480e-01
1.740455627441406250e-05,-9.012860059738159180e-02
3.715336322784423828e-03,4.183876514434814453e-02
6.710281968116760254e-01,1.615847110748291016e+00
5.754411220550537109e-03,-1.059001088142395020e-01
8.476112484931945801e-01,8.601969480514526367e-01
9.261721372604370117e-01,7.755223512649536133e-01
7.690389156341552734e-01,8.560007214546203613e-01
5.754399299621582031e-01,5.572559833526611328e-01
1.740455627441406250e-05,-4.539185166358947754e-01
1.737800836563110352e-01,5.026148557662963867e-01
2.162718772888183594e-01,1.613835096359252930e-01
7.943284511566162109e-02,-1.539340019226074219e-01
1.740455627441406250e-05,-1.729446053504943848e-01
2.884030342102050781e-02,2.104052901268005371e-01
3.981071710586547852e-02,-1.742323040962219238e-01
8.709639310836791992e-02,4.752500653266906738e-01
5.370317697525024414e-01,5.002127289772033691e-01
8.168144226074218750e-01,1.239069342613220215e+00
1.448392868041992188e-05,-1.287827253341674805e+00
1.621842384338378906e-03,9.624792337417602539e-01
7.762473821640014648e-02,4.318148791790008545e-01
1.659572124481201172e-03,9.791442751884460449e-01
1.740455627441406250e-05,-6.614798307418823242e-02
1.865625381469726562e-05,6.437373161315917969e-01
7.421702146530151367e-01,8.787448406219482422e-01
5.888438224792480469e-02,1.758086681365966797e-01
4.677355289459228516e-02,9.841825962066650391e-01
5.495429039001464844e-03,2.605280280113220215e-01
9.142356514930725098e-01,1.041408538818359375e+00
1.448392868041992188e-05,-5.498570203781127930e-02
4.786300957202911377e-01,3.669721782207489014e-01
1.740455627441406250e-05,4.988000988960266113e-01
3.019952774047851562e-02,-7.161313891410827637e-01
9.438095092773437500e-01,8.830482363700866699e-01
4.677351415157318115e-01,8.842839002609252930e-01
6.918309926986694336e-01,4.977691769599914551e-01
9.257119894027709961e-01,8.944120407104492188e-01
7.640758752822875977e-01,1.646067500114440918e+00
3.801894187927246094e-01,1.065244674682617188e-01
9.466050863265991211e-01,8.298343420028686523e-01
2.511918544769287109e-03,6.707316637039184570e-02
9.549925923347473145e-01,7.177983522415161133e-01
6.025595664978027344e-01,4.292985498905181885e-01
7.210841774940490723e-01,7.888744473457336426e-01
1.096481084823608398e-02,3.933709859848022461e-02
1.584893465042114258e-02,5.359989404678344727e-01
2.041738033294677734e-01,4.710955619812011719e-01
2.884268760681152344e-04,1.479185819625854492e-01
9.595236182212829590e-01,8.393852710723876953e-01
8.771755695343017578e-01,8.124082684516906738e-01
1.584893465042114258e-01,1.435060501098632812e-01
1.740455627441406250e-05,-1.048920154571533203e-01
9.772372245788574219e-01,1.972790360450744629e-01
6.312131881713867188e-05,2.062628269195556641e-01
4.570882022380828857e-01,8.252924680709838867e-02
1.740455627441406250e-05,8.670455217361450195e-02
9.535687565803527832e-01,8.880893588066101074e-01
1.448392868041992188e-05,-2.901101708412170410e-01
3.802776336669921875e-05,6.362478733062744141e-01
4.571676254272460938e-05,5.946371555328369141e-01
7.961208224296569824e-01,6.815499067306518555e-01
2.238721251487731934e-01,6.175894737243652344e-01
1.585483551025390625e-05,1.041727662086486816e-01
1.380383968353271484e-03,2.037952542304992676e-01
9.049016237258911133e-01,1.072401523590087891e+00
3.981590270996093750e-05,2.665485739707946777e-01
9.772360324859619141e-03,3.360386788845062256e-01
7.817502021789550781e-01,9.402469992637634277e-01
7.762471437454223633e-01,6.272451281547546387e-01
3.162277638912200928e-01,5.814006328582763672e-01
9.413046240806579590e-01,9.108444452285766602e-01
7.747426033020019531e-01,1.590172052383422852e+00
1.740455627441406250e-05,5.234020948410034180e-02
2.398833036422729492e-01,2.673575282096862793e-01
4.897773265838623047e-03,1.827407479286193848e-01
1.740455627441406250e-05,-6.935619711875915527e-01
9.858134984970092773e-01,9.433446526527404785e-01
4.168694019317626953e-01,5.379660129547119141e-01
3.019952774047851562e-02,2.630762457847595215e-01
1.740455627441406250e-05,2.521975040435791016e-01
8.067391514778137207e-01,1.258705854415893555e+00
1.740455627441406250e-05,4.927557706832885742e-02
3.019951879978179932e-01,1.018258333206176758e-01
6.606934666633605957e-01,4.116937220096588135e-01
5.623413324356079102e-01,3.892253339290618896e-01
6.309573650360107422e-01,6.733282804489135742e-01
1.584893465042114258e-02,-8.100825548171997070e-02
1.740455627441406250e-05,-2.913414835929870605e-01
2.398836612701416016e-02,-2.724558711051940918e-01
7.943282723426818848e-01,8.372417092323303223e-01
2.238721251487731934e-01,3.606042861938476562e-01
4.897713661193847656e-04,7.476085424423217773e-02
1.862090826034545898e-02,4.118160605430603027e-01
2.398833036422729492e-01,4.607073366641998291e-01
8.709669113159179688e-03,-7.803842425346374512e-01
7.472850084304809570e-01,9.955967068672180176e-01
6.025595664978027344e-01,5.369231104850769043e-01
1.448392868041992188e-05,2.740339040756225586e-01
7.660978436470031738e-01,2.386194944381713867e+00
7.762312889099121094e-04,2.208305001258850098e-01
5.623400211334228516e-03,1.773561835289001465e-01
8.510693907737731934e-01,8.442542552947998047e-01
9.772372245788574219e-01,4.749220311641693115e-01
9.120108485221862793e-01,1.030865073204040527e+00
7.644982337951660156e-01,7.543794512748718262e-01
1.740455627441406250e-05,4.658330678939819336e-01
8.498065471649169922e-01,9.035952091217041016e-01
2.290868759155273438e-02,1.429103016853332520e-01
1.448392868041992188e-05,-2.642762064933776855e-01
7.847393751144409180e-01,1.174907088279724121e+00
3.890451490879058838e-01,8.975349664688110352e-01
1.148152351379394531e-02,5.069869756698608398e-02
6.456542611122131348e-01,1.669363975524902344e-01
7.762471437454223633e-01,1.384532451629638672e-01
8.924901485443115234e-01,9.543434381484985352e-01
8.709635734558105469e-01,-1.278675794601440430e-01
8.334603905677795410e-01,9.839951992034912109e-01
7.010853886604309082e-01,1.046667098999023438e+00
8.511380553245544434e-01,7.948412895202636719e-01
9.668124318122863770e-01,1.154416084289550781e+00
1.778304576873779297e-03,-3.770782351493835449e-01
1.740455627441406250e-05,-2.282772660255432129e-01
8.912682533264160156e-04,2.109578847885131836e-01
9.506576657295227051e-01,1.259444594383239746e+00
2.044439315795898438e-05,4.797341227531433105e-01
1.949846744537353516e-02,-5.805569887161254883e-02
8.870008587837219238e-01,1.305549740791320801e+00
3.235936164855957031e-03,2.685772776603698730e-01
5.754399299621582031e-02,5.369367003440856934e-01
5.754411220550537109e-03,7.315531969070434570e-01
9.770188927650451660e-01,8.462771773338317871e-01
7.617833614349365234e-01,1.328065633773803711e+00
1.288249492645263672e-01,4.618628323078155518e-01
9.202516674995422363e-01,1.543774366378784180e+00
8.320808410644531250e-05,-7.454973459243774414e-02
1.659590005874633789e-02,2.273766398429870605e-01
1.448392868041992188e-05,5.224037170410156250e-02
1.148153543472290039e-01,5.336908698081970215e-01
7.079458236694335938e-01,2.427547574043273926e-01
3.467368483543395996e-01,2.595806717872619629e-01
2.511886358261108398e-01,7.518875598907470703e-02
3.388440608978271484e-02,3.245220482349395752e-01
8.683560490608215332e-01,8.367258310317993164e-01
3.933906555175781250e-05,-8.993697166442871094e-02
6.025595664978027344e-01,7.243882417678833008e-01
8.899977207183837891e-01,8.144164681434631348e-01
1.380384564399719238e-01,3.127652406692504883e-02
1.448392868041992188e-05,6.076081991195678711e-01
7.642771005630493164e-01,1.325329542160034180e+00
4.786300957202911377e-01,9.511544704437255859e-01
6.456542611122131348e-01,4.502907991409301758e-01
9.641353487968444824e-01,9.044735431671142578e-01
8.172950744628906250e-01,1.145643234252929688e+00
1.584887504577636719e-04,2.598411440849304199e-01
9.937658309936523438e-01,1.224554181098937988e+00
2.570396661758422852e-02,4.057604670524597168e-01
2.344229221343994141e-01,-7.124185562133789062e-03
7.258907556533813477e-01,6.684170961380004883e-01
7.833675146102905273e-01,8.641063570976257324e-01
1.448392868041992188e-05,-5.110904574394226074e-01
1.348962783813476562e-01,8.230066895484924316e-01
7.423980832099914551e-01,7.300718426704406738e-01
1.478195190429687500e-05,-8.750724792480468750e-02
1.448392868041992188e-05,3.348743915557861328e-02
9.430396556854248047e-01,1.001040935516357422e+00
9.814763069152832031e-01,9.416968822479248047e-01
8.912509679794311523e-01,6.148030757904052734e-01
5.495408773422241211e-01,4.555550515651702881e-01
5.623400211334228516e-03,-2.539880871772766113e-01
9.120106697082519531e-02,3.444296121597290039e-01
2.818382978439331055e-01,3.334088921546936035e-01
1.548816561698913574e-01,-4.868805408477783203e-02
9.549856185913085938e-04,-5.211659073829650879e-01
8.825206160545349121e-01,1.029485821723937988e+00
9.124337434768676758e-01,8.433129191398620605e-01
1.318256855010986328e-01,3.493660986423492432e-01
9.645709991455078125e-01,1.284834265708923340e+00
9.400577545166015625e-01,1.063681244850158691e+00
4.570883512496948242e-02,-1.835715770721435547e-02
4.073802828788757324e-01,2.608508467674255371e-01
7.016002535820007324e-01,7.366930842399597168e-01
2.238721251487731934e-01,2.145538926124572754e-01
7.122620940208435059e-01,7.153724431991577148e-01
5.623412132263183594e-02,1.153586864471435547e+00
6.606936454772949219e-03,3.698575496673583984e-01
8.853737711906433105e-01,9.007214307785034180e-01
4.365146160125732422e-03,2.971965670585632324e-01
5.888437032699584961e-01,3.995874524116516113e-01
7.244348526000976562e-03,-4.300022125244140625e-02
2.137961983680725098e-01,-2.678377032279968262e-01
9.683797955513000488e-01,1.030300498008728027e+00
1.740455627441406250e-05,3.397119045257568359e-02
1.740455627441406250e-05,4.893660545349121094e-02
5.754399299621582031e-01,7.223377227783203125e-01
5.495408773422241211e-01,2.564383745193481445e-01
1.448392868041992188e-05,-1.509595513343811035e-01
1.621810197830200195e-01,1.604534983634948730e-01
2.754228711128234863e-01,4.084140062332153320e-01
1.448392868041992188e-05,4.166999757289886475e-01
9.888487458229064941e-01,9.315611124038696289e-01
1.740455627441406250e-05,-3.071832060813903809e-01
1.621842384338378906e-04,-1.283471584320068359e-01
2.691534757614135742e-01,2.649191021919250488e-01
7.390392422676086426e-01,7.468703389167785645e-01
1.740455627441406250e-05,-3.059437870979309082e-01
1.011490821838378906e-04,4.364597797393798828e-02
2.398833036422729492e-01,2.225276231765747070e-01
1.448392868041992188e-05,4.582700431346893311e-01
8.511380553245544434e-01,9.047331213951110840e-01
1.621810197830200195e-01,3.028029501438140869e-01
7.280412912368774414e-01,6.019689440727233887e-01
1.740455627441406250e-05,1.088258028030395508e-01
5.370378494262695312e-04,-5.294984579086303711e-02
5.370318889617919922e-03,5.836462974548339844e-02
9.055286645889282227e-01,1.102962255477905273e+00
2.691534757614135742e-01,8.522607088088989258e-01
1.585483551025390625e-05,2.958480715751647949e-01
5.370318889617919922e-03,2.034682035446166992e-02
9.897139072418212891e-01,9.768450260162353516e-01
1.230269074440002441e-01,5.814890265464782715e-01
7.508672475814819336e-01,7.877000570297241211e-01
1.380383968353271484e-02,-5.583077073097229004e-01
1.448392868041992188e-05,3.089272677898406982e-01
1.448392868041992188e-05,-4.695765376091003418e-01
4.073804616928100586e-02,8.698087930679321289e-02
9.772372245788574219e-01,6.079265475273132324e-01
7.585775852203369141e-01,1.023045063018798828e+00
9.332543015480041504e-01,8.266847133636474609e-01
6.165950298309326172e-01,1.179455518722534180e+00
5.757808685302734375e-05,2.557932734489440918e-01
1.778279542922973633e-01,1.483825206756591797e+00
4.786252975463867188e-05,3.725482821464538574e-01
1.096487045288085938e-03,-2.268494963645935059e-01
7.223711013793945312e-01,6.662801504135131836e-01
9.556664228439331055e-01,8.534761667251586914e-01
1.584893465042114258e-02,1.709859967231750488e-01
7.626547217369079590e-01,1.436580300331115723e+00
2.089295983314514160e-01,4.126746654510498047e-01
8.511380553245544434e-01,7.144711017608642578e-01
2.092123031616210938e-05,2.918090224266052246e-01
8.128305077552795410e-01,4.330451190471649170e-01
1.949667930603027344e-04,7.671184539794921875e-01
2.691534757614135742e-01,2.435391545295715332e-01
1.819701194763183594e-01,4.912894964218139648e-01
1.905459165573120117e-02,-9.348338842391967773e-02
1.659590005874633789e-02,-8.726030588150024414e-02
8.275070190429687500e-01,9.311529397964477539e-01
7.585775852203369141e-01,7.413231134414672852e-01
7.413102388381958008e-01,7.054034471511840820e-01
3.672823011875152588e-01,2.836437821388244629e-01
8.660072088241577148e-01,9.738153219223022461e-01
1.548820734024047852e-02,-1.628760099411010742e-01
8.004947304725646973e-01,7.926074862480163574e-01
1.445440053939819336e-01,-2.776265144348144531e-02
2.951210737228393555e-02,-8.861505985260009766e-02
7.081031799316406250e-05,1.893475651741027832e-01
1.740455627441406250e-05,4.044938087463378906e-02
9.772372245788574219e-01,1.115086317062377930e+00
5.754411220550537109e-03,-6.573736667633056641e-02
7.934867143630981445e-01,7.667251825332641602e-01
9.016302824020385742e-01,9.069918394088745117e-01
6.918309926986694336e-01,8.573048710823059082e-01
1.047253608703613281e-04,-5.053704977035522461e-02
2.754228711128234863e-01,5.446962118148803711e-01
3.235936760902404785e-01,2.153966426849365234e-01
1.000165939331054688e-04,-1.378175020217895508e-01
3.311312198638916016e-02,1.517299413681030273e-01
1.448392868041992188e-05,1.382972598075866699e-01
2.570396065711975098e-01,3.170573413372039795e-01
7.762863039970397949e-01,9.271132946014404297e-01
1.549124717712402344e-04,2.835205793380737305e-01
9.120108485221862793e-01,7.680692076683044434e-01
3.311312198638916016e-02,-6.332474946975708008e-02
6.918309926986694336e-01,1.201755762100219727e+00
2.344250679016113281e-04,4.097223281860351562e-02
7.032480239868164062e-01,7.654275298118591309e-01
2.754211425781250000e-03,3.372317552566528320e-02
1.448392868041992188e-05,1.916658878326416016e-02
7.599099874496459961e-01,8.249602913856506348e-01
1.740455627441406250e-05,1.045215129852294922e-02
7.877191901206970215e-01,4.998133778572082520e-01
8.511364459991455078e-03,-3.711071610450744629e-01
1.740455627441406250e-05,-2.328948378562927246e-01
8.975757360458374023e-01,9.154825806617736816e-01
9.037742018699645996e-01,9.711284041404724121e-01
1.202264428138732910e-01,3.929689526557922363e-01
1.740455627441406250e-05,-2.938430905342102051e-01
9.068697690963745117e-01,9.999284744262695312e-01
9.305217266082763672e-01,1.004557251930236816e+00
9.791604280471801758e-01,1.515696048736572266e+00
1.448392868041992188e-05,5.076458454132080078e-01
4.897791147232055664e-02,3.826192021369934082e-01
2.884031534194946289e-01,1.725601553916931152e-01
5.623413324356079102e-01,2.727007865905761719e-02
7.471823096275329590e-01,9.778932332992553711e-01
1.949844956398010254e-01,2.931100130081176758e-01
1.740455627441406250e-05,3.714299798011779785e-01
9.314323663711547852e-01,8.013557195663452148e-01
1.448392868041992188e-05,7.996183633804321289e-02
1.448392868041992188e-05,5.429625511169433594e-03
5.754399299621582031e-01,4.803306460380554199e-01
4.168694019317626953e-01,3.607204854488372803e-01
9.332543611526489258e-02,5.844091773033142090e-01
8.290912508964538574e-01,7.460120916366577148e-01
9.404318928718566895e-01,1.002827167510986328e+00
1.740455627441406250e-05,2.841538190841674805e-02
1.288253068923950195e-02,-1.319656968116760254e-01
8.814855813980102539e-01,7.950084209442138672e-01
1.448392868041992188e-05,2.631625533103942871e-01
9.959371089935302734e-01,9.699615240097045898e-01
1.448392868041992188e-05,4.243450462818145752e-01
7.313289046287536621e-01,5.994766950607299805e-01
1.737803220748901367e-02,6.106418371200561523e-02
9.120108485221862793e-01,7.212664484977722168e-01
9.573183059692382812e-01,1.011874198913574219e+00
7.943284511566162109e-02,1.421105861663818359e-01
7.844703793525695801e-01,1.425333499908447266e+00
6.811119914054870605e-01,7.995674610137939453e-01
6.606934666633605957e-01,9.668899774551391602e-01
1.905460953712463379e-01,1.884728670120239258e-01
1.448392868041992188e-05,1.715227365493774414e-01
9.772372245788574219e-02,8.689730167388916016e-01
6.309747695922851562e-04,1.257390856742858887e+00
7.762471437454223633e-01,2.583391070365905762e-01
1.782178878784179688e-05,2.573346495628356934e-01
1.621246337890625000e-05,4.090702533721923828e-01
1.740455627441406250e-05,7.052890062332153320e-01
1.995262503623962402e-01,5.877026319503784180e-01
2.187761664390563965e-01,-2.101129889488220215e-01
3.235936164855957031e-04,3.870995938777923584e-01
8.748118281364440918e-01,1.014533638954162598e+00
8.317638039588928223e-01,7.604961991310119629e-01
1.740455627441406250e-05,-1.152194738388061523e+00
1.448392868041992188e-05,7.212638854980468750e-02
1.448392868041992188e-05,4.294503629207611084e-01
8.427627086639404297e-01,8.385114073753356934e-01
4.570901393890380859e-03,-1.778066158294677734e-02
6.918309926986694336e-01,7.139803767204284668e-01
9.764497280120849609e-01,9.613736867904663086e-01
7.038514018058776855e-01,7.583024501800537109e-01
2.454708814620971680e-01,1.962603926658630371e-01
1.740455627441406250e-05,-4.140967130661010742e-02
1.448392868041992188e-05,9.433853626251220703e-02
7.079458236694335938e-01,1.866544485092163086e-01
7.074453234672546387e-01,5.769693851470947266e-01
4.677351415157318115e-01,5.267000794410705566e-01
1.584893465042114258e-01,5.275040864944458008e-01
7.161434292793273926e-01,7.124559283256530762e-01
1.348962783813476562e-01,5.481209158897399902e-01
1.448392868041992188e-05,4.047582745552062988e-01
8.871848583221435547e-01,9.886444807052612305e-01
7.563130259513854980e-01,1.466822624206542969e+00
9.120108485221862793e-01,6.668889522552490234e-01
2.630269527435302734e-02,5.877580642700195312e-01
2.238720655441284180e-02,-3.751683831214904785e-01
8.709635734558105469e-01,5.430117249488830566e-01
2.691745758056640625e-04,1.463812589645385742e-02
1.448392868041992188e-05,1.212857961654663086e-01
8.511382341384887695e-02,2.970117330551147461e-02
7.774090170860290527e-01,8.553968667984008789e-01
9.610965251922607422e-01,1.020706057548522949e+00
7.943282723426818848e-01,1.711577177047729492e-02
8.413951396942138672e-01,5.387080311775207520e-01
9.332543611526489258e-02,5.306620597839355469e-01
1.288253068923950195e-02,2.429431676864624023e-02
5.888938903808593750e-05,-2.001765370368957520e-01
7.135918736457824707e-01,7.156420946121215820e-01
7.363240122795104980e-01,7.841091156005859375e-01
5.011872053146362305e-01,2.596716880798339844e-01
1.448392868041992188e-05,3.169256448745727539e-02
8.270397186279296875e-01,8.541947007179260254e-01
1.448392868041992188e-05,6.424039602279663086e-02
1.862090826034545898e-02,5.049592256546020508e-02
7.943282723426818848e-01,3.969469070434570312e-01
7.079458236694335938e-01,-1.219697594642639160e-01
1.448392868041992188e-05,-1.681665778160095215e-01
9.638828039169311523e-01,7.341011762619018555e-01
1.448392868041992188e-05,-5.853152871131896973e-01
8.662083148956298828e-01,9.849989414215087891e-01
2.570390701293945312e-03,1.665468811988830566e-01
4.265785217285156250e-03,2.968451380729675293e-01
7.368518710136413574e-01,6.796519160270690918e-01
8.403640389442443848e-01,8.567085862159729004e-01
8.867317438125610352e-01,7.602951526641845703e-01
6.456553936004638672e-03,6.175733804702758789e-01
9.337224960327148438e-01,1.217626571655273438e+00
8.718165755271911621e-01,9.467142820358276367e-01
2.187764644622802734e-02,2.302820682525634766e-01
1.740455627441406250e-05,8.542795181274414062e-01
1.273503303527832031e-01,7.087385654449462891e-01
2.950429916381835938e-05,5.927198529243469238e-01
1.448392868041992188e-05,-2.329766750335693359e-03
8.659877777099609375e-01,7.932649850845336914e-01
7.420161962509155273e-01,7.664206027984619141e-01
1.448392868041992188e-05,2.966108322143554688e-01
7.274504899978637695e-01,4.696530401706695557e-01
3.715336322784423828e-03,-1.314197778701782227e-01
1.147985458374023438e-04,-1.166255474090576172e-01
4.168694019317626953e-01,-6.464004516601562500e-03
3.630816936492919922e-03,2.679254412651062012e-01
1.448392868041992188e-05,2.700975537300109863e-01
7.244359850883483887e-01,9.833995103836059570e-01
2.398833036422729492e-01,2.942500710487365723e-01
1.448392868041992188e-05,-8.259236812591552734e-02
7.781885266304016113e-01,7.914720177650451660e-01
2.238721251487731934e-01,7.707452774047851562e-01
1.448392868041992188e-05,-7.178503274917602539e-02
1.740455627441406250e-05,2.447438240051269531e-02
7.373323440551757812e-01,9.590513706207275391e-01
8.317637443542480469e-02,3.958770036697387695e-01
2.041739225387573242e-02,4.137351214885711670e-01
1.740455627441406250e-05,-3.801233172416687012e-01
2.570396065711975098e-01,1.843311786651611328e-01
4.073802828788757324e-01,5.738522410392761230e-01
3.388441801071166992e-01,3.493496775627136230e-01
8.283420205116271973e-01,5.166219472885131836e-01
8.317638039588928223e-01,4.857397079467773438e-02
6.709160804748535156e-01,6.686509847640991211e-01
4.786300957202911377e-01,8.504129052162170410e-01
7.532859444618225098e-01,7.080014348030090332e-01
9.694024920463562012e-01,8.907155394554138184e-01
1.740455627441406250e-05,-1.415265321731567383e+00
1.548816561698913574e-01,1.890945434570312500e-02
7.707825303077697754e-01,9.052528738975524902e-01
2.818381786346435547e-02,4.436337947845458984e-01
5.495408773422241211e-01,8.826452493667602539e-01
1.096478104591369629e-01,4.768369495868682861e-01
7.800261378288269043e-01,1.037798047065734863e+00
4.466831684112548828e-03,3.128558397293090820e-02
6.309573650360107422e-01,1.216647028923034668e-01
7.926598191261291504e-01,7.530361413955688477e-01
9.536240100860595703e-01,1.178081512451171875e+00
1.448392868041992188e-05,-2.695350050926208496e-01
6.606934666633605957e-01,7.051175236701965332e-01
2.238721251487731934e-01,6.383733749389648438e-01
9.168683290481567383e-01,9.604857563972473145e-01
5.754399299621582031e-01,1.120196342468261719e+00
7.585775852203369141e-01,-3.599882125854492188e-02
4.470348358154296875e-05,2.478079199790954590e-01
4.466836154460906982e-01,1.063565015792846680e+00
6.309574842453002930e-02,6.179213523864746094e-04
3.388441801071166992e-01,3.327291011810302734e-01
7.022590637207031250e-01,8.543115258216857910e-01
6.972565650939941406e-01,5.110572576522827148e-01
1.448392868041992188e-05,9.553623199462890625e-02
1.740455627441406250e-05,-5.505692362785339355e-01
3.388441801071166992e-01,1.951274275779724121e-01
5.888437032699584961e-01,3.665605187416076660e-01
1.740455627441406250e-05,1.737551689147949219e-01
6.309573650360107422e-01,3.094251751899719238e-01
8.912509679794311523e-01,1.042124509811401367e+00
7.102856636047363281e-01,6.927404403686523438e-01
3.162277638912200928e-01,3.839374482631683350e-01
3.548133373260498047e-02,-1.686736941337585449e-01
8.962966799736022949e-01,8.678297996520996094e-01
1.318454742431640625e-04,1.737853288650512695e-01
9.560174942016601562e-01,9.127234220504760742e-01
9.476696848869323730e-01,9.752446413040161133e-01
9.917560815811157227e-01,1.046446919441223145e+00
4.786252975463867188e-04,8.292718529701232910e-01
4.073802828788757324e-01,3.116220235824584961e-01
3.467381000518798828e-03,-4.076749682426452637e-01
1.448392868041992188e-05,2.360501885414123535e-01
6.309568881988525391e-03,3.249957263469696045e-01
1.782178878784179688e-05,1.365748047828674316e-01
7.943282723426818848e-01,1.267105340957641602e+00
5.623412132263183594e-02,1.362180709838867188e-01
8.128305077552795410e-01,7.138990163803100586e-01
1.740455627441406250e-05,8.641673326492309570e-01
2.187788486480712891e-03,-2.047032713890075684e-01
7.494118213653564453e-01,9.512029290199279785e-01
1.740455627441406250e-05,-1.406807899475097656e-01
7.195248007774353027e-01,7.740640044212341309e-01
1.621812582015991211e-02,1.183820366859436035e-01
7.079839706420898438e-04,2.270659804344177246e-01
4.470348358154296875e-05,-7.029658555984497070e-02
6.610155105590820312e-05,6.911888122558593750e-01
4.570882022380828857e-01,3.243682682514190674e-01
1.348962783813476562e-01,2.616735696792602539e-01
5.370318889617919922e-03,4.300252199172973633e-01
3.802180290222167969e-04,1.216888427734375000e-01
7.247924804687500000e-05,8.289831876754760742e-02
3.629922866821289062e-05,-1.652822494506835938e-01
9.419335126876831055e-01,8.991544246673583984e-01
1.740455627441406250e-05,-3.065505623817443848e-01
6.610155105590820312e-05,5.851006507873535156e-02
5.128613710403442383e-01,6.583233475685119629e-01
1.740455627441406250e-05,3.185334801673889160e-01
7.161434292793273926e-01,6.736572384834289551e-01
7.421702146530151367e-01,6.761224269866943359e-01
3.715352416038513184e-01,5.363323688507080078e-01
2.691534757614135742e-01,3.637969493865966797e-02
8.790749311447143555e-01,8.557518124580383301e-01
8.511382341384887695e-02,1.465560197830200195e-01
1.448392868041992188e-05,1.757744550704956055e-01
9.338994026184082031e-01,1.123639106750488281e+00
3.546476364135742188e-05,1.918666362762451172e-01
7.807967662811279297e-01,9.509643912315368652e-01
4.265797138214111328e-02,8.626818656921386719e-02
1.448392868041992188e-05,3.576889932155609131e-01
1.448392868041992188e-05,4.597488641738891602e-01
3.090295493602752686e-01,6.415051817893981934e-01
9.699031710624694824e-01,9.465475082397460938e-01
7.132259607315063477e-01,9.868072271347045898e-01
8.710026741027832031e-04,5.952314734458923340e-01
9.960255622863769531e-01,9.548990130424499512e-01
7.477199435234069824e-01,7.926467061042785645e-01
3.235936164855957031e-02,-2.406543493270874023e-02
2.139806747436523438e-05,-1.078356504440307617e-01
8.176376819610595703e-01,1.273186326026916504e+00
4.470348358154296875e-05,-5.974796414375305176e-01
1.740455627441406250e-05,-4.109007120132446289e-02
6.456542611122131348e-01,2.555443644523620605e-01
9.965316057205200195e-01,9.917855858802795410e-01
8.307147622108459473e-01,8.912189602851867676e-01
2.398833036422729492e-01,4.415690302848815918e-01
6.309747695922851562e-04,3.975041806697845459e-01
5.757808685302734375e-05,-2.317194342613220215e-01
7.083891034126281738e-01,9.829756617546081543e-01
2.754228711128234863e-01,9.516489505767822266e-01
1.448392868041992188e-05,-2.011521458625793457e-01
1.448392868041992188e-05,2.083243727684020996e-01
1.448392868041992188e-05,-1.476312875747680664e-01
1.479107141494750977e-02,-2.938751578330993652e-01
1.448392868041992188e-05,2.753822207450866699e-01
8.709635734558105469e-01,3.631641864776611328e-01
1.584887504577636719e-04,1.427945494651794434e-01
8.511364459991455078e-03,5.592837333679199219e-01
1.584893465042114258e-01,5.995960235595703125e-01
5.495408773422241211e-01,5.575932860374450684e-01
9.101057648658752441e-01,1.018653035163879395e+00
1.174897551536560059e-01,1.156383514404296875e+00
7.228707671165466309e-01,7.937101125717163086e-01
1.584893465042114258e-01,-6.933403015136718750e-02
8.622820377349853516e-01,1.064720511436462402e+00
1.448392868041992188e-05,-4.491420388221740723e-01
5.128616094589233398e-02,2.509559988975524902e-01
7.587836980819702148e-01,1.070556163787841797e+00
1.548820734024047852e-02,-2.114276289939880371e-01
8.317638039588928223e-01,3.783105015754699707e-01
9.114061594009399414e-01,1.082711100578308105e+00
7.279816269874572754e-01,1.450345039367675781e+00
1.995262503623962402e-01,2.909520864486694336e-01
1.740455627441406250e-05,-2.388624548912048340e-01
8.317638039588928223e-01,6.307369470596313477e-01
7.943284511566162109e-02,1.319519877433776855e-01
8.511543273925781250e-05,3.493593931198120117e-01
1.740455627441406250e-05,-7.131343483924865723e-01
7.762471437454223633e-01,3.156088888645172119e-01
4.466836154460906982e-01,2.775623202323913574e-01
8.673118948936462402e-01,9.146088957786560059e-01
2.951209545135498047e-01,9.933104515075683594e-01
8.693028092384338379e-01,1.022156953811645508e+00
1.023293137550354004e-01,1.734637022018432617e-01
4.466836154460906982e-01,9.402870535850524902e-01
4.369020462036132812e-05,5.796790122985839844e-02
1.740455627441406250e-05,2.914550900459289551e-01
6.165950298309326172e-01,7.046796083450317383e-01
1.448392868041992188e-05,-2.447674870491027832e-01
1.448392868041992188e-05,-2.471071481704711914e-02
8.208497166633605957e-01,8.837621212005615234e-01
1.740455627441406250e-05,3.641322255134582520e-01
6.606934666633605957e-01,7.317354083061218262e-01
2.951209545135498047e-01,9.158707857131958008e-01
6.760835647583007812e-03,1.007674932479858398e+00
1.448392868041992188e-05,-3.226495385169982910e-01
8.142726421356201172e-01,1.054328083992004395e+00
1.448392868041992188e-05,5.173057913780212402e-01
9.120106697082519531e-02,2.659559249877929688e-04
2.238721251487731934e-01,5.140849351882934570e-01
1.448392868041992188e-05,-2.843028903007507324e-01
2.754229307174682617e-02,3.392578065395355225e-01
1.216185092926025391e-02,4.445954859256744385e-01
3.630780577659606934e-01,5.004510879516601562e-01
2.851021289825439453e-02,1.910749077796936035e-01
2.290867567062377930e-01,5.154132246971130371e-01
7.690801620483398438e-01,9.572160243988037109e-01
7.792395949363708496e-01,8.296105265617370605e-01
5.757808685302734375e-05,8.269101381301879883e-02
1.096478104591369629e-01,2.120724916458129883e-01
3.311312198638916016e-02,-1.854572892189025879e-01
9.756002426147460938e-01,8.541315793991088867e-01
1.740455627441406250e-05,4.559195041656494141e-02
9.384105801582336426e-01,8.841014504432678223e-01
2.139806747436523438e-05,-6.961583495140075684e-01
8.317638039588928223e-01,3.712091743946075439e-01
1.740455627441406250e-05,4.658246636390686035e-01
9.089795947074890137e-01,9.849010705947875977e-01
3.630816936492919922e-03,4.979338645935058594e-01
6.165951490402221680e-02,4.438269734382629395e-01
7.740992903709411621e-01,8.504607081413269043e-01
8.960095643997192383e-01,8.875830173492431641e-01
6.165950298309326172e-01,5.185199975967407227e-01
9.936988353729248047e-01,9.796720743179321289e-01
1.448392868041992188e-05,-1.290019750595092773e-01
1.448392868041992188e-05,1.405903697013854980e-01
1.448392868041992188e-05,-6.014823317527770996e-01
9.649375081062316895e-01,9.671511054039001465e-01
1.230269074440002441e-01,2.392658591270446777e-01
8.912509679794311523e-01,1.149274110794067383e-01
7.185750603675842285e-01,4.697751104831695557e-01
7.508961558341979980e-01,8.266271948814392090e-01
2.398833036422729492e-01,5.376875400543212891e-02
3.802776336669921875e-05,-3.055117726325988770e-01
1.448392868041992188e-05,1.079847216606140137e-01
5.128613710403442383e-01,8.266160488128662109e-01
1.071519255638122559e-01,3.807238042354583740e-01
2.398848533630371094e-03,1.562644243240356445e-01
1.740455627441406250e-05,-3.723269701004028320e-02
9.211893081665039062e-01,1.100558876991271973e+00
3.981071710586547852e-02,4.897507727146148682e-01
1.819729804992675781e-04,1.627410650253295898e-01
7.848153710365295410e-01,8.558203577995300293e-01
6.760829687118530273e-01,6.044245958328247070e-01
1.448392868041992188e-05,1.675077080726623535e-01
1.071518659591674805e-02,2.785894274711608887e-01
2.754211425781250000e-03,2.080504298210144043e-01
5.128616094589233398e-02,2.600798010826110840e-01
1.817941665649414062e-05,3.527425229549407959e-01
1.448392868041992188e-05,2.930156588554382324e-01
6.852560639381408691e-01,1.061989426612854004e+00
7.079458236694335938e-01,3.714250326156616211e-01
9.978951215744018555e-01,9.878808259963989258e-01
3.019988536834716797e-03,7.940232753753662109e-02
1.448392868041992188e-05,1.912581324577331543e-01
4.172325134277343750e-05,1.494582891464233398e-01
3.890454769134521484e-03,6.664340496063232422e-01
9.549925923347473145e-01,7.820573449134826660e-01
9.485317468643188477e-01,9.751899242401123047e-01
9.990249276161193848e-01,1.031087279319763184e+00
7.079458236694335938e-01,5.665681958198547363e-01
7.762471437454223633e-01,3.833742141723632812e-01
7.956119179725646973e-01,7.958561182022094727e-01
2.398848533630371094e-03,7.192045450210571289e-02
4.571676254272460938e-05,2.174203991889953613e-01
7.098071575164794922e-01,1.334869861602783203e+00
8.600739836692810059e-01,1.135184884071350098e+00
1.584887504577636719e-04,-1.180076599121093750e-01
4.365146160125732422e-03,8.964359760284423828e-03
1.740455627441406250e-05,9.585398435592651367e-01
6.456553936004638672e-03,3.455303311347961426e-01
1.448392868041992188e-05,1.591307520866394043e-01
1.740455627441406250e-05,1.839371919631958008e-01
9.639723896980285645e-01,1.029203057289123535e+00
9.163202047348022461e-01,1.010050535202026367e+00
1.740455627441406250e-05,1.374194025993347168e-01
5.128979682922363281e-04,8.430704474449157715e-01
1.740455627441406250e-05,3.904316723346710205e-01
1.740455627441406250e-05,-5.172622203826904297e-02
9.106127023696899414e-01,1.024182081222534180e+00
1.448392868041992188e-05,1.476828455924987793e-01
2.398833036422729492e-01,4.649187624454498291e-01
4.899501800537109375e-05,-3.628311753273010254e-01
1.380384564399719238e-01,1.560686826705932617e-01
4.466837644577026367e-02,1.954852938652038574e-01
1.740455627441406250e-05,2.280789613723754883e-02
7.462149858474731445e-01,8.778124451637268066e-01
8.912509679794311523e-01,7.795127630233764648e-01
5.888938903808593750e-05,9.246307611465454102e-02
8.511543273925781250e-04,6.924005746841430664e-01
1.230269074440002441e-01,1.329419016838073730e-01
8.401194214820861816e-01,8.474793434143066406e-01
9.003450274467468262e-01,8.116723299026489258e-01
1.023293137550354004e-01,3.054010868072509766e-01
5.623412132263183594e-02,3.177625238895416260e-01
8.912509679794311523e-02,5.877962708473205566e-01
8.128305077552795410e-01,3.831490576267242432e-01
8.128305077552795410e-01,6.129943728446960449e-01
8.113865256309509277e-01,1.028671264648437500e+00
7.554749250411987305e-01,5.563753843307495117e-01
7.222030758857727051e-01,7.959643602371215820e-01
7.421289682388305664e-01,6.823153495788574219e-01
8.035567402839660645e-01,7.824054956436157227e-01
1.740455627441406250e-05,-3.166377544403076172e-03
4.073804616928100586e-02,2.048150300979614258e-01
7.413102388381958008e-01,6.875670552253723145e-01
8.511380553245544434e-01,6.280577182769775391e-01
4.677355289459228516e-03,-1.306368708610534668e-01
7.585775852203369141e-02,1.396167278289794922e-02
1.448392868041992188e-05,4.156595468521118164e-02
9.549927711486816406e-02,4.667069017887115479e-01
9.371374845504760742e-01,8.191160559654235840e-01
1.448392868041992188e-05,-5.841028690338134766e-02
8.733506202697753906e-01,1.013606548309326172e+00
1.841783523559570312e-05,-1.532584428787231445e-02
7.871016860008239746e-01,7.629960179328918457e-01
7.079482078552246094e-03,6.271719932556152344e-02
9.971660971641540527e-01,1.055183053016662598e+00
9.249587059020996094e-01,9.912309050559997559e-01
7.013726234436035156e-01,8.064682483673095703e-01
8.917357325553894043e-01,1.077449440956115723e+00
9.379441738128662109e-01,1.024594426155090332e+00
7.762473821640014648e-02,1.466423869132995605e-01
2.238750457763671875e-04,-2.395796775817871094e-02
2.041739225387573242e-02,-4.807193875312805176e-01
1.949844956398010254e-01,7.396256327629089355e-01
1.740455627441406250e-05,8.998632431030273438e-02
8.511380553245544434e-01,8.842670917510986328e-02
1.740455627441406250e-05,9.349644184112548828e-02
9.871252775192260742e-01,7.870858907699584961e-01
8.023078441619873047e-01,1.424834966659545898e+00
1.740455627441406250e-05,1.875942945480346680e-01
4.073802828788757324e-01,3.844499588012695312e-05
5.248069763183593750e-03,-3.303962945938110352e-02
3.019951879978179932e-01,4.006431698799133301e-01
4.786300957202911377e-01,5.131039619445800781e-01
9.718874692916870117e-01,9.383147358894348145e-01
4.073802828788757324e-01,4.326678216457366943e-01
6.025612354278564453e-03,5.299866199493408203e-02
2.187761664390563965e-01,3.888739645481109619e-01
1.448392868041992188e-05,4.899168014526367188e-02
3.235936164855957031e-04,2.909970283508300781e-01
4.677351415157318115e-01,5.366130471229553223e-01
4.466836154460906982e-01,1.022550463676452637e+00
1.740455627441406250e-05,3.022313714027404785e-01
1.448392868041992188e-05,2.143909335136413574e-01
2.570396661758422852e-02,3.780448436737060547e-01
8.317649364471435547e-03,3.795533776283264160e-01
1.174897551536560059e-01,6.409722566604614258e-01
9.431438446044921875e-01,8.867803812026977539e-01
1.448392868041992188e-05,2.078443765640258789e-02
1.740455627441406250e-05,2.254319787025451660e-01
8.317637443542480469e-02,3.620720505714416504e-01
1.548816561698913574e-01,5.938235521316528320e-01
4.168694019317626953e-01,6.341719627380371094e-01
2.238720655441284180e-02,3.828270733356475830e-01
5.754399299621582031e-01,1.006108283996582031e+00
7.670775055885314941e-01,8.628628253936767578e-01
2.884864807128906250e-05,-7.752239704132080078e-03
2.344232797622680664e-02,1.222630739212036133e-01
6.760835647583007812e-03,1.233832240104675293e-01
9.527865052223205566e-01,8.661334514617919922e-01
7.310730218887329102e-01,1.803527116775512695e+00
5.128616094589233398e-02,1.018992543220520020e+00
3.981071710586547852e-01,2.302345633506774902e-01
7.413089275360107422e-03,-2.881228923797607422e-03
1.740455627441406250e-05,-4.547910094261169434e-01
1.817941665649414062e-05,9.579658508300781250e-02
9.913142323493957520e-01,7.613205909729003906e-01
1.819729804992675781e-03,-2.263969779014587402e-01
2.290867567062377930e-01,2.755867242813110352e-01
8.993925452232360840e-01,9.859243631362915039e-01
8.111165165901184082e-01,8.533551096916198730e-01
8.695454001426696777e-01,8.012253046035766602e-01
9.490248560905456543e-01,1.019567847251892090e+00
8.591918945312500000e-01,8.107542395591735840e-01
7.066104412078857422e-01,7.918868660926818848e-01
1.448392868041992188e-05,4.602260589599609375e-01
8.709669113159179688e-03,-1.112546324729919434e-01
9.386084079742431641e-01,8.835223913192749023e-01
1.862087249755859375e-01,2.932093739509582520e-01
3.090295493602752686e-01,5.403538942337036133e-01
2.570396661758422852e-02,6.345015764236450195e-01
4.570901393890380859e-03,7.456403970718383789e-02
7.317894101142883301e-01,8.530309200286865234e-01
9.636490345001220703e-01,8.692944049835205078e-01
7.989303469657897949e-01,1.001023769378662109e+00
6.980518102645874023e-01,7.490314245223999023e-01
5.754399299621582031e-02,1.316661357879638672e+00
7.628183960914611816e-01,9.690234065055847168e-01
7.860429286956787109e-01,1.074483633041381836e+00
5.623698234558105469e-04,3.287293314933776855e-01
7.117920517921447754e-01,1.366315603256225586e+00
3.467368483543395996e-01,8.145874738693237305e-01
2.238721251487731934e-01,2.549055218696594238e-01
8.320808410644531250e-05,3.317481279373168945e-02
7.079482078552246094e-03,3.662223815917968750e-01
2.884864807128906250e-05,9.635363221168518066e-01
1.000000000000000000e+00,9.866720438003540039e-01
1.000000000000000000e+00,9.866720438003540039e-01
1.000000000000000000e+00,1.234593152999877930e+00
1.000000000000000000e+00,9.866720438003540039e-01
1.000000000000000000e+00,9.866720438003540039e-01
1.000000000000000000e+00,5.933737754821777344e-01
1.000000000000000000e+00,9.866720438003540039e-01
1.000000000000000000e+00,9.866720438003540039e-01
1.000000000000000000e+00,9.866720438003540039e-01
1.000000000000000000e+00,9.866720438003540039e-01
1.000000000000000000e+00,1.073439955711364746e+00
1.000000000000000000e+00,9.866720438003540039e-01
1.000000000000000000e+00,1.077424407005310059e+00
1.000000000000000000e+00,8.049820065498352051e-01
1.000000000000000000e+00,7.768278121948242188e-01
1.000000000000000000e+00,-3.925451636314392090e-01
1.000000000000000000e+00,9.866720438003540039e-01
1.000000000000000000e+00,7.727602124214172363e-01
1.000000000000000000e+00,9.866720438003540039e-01
1.000000000000000000e+00,9.866720438003540039e-01
1.000000000000000000e+00,9.475737810134887695e-01
1.000000000000000000e+00,9.866720438003540039e-01
1.000000000000000000e+00,9.866720438003540039e-01
1.000000000000000000e+00,9.866720438003540039e-01
1.000000000000000000e+00,3.641819953918457031e-02
1.000000000000000000e+00,1.108852505683898926e+00
1.000000000000000000e+00,1.030023097991943359e+00
1.000000000000000000e+00,8.686108589172363281e-01
1.000000000000000000e+00,9.866720438003540039e-01
1.000000000000000000e+00,9.866720438003540039e-01
1.000000000000000000e+00,9.866720438003540039e-01
1.000000000000000000e+00,8.013406395912170410e-01
1.000000000000000000e+00,1.126140713691711426e+00
1.000000000000000000e+00,9.165120720863342285e-01
1.000000000000000000e+00,3.485810756683349609e-01
1.000000000000000000e+00,2.482305169105529785e-01
1.000000000000000000e+00,9.866720438003540039e-01
1.000000000000000000e+00,9.830685853958129883e-01
1.000000000000000000e+00,3.162508308887481689e-01
1.000000000000000000e+00,9.866720438003540039e-01
1.000000000000000000e+00,1.017302632331848145e+00
1.000000000000000000e+00,9.866720438003540039e-01
1.000000000000000000e+00,9.866720438003540039e-01
1.000000000000000000e+00,9.866720438003540039e-01
1.000000000000000000e+00,5.437442660331726074e-01
1.000000000000000000e+00,9.866720438003540039e-01
1.000000000000000000e+00,9.866720438003540039e-01
1.000000000000000000e+00,5.861598253250122070e-01
1.000000000000000000e+00,1.059135198593139648e+00
1.000000000000000000e+00,4.487342238426208496e-01
1.000000000000000000e+00,1.035327434539794922e+00
1.000000000000000000e+00,9.866720438003540039e-01
1.000000000000000000e+00,8.609626889228820801e-01
1.000000000000000000e+00,7.271546721458435059e-01
1.000000000000000000e+00,9.866720438003540039e-01
1.000000000000000000e+00,6.967130303382873535e-01
1.000000000000000000e+00,9.866720438003540039e-01
1.000000000000000000e+00,9.866720438003540039e-01
1.000000000000000000e+00,9.866720438003540039e-01
1.000000000000000000e+00,9.866720438003540039e-01
1.000000000000000000e+00,9.866720438003540039e-01
1.000000000000000000e+00,5.138660669326782227e-01
1.000000000000000000e+00,2.626761794090270996e-01
1.000000000000000000e+00,9.866720438003540039e-01
1.000000000000000000e+00,1.099984645843505859e+00
1.000000000000000000e+00,1.156152009963989258e+00
1.000000000000000000e+00,1.220776915550231934e+00
1.000000000000000000e+00,9.866720438003540039e-01
1.000000000000000000e+00,4.906902313232421875e-01
1.000000000000000000e+00,6.723105311393737793e-01
1.000000000000000000e+00,9.866720438003540039e-01
1.000000000000000000e+00,9.866720438003540039e-01
1.000000000000000000e+00,9.866720438003540039e-01
1.000000000000000000e+00,9.866720438003540039e-01
1.000000000000000000e+00,3.600181937217712402e-01
1.000000000000000000e+00,7.047629356384277344e-01
1.000000000000000000e+00,4.671616554260253906e-01
1.000000000000000000e+00,9.866720438003540039e-01
1.000000000000000000e+00,-3.226642012596130371e-01
1.000000000000000000e+00,9.866720438003540039e-01
1.000000000000000000e+00,-4.841627478599548340e-01
1.000000000000000000e+00,9.866720438003540039e-01
1.000000000000000000e+00,9.866720438003540039e-01
1.000000000000000000e+00,9.866720438003540039e-01
1.000000000000000000e+00,9.866720438003540039e-01
1.000000000000000000e+00,1.175282835960388184e+00
1.000000000000000000e+00,9.866720438003540039e-01
1.000000000000000000e+00,9.866720438003540039e-01
1.000000000000000000e+00,9.866720438003540039e-01
1.000000000000000000e+00,9.866720438003540039e-01
1.000000000000000000e+00,9.866720438003540039e-01
1.000000000000000000e+00,9.866720438003540039e-01
1.000000000000000000e+00,1.435614347457885742e+00
1.000000000000000000e+00,7.407068014144897461e-01
1.000000000000000000e+00,9.866720438003540039e-01
1.000000000000000000e+00,2.747815251350402832e-01
1.000000000000000000e+00,9.866720438003540039e-01
1.000000000000000000e+00,9.866720438003540039e-01
1.000000000000000000e+00,1.247087240219116211e+00
1.000000000000000000e+00,8.509995937347412109e-01
1.000000000000000000e+00,9.866720438003540039e-01
1.000000000000000000e+00,1.337885856628417969e+00
1.000000000000000000e+00,9.866720438003540039e-01
1.000000000000000000e+00,9.866720438003540039e-01
1.000000000000000000e+00,9.866720438003540039e-01
1.000000000000000000e+00,1.098756194114685059e+00
1.000000000000000000e+00,6.522718071937561035e-01
1.000000000000000000e+00,9.866720438003540039e-01
1.000000000000000000e+00,9.866720438003540039e-01
1.000000000000000000e+00,9.866720438003540039e-01
1.000000000000000000e+00,9.866720438003540039e-01
1.000000000000000000e+00,1.104824066162109375e+00
