1.0312634706497192,1.0756088495254517,5483,ACE2_350E
1.4454398155212402,1.013489007949829,886,346D365L388T
1.2302687168121338,0.5581935048103333,1799,369F390Q
1.6982436180114746,1.0113328695297241,1666,367I494K
2.5703957080841064,1.0105277299880981,2800,391S501F519G
2.344331741333008,2.523118019104004,6727,ACE2_90I
1.0232930183410645,1.1094095706939697,2906,394L484R
1.1481536626815796,0.6808341145515442,2449,385A450E517R
1.0027824640274048,1.0215675830841064,6373,ACE2_56L
1.071519374847412,1.1598446369171143,2442,384W
1.088244080543518,1.1079723834991455,6787,ACE2_95E
1.0964782238006592,0.43824654817581177,2794,391R494A
1.135010838508606,0.649329662322998,4307,458M484R
2.6796071529388428,0.7111785411834717,5284,ACE2_324E
1.0471285581588745,0.9050517082214355,4946,522T
1.0471285581588745,1.2074803113937378,294,335T346W
1.559723973274231,0.7877900004386902,6001,ACE2_40K
1.0964782238006592,0.9269247055053711,4892,518D
1.071519374847412,0.24860340356826782,3810,430K
1.3803842067718506,1.0486361980438232,4363,460R527Q
1.0532965660095215,0.9418072700500488,6198,ACE2_505E
1.035142183303833,0.5873191356658936,1798,369F374L377Y
1.2498071193695068,1.092822551727295,5707,ACE2_378K
1.087023138999939,1.5489511489868164,6823,ACE2_98W
2.7772531509399414,0.8362879157066345,5281,ACE2_31W
1.6218101978302002,1.0585486888885498,1731,367S483R
1.0232930183410645,0.9159592390060425,612,340D
1.071519374847412,1.1638996601104736,260,335Q346Y494T
1.0964782238006592,0.7432250380516052,2418,384K469N
1.0232930183410645,0.47702091932296753,3543,421F526L
1.1220184564590454,1.0681712627410889,1552,366D
1.0964782238006592,1.394355297088623,1713,367R452M479S
1.071519374847412,1.0288026332855225,887,346D452T
2.089700222015381,0.758958101272583,6546,ACE2_69I
1.1220184564590454,0.876590371131897,1687,367M427L
1.1481536626815796,0.8114343881607056,2938,394Y452C
0.5888437032699585,0.31128576397895813,1137,354M
1.7404556274414062e-05,-0.012402951717376709,3226,412T420M433T
2.2411346435546875e-05,-0.11428683996200562,2845,393D429A458I
0.4897788166999817,0.3123287260532379,215,335I345Q462L
0.7943282723426819,0.5935229659080505,3106,405N
0.7209162712097168,1.1899330615997314,5565,ACE2_355L
1.7404556274414062e-05,-0.32625025510787964,3640,425P497A
0.15848934650421143,0.4016110301017761,3248,413H427G508V
0.23988330364227295,0.28745049238204956,3680,427F514R
0.0019055008888244629,1.2692104578018188,2705,390F476L
0.4677351415157318,0.2027539610862732,3049,401L
0.005011856555938721,0.05059713125228882,4688,487K
0.2691534757614136,0.12708193063735962,1908,371C421N
0.7036893963813782,0.48428040742874146,5205,ACE2_28N
0.25118863582611084,0.5450765490531921,3121,406V
0.009332537651062012,0.20028156042099,2783,391P447P
0.3235936760902405,0.3136090338230133,3026,399Q
1.4483928680419922e-05,0.10055392980575562,1166,355I431A472F
0.5370317697525024,0.1325276494026184,666,340V485K
0.09549927711486816,0.23985910415649414,1520,365P468W
0.6892324686050415,0.8338238596916199,5499,ACE2_351D
0.2951209545135498,0.7375011444091797,2468,385G469L
0.4168694019317627,0.22168642282485962,2982,396S
0.9724720120429993,1.0427806377410889,5148,ACE2_276E
0.7242796421051025,0.8356649279594421,5457,ACE2_349N
0.07943284511566162,0.38152170181274414,2189,376Q381V425I
0.7960042953491211,0.9328286647796631,6140,ACE2_46I
0.962830662727356,1.0451980829238892,6602,ACE2_74F
0.02398836612701416,0.40320155024528503,3948,436V479I
0.20892959833145142,0.24365615844726562,1464,364Y459R
0.12302690744400024,0.7591772079467773,1293,358N
0.012022674083709717,0.04624539613723755,580,339S436R466L
0.01862090826034546,0.6431097388267517,4338,459R469K486E
0.9067345857620239,0.9962466359138489,5671,ACE2_371G
0.9120108485221863,0.9150093197822571,433,337S365L
0.8466536402702332,0.7339892983436584,5249,ACE2_29Y
0.06165951490402222,0.2984265685081482,1080,351W417G
1.9490718841552734e-05,-0.024244606494903564,4046,443I468R
0.8241404891014099,0.8890416026115417,5351,ACE2_329W
0.000398099422454834,0.2067825198173523,339,336F424G
1.4483928680419922e-05,-0.649995744228363,3176,410S473P
0.8106591105461121,0.9803797006607056,6137,ACE2_46F
0.8531554937362671,0.9652158617973328,5270,ACE2_31H
0.19498449563980103,0.43768519163131714,2962,395S470L
0.0011220574378967285,0.6305621862411499,3734,428C491Q
0.0009772777557373047,0.5047920346260071,1032,349T495F
1.4483928680419922e-05,0.10024911165237427,1072,351M443N
0.8804953098297119,1.012857437133789,5162,ACE2_276Y
0.3467368483543396,0.46321436762809753,4784,499M
1.7404556274414062e-05,1.0676206350326538,3447,418W450M516M
6.312131881713867e-05,0.30047890543937683,1265,358E473V
1.7404556274414062e-05,1.1963862180709839,1067,351K391L
0.15135616064071655,0.8239402770996094,1941,371R414I
0.9332543015480042,0.9878931045532227,4020,441M
0.8797605633735657,0.967147171497345,6351,ACE2_54F
0.8912509679794312,0.9351866245269775,2805,391T452I
0.8249728083610535,0.9599733352661133,6353,ACE2_54H
0.10115796327590942,0.07119554281234741,125,334I449R
0.007079482078552246,0.9346635937690735,1162,355G
0.8709635734558105,1.012459397315979,2156,375T
0.013182580471038818,0.7797535061836243,1157,355C
0.14454400539398193,0.3516451120376587,1457,364P389L
0.00013488531112670898,0.14014512300491333,3656,426F476V
1.7404556274414062e-05,0.012202918529510498,3583,422I502L
0.008317649364471436,0.34498631954193115,3011,398V
0.006606936454772949,-0.015690505504608154,2650,388S475D483L
0.18197011947631836,0.8465201258659363,4548,474L
0.2951209545135498,0.5369317531585693,4822,503S527S
0.5370317697525024,0.36264941096305847,624,340G
0.015488207340240479,0.11233657598495483,1095,352L465R
2.8192996978759766e-05,-0.06954962015151978,728,342S510S
0.18197011947631836,0.5712706446647644,4303,458I468Y
0.8709635734558105,0.6805908679962158,2913,394Q
0.3548133969306946,0.8336139917373657,3405,417N
0.004121005535125732,0.5157284140586853,1893,370S505Q
0.003235936164855957,0.17017847299575806,1207,356V417T442S
0.8171852231025696,1.751753330230713,5018,ACE2_20L
0.03235936164855957,0.1759701371192932,4124,447R518K
0.9772372245788574,1.0113388299942017,4197,452F
0.7151341438293457,0.6160056591033936,5245,ACE2_29R
1.7404556274414062e-05,0.16748231649398804,1443,364A424D
0.00021880865097045898,0.26904207468032837,91,333V381I421L
1.4483928680419922e-05,-0.0008720755577087402,3921,436D457V
0.7244359850883484,0.7305386066436768,1376,362K445W
0.20417380332946777,0.8177306056022644,528,339K364T
0.003019988536834717,0.2210654616355896,1210,356W403T470A
1.4483928680419922e-05,0.04286879301071167,2202,377D450L
0.8873471021652222,0.8502517938613892,6348,ACE2_54C
0.11614489555358887,0.3295712172985077,2029,373F476T
0.2630268335342407,0.6459493041038513,1670,367K485W
0.9465485215187073,0.978507936000824,6644,ACE2_79H
0.003467381000518799,-0.053233563899993896,3481,420C451A
1.0,-0.46151119470596313,2372,382K468C505S
1.0,1.0056277513504028,3343,415T
1.0,1.1855473518371582,575,339S385L
1.0,1.0056277513504028,4836,505Y
1.0,1.0056277513504028,5337,ACE2_329E
1.0,1.0056277513504028,2753,391C
1.0,1.0056277513504028,5482,ACE2_350D
1.0,0.8593889474868774,4596,478M527T
1.0,1.0056277513504028,4857,509R
1.7378008365631104,0.6372063159942627,1541,365W390Y
1.1864851713180542,0.9330399036407471,4993,ACE2_102T
1.0274882316589355,0.8468599319458008,6478,ACE2_64F
1.1274328231811523,0.8849901556968689,6372,ACE2_56K
1.5135612487792969,0.41687050461769104,2683,389T450K
1.0518105030059814,1.3332901000976562,6567,ACE2_71Q
1.0964782238006592,0.4392000138759613,4825,503Y516D
1.17489755153656,0.8474467992782593,4037,443A460T
1.2302687168121338,0.46992626786231995,2344,381N415R514T
1.081658124923706,0.9283000230789185,6096,ACE2_445R
1.0752145051956177,0.9289543032646179,6603,ACE2_74H
1.1776280403137207,1.4453682899475098,5103,ACE2_26E
1.071519374847412,0.979858934879303,235,335N
1.2272388935089111,1.184965968132019,6812,ACE2_98C
1.8106822967529297,0.3999239504337311,5475,ACE2_34S
1.258925437927246,1.1077789068222046,1545,365W427M
1.0471285581588745,0.5985119342803955,1543,365W394F420S
1.2384934425354004,0.90187668800354,6751,ACE2_91S
1.0471285581588745,0.9506252408027649,1303,359E385Q
1.3489629030227661,0.8346958756446838,2067,373T394V
1.1220184564590454,0.8876736760139465,1667,367K
1.0964782238006592,1.457369089126587,279,335S348S453K459T
1.075932502746582,0.9779465198516846,6208,ACE2_505S
1.2882494926452637,1.1308629512786865,1817,369L385A
1.0555801391601562,0.9116519689559937,6323,ACE2_518M
1.0417523384094238,0.9292190074920654,5152,ACE2_276K
1.2302687168121338,1.0460808277130127,2385,383E
1.0232930183410645,1.2538187503814697,1247,357S460R
1.0964782238006592,0.4857439398765564,925,346N420R
1.1852684020996094,0.6997414827346802,5895,ACE2_394Y
1.0471285581588745,0.2922601103782654,1862,370D457V
1.2302687168121338,0.8316479325294495,4653,483L518M
1.071519374847412,0.7133508920669556,2611,387M427K452S
1.0471285581588745,0.8454327583312988,2025,373D522L
1.1220184564590454,0.8870118856430054,576,339S402V
1.0330755710601807,0.9054250121116638,6402,ACE2_59H
0.19498449563980103,0.8931412100791931,2366,382D526W
0.8770465850830078,2.230325937271118,6544,ACE2_69G
0.7003417611122131,0.8604172468185425,5553,ACE2_354Q
0.0028184056282043457,0.1747695803642273,3365,416K473F
1.4483928680419922e-05,0.014410078525543213,4028,442E457W
2.6941299438476562e-05,-0.1126132607460022,4454,467T505L
0.004466831684112549,-0.16688358783721924,3920,436C449R
0.8343060612678528,0.838641345500946,6278,ACE2_512P
0.6955001354217529,0.59200119972229,5322,ACE2_326H
0.790976881980896,1.0135008096694946,5025,ACE2_21C
0.9312804937362671,1.0711095333099365,5746,ACE2_382Y
0.017378032207489014,-0.2531493306159973,1410,363K436Q
0.7496673464775085,1.572178840637207,6005,ACE2_40P
1.4483928680419922e-05,0.27137529850006104,303,335T497V501T506L
0.0001862049102783203,-0.07977581024169922,3788,429S486V
0.8495530486106873,0.920861542224884,6227,ACE2_50C
0.9261706471443176,1.2897930145263672,5478,ACE2_34W
0.9120108485221863,1.0789470672607422,3300,414R
0.4168694019317627,0.3102938234806061,4568,476H
0.09549927711486816,-0.06292909383773804,2190,376R456M490L
0.5754399299621582,0.2031233310699463,4354,460K504D
2.294778823852539e-05,-0.031228601932525635,4403,463H497I
0.2691534757614136,0.3984355032444,4434,465M469G
0.8199670910835266,0.8937963247299194,6330,ACE2_518Y
1.7404556274414062e-05,0.5910251140594482,3259,413P462S
0.19054609537124634,0.4182151257991791,3459,419H478D
1.7404556274414062e-05,0.15956974029541016,3872,433L491L
0.4466836154460907,-0.03841674327850342,1132,354K366L421L
0.19054609537124634,0.5311131477355957,3949,436Y471G
0.0812830924987793,-0.20419353246688843,2166,375Y414Y
0.2187761664390564,0.3431181311607361,710,342L390G
0.007585763931274414,-0.6264001727104187,3902,435F482L
0.6309573650360107,1.321912407875061,4595,478M493W
0.2290867567062378,0.25791293382644653,3334,415P420S
0.8144335746765137,0.9094302654266357,6801,ACE2_96H
0.7169092893600464,0.7360076904296875,6160,ACE2_48V
0.2290867567062378,1.0713852643966675,1986,372M506M
1.4483928680419922e-05,0.7646605372428894,3064,402G429M452K
0.0691831111907959,0.4751138389110565,428,337M450V503G
0.301995187997818,0.40637701749801636,3037,399W
0.0056234002113342285,0.34067171812057495,4263,455D
0.5623413324356079,0.6602262854576111,3726,427Y471S
0.7184300422668457,0.7761790156364441,6124,ACE2_45K
0.00870966911315918,-0.10235738754272461,3917,435W449W
0.02137964963912964,0.31418266892433167,4571,476M
0.0831763744354248,1.0027602910995483,208,335G448V
0.7979467511177063,1.1150399446487427,6495,ACE2_65E
0.9968158602714539,0.8579603433609009,5438,ACE2_347M
3.165006637573242e-05,0.04394221305847168,4086,445L457P
0.19054609537124634,0.9469872713088989,534,339L365R
1.4483928680419922e-05,0.20807474851608276,1782,368R410F429L
0.017579257488250732,0.36190348863601685,3482,420E447A
0.2630268335342407,0.23934811353683472,1574,366L375N
0.7755515575408936,0.9438972473144531,5544,ACE2_354D
0.007413089275360107,0.6374859809875488,3112,405S505M
1.7404556274414062e-05,0.2922094464302063,2716,390K423L
0.09772372245788574,0.3197582960128784,2330,381E470Y
0.08709639310836792,0.006748318672180176,4560,475K
0.4265795350074768,-0.08540695905685425,1145,354R421K
0.025118887424468994,0.40281015634536743,2291,379V458Y
0.8128305077552795,0.48329073190689087,3149,408I
0.020417392253875732,0.21893298625946045,96,333W449L
1.7404556274414062e-05,-0.05387634038925171,3633,425F437H504K508A
0.7413102388381958,0.3950939178466797,3313,415E
0.7883713841438293,0.5481333136558533,5587,ACE2_356S
1.4483928680419922e-05,0.4034285843372345,2302,380K418F
0.8307768702507019,0.8293436765670776,5747,ACE2_383A
0.0537031888961792,0.4119749665260315,1611,367A476R
0.7762471437454224,0.8957890272140503,4880,516R
0.9893429279327393,1.0510647296905518,5934,ACE2_401I
0.9103374481201172,0.9242039322853088,6062,ACE2_441I
0.9746204614639282,0.9590196013450623,6061,ACE2_441E
0.051286160945892334,0.5054582357406616,4022,441V506L
1.4483928680419922e-05,-0.0030845999717712402,1844,369T415R426S454V
0.43651583790779114,0.2878112196922302,4563,475T
0.9826640486717224,0.801925003528595,6337,ACE2_51H
1.4483928680419922e-05,0.36688175797462463,383,336T384T472M507Y
0.114815354347229,0.3404061496257782,1055,350S
0.7244359850883484,0.9238585829734802,1187,356H
0.9223054051399231,1.001440167427063,5947,ACE2_402C
0.009999990463256836,0.12614387273788452,3962,437L514T
0.9839497208595276,0.88938969373703,5119,ACE2_273L
0.7969905138015747,1.0340170860290527,6448,ACE2_62G
0.9549925923347473,0.8939241766929626,4874,514W
0.2238721251487732,0.34987160563468933,2364,382A490L
0.19054609537124634,0.7892164587974548,2481,385K420I
7.414817810058594e-05,0.3507921099662781,4840,507D
1.7404556274414062e-05,0.4234514832496643,3371,416L484N
2.950429916381836e-05,0.3611670732498169,2973,396I461G
0.2187761664390564,0.3788846433162689,2607,387K
1.7404556274414062e-05,0.021841824054718018,1056,350S436R469Q
0.8827385306358337,0.8027382493019104,6535,ACE2_68T
1.0,0.969807505607605,6647,ACE2_79L
1.0,0.969807505607605,3180,411A
1.0,0.9390031695365906,175,335A359T
1.0,0.969807505607605,6573,ACE2_72F
1.0,0.969807505607605,4408,463P
1.0,0.969807505607605,4885,517L
1.0,0.9958268404006958,4203,452G503M
1.0,0.969807505607605,3618,424K
1.0,0.969807505607605,5658,ACE2_370L
1.2302687168121338,0.5285306572914124,2471,385H469T
1.1220184564590454,1.3927396535873413,1838,369R383Q440T493F
1.2302687168121338,0.6544983386993408,1249,357T389N
1.039774775505066,1.1701042652130127,4987,ACE2_102I
1.079040765762329,1.1315901279449463,6561,ACE2_71H
1.0232930183410645,0.13777875900268555,2039,373K462G
1.2217280864715576,0.4595504403114319,5370,ACE2_33E
1.1481536626815796,1.2759290933609009,2750,390Y527E
1.99267578125,0.8400933742523193,6554,ACE2_69T
1.1800847053527832,1.2103180885314941,6706,ACE2_89A
1.1924798488616943,0.9705061316490173,5978,ACE2_409A
1.4454398155212402,0.9874499440193176,4774,498A503R
1.188502311706543,1.8813018798828125,159,334S498Y
1.17489755153656,0.8855188488960266,943,346Y
1.3182567358016968,1.160439372062683,3265,413R493Y
1.2882494926452637,1.1638821363449097,1546,365W479E508F
1.3489629030227661,0.31065618991851807,4587,477V492I
2.8800079822540283,1.327211618423462,6721,ACE2_90A
1.0616416931152344,0.9818834066390991,6214,ACE2_509G
1.0232930183410645,0.9958586692810059,226,335M
1.3363415002822876,0.894110381603241,5912,ACE2_39A
1.071519374847412,0.9698136448860168,3828,430V481G
1.0964782238006592,0.33524444699287415,2388,383I440K
1.258925437927246,0.8063919544219971,3813,430L452M474M494R
1.6982098817825317,1.3848083019256592,6640,ACE2_76Y
1.0232930183410645,1.0714056491851807,885,346D
2.9653823375701904,1.1807737350463867,5776,ACE2_386L
1.0964782238006592,0.49920183420181274,2472,385H478K
1.6982436180114746,1.227665662765503,2251,378R493L
1.3182567358016968,1.002503752708435,2386,383E392P452R
1.071519374847412,0.8708477020263672,2523,386A478R
1.2302687168121338,0.9902740716934204,300,335T428T452S
1.0105715990066528,0.8734519481658936,5699,ACE2_374Y
1.023177981376648,0.8825148344039917,5962,ACE2_402V
1.0471285581588745,0.8117234110832214,4162,450Q
1.17489755153656,0.62198805809021,281,335S391M440K
0.8784379959106445,0.8876758217811584,6604,ACE2_74I
0.6606934666633606,0.060433804988861084,2661,388Y490R
0.7497343420982361,0.8167370557785034,5720,ACE2_37D
0.022387206554412842,-0.058187127113342285,2219,378A384T466S481F
0.7449982166290283,0.8187146186828613,5889,ACE2_394P
0.8268525004386902,0.8424596786499023,6392,ACE2_57P
0.010232925415039062,-0.02955913543701172,4116,447F514N
0.2137961983680725,0.4619649052619934,848,345N504S
0.25118863582611084,0.8072850108146667,3104,405F426S
0.1023293137550354,0.19668537378311157,976,348I
0.9330127239227295,1.196600079536438,5793,ACE2_387L
0.9376605153083801,0.9895650148391724,6193,ACE2_504V
0.007762491703033447,0.24639028310775757,2730,390R424L
0.12882494926452637,0.42960864305496216,958,347S
1.7404556274414062e-05,-0.40072697401046753,3768,429D473L504Q
1.4483928680419922e-05,0.1670994758605957,3250,413H497S
0.2137961983680725,0.26460951566696167,1451,364I458L
0.07244360446929932,0.26655012369155884,733,342V482C
0.2951209545135498,-0.1936141848564148,1759,367Y504L
0.9549925923347473,0.14858287572860718,2033,373H477L
0.003715336322784424,0.2757323384284973,959,347T469L
1.7404556274414062e-05,0.04663366079330444,95,333W400E
0.3715352416038513,0.6473815441131592,1416,363N
1.4483928680419922e-05,0.14080053567886353,918,346L410L433D
0.7585775852203369,0.4717060923576355,4487,470G
0.23442292213439941,0.1506909728050232,980,348L
0.6998419761657715,0.6113755702972412,661,340T478A
0.2187761664390564,0.15702056884765625,4179,451F499S
0.8941372036933899,1.244938850402832,6543,ACE2_69F
0.8619698286056519,0.861680269241333,5367,ACE2_330V
0.8240929245948792,0.8717911839485168,6531,ACE2_68M
0.01348966360092163,0.18779081106185913,4315,458S513C
1.4483928680419922e-05,0.23554807901382446,3198,411R480L
0.15488165616989136,0.5839574337005615,1468,365C428E
0.9176521301269531,1.006674885749817,5115,ACE2_273C
0.676082968711853,0.889091432094574,1794,369D
1.4483928680419922e-05,-0.06238836050033569,1195,356M465P
0.06606936454772949,0.043120384216308594,3503,420I504D
0.9120108485221863,0.6930012106895447,4378,461V
0.005754411220550537,-0.3362782597541809,3647,425T446L
0.9993414878845215,0.9658558368682861,5155,ACE2_276N
0.2570396065711975,0.42840465903282166,1006,349G
0.8922550678253174,0.9818093776702881,5444,ACE2_347V
0.9576714038848877,0.9051890969276428,5408,ACE2_345N
1.7404556274414062e-05,-0.7427380681037903,3367,416L431N446Q497E
0.037153542041778564,0.42720597982406616,44,333L374N390A
1.7404556274414062e-05,0.03287225961685181,1758,367Y416V
0.8305326104164124,1.0794798135757446,6598,ACE2_73Y
5.131959915161133e-05,0.09132051467895508,3857,432N
0.674576997756958,0.4325393736362457,5548,ACE2_354K
0.03801894187927246,0.16543954610824585,347,336I417W
1.7404556274414062e-05,0.19880813360214233,2667,389H400V
1.4483928680419922e-05,-0.09000986814498901,3068,402R479C506K
0.00046771764755249023,-0.49452072381973267,2711,390I420L507R
0.03467369079589844,0.3031212091445923,2208,377N474R
0.7951056957244873,1.2886244058609009,6572,ACE2_72C
0.012022674083709717,-0.24071615934371948,2810,391V495L
0.00019496679306030273,-0.004618048667907715,3940,436S485I
0.003981053829193115,-0.027313649654388428,1272,358K486L
0.2570396065711975,0.38959312438964844,4672,485C
0.0030903220176696777,-0.44733601808547974,4669,484W496L
0.8507474660873413,0.9712298512458801,5435,ACE2_347I
0.3162277638912201,0.4782842993736267,3480,420A444N
0.002398848533630371,-0.0933271050453186,3548,421I453G
6.759166717529297e-05,-0.7416724562644958,4049,443L465G
0.9837856292724609,1.0391438007354736,6045,ACE2_438C
2.2411346435546875e-05,0.2374451756477356,4533,473K484D
0.0038904547691345215,0.5991547107696533,3122,407A485E
1.7404556274414062e-05,0.47834792733192444,435,337S410W445R
0.022908687591552734,0.06344598531723022,417,337K391H500E
0.010232925415039062,0.4719870388507843,3798,430A463L
0.9973315596580505,0.8226147294044495,6496,ACE2_65F
0.5011872053146362,0.7565158605575562,110,334E340L
0.9810057878494263,1.0282716751098633,6501,ACE2_65L
0.43651583790779114,0.5410376191139221,822,344T468L
0.9808247089385986,1.0006468296051025,6076,ACE2_442G
3.981590270996094e-05,-0.6920127272605896,3885,434K468E476L
0.2570396065711975,0.976601243019104,3283,414D518S
0.028840303421020508,0.01785433292388916,4751,495I
0.07585775852203369,-0.09669756889343262,3631,424Y459E
0.4897788166999817,0.3982301354408264,4102,446F
0.003311336040496826,0.1518976092338562,4662,484K495T
0.8511380553245544,0.5427438616752625,4299,458G
0.2137961983680725,-0.5222198367118835,4415,464G503S
0.0003802180290222168,-0.01466912031173706,1602,366V495P
1.4483928680419922e-05,0.8239271640777588,726,342S443H
0.6606934666633606,0.30926308035850525,2947,395G
0.9498088359832764,0.8259003162384033,5911,ACE2_398Y
0.9194468259811401,0.8266032338142395,5782,ACE2_386T
0.8474016785621643,1.3086574077606201,5836,ACE2_389W
0.000125885009765625,0.6823949217796326,3586,422Q
0.4265795350074768,0.9811235666275024,745,343D
1.0,0.986672043800354,6613,ACE2_75E
1.0,1.5714082717895508,4797,501H
1.0,1.1512196063995361,2679,389S469R
1.0,1.030523657798767,1797,369E527S
1.0,0.986672043800354,6211,ACE2_509D
1.0,0.986672043800354,1878,370N
1.0,0.986672043800354,4794,500T
1.0,0.986672043800354,5949,ACE2_402E
1.0,0.5060784220695496,4409,463S501M
1.0964782238006592,0.44702666997909546,2061,373R405K
1.0232930183410645,1.2189998626708984,2566,386Q
1.202264428138733,1.0120550394058228,2447,385A394A
1.026862382888794,0.9786012172698975,5150,ACE2_276G
1.0232930183410645,1.0057125091552734,1558,366E459K
1.071519374847412,0.4870814085006714,2573,386R414T
1.0471285581588745,1.0562467575073242,4602,479E
1.0741004943847656,1.2584571838378906,6664,ACE2_82L
1.0008819103240967,0.9450958967208862,6311,ACE2_515S
1.17489755153656,0.5965568423271179,1515,365M484T
1.1220184564590454,0.5231212377548218,1253,357V367L405K453F458A
1.0964782238006592,1.1768467426300049,2565,386N452W
1.0232930183410645,0.5305430293083191,407,337D444Y
1.0471285581588745,1.0452429056167603,2444,384W459N
1.6218101978302002,1.4465773105621338,4062,444A451F498H
1.2882494926452637,1.6684763431549072,4805,501W
1.0471285581588745,1.2040209770202637,4734,493V500L
1.071519374847412,0.9605986475944519,1367,362A452G
1.0076884031295776,0.9219887256622314,5346,ACE2_329Q
1.0964782238006592,1.1340627670288086,880,346A369F
1.11472487449646,1.0509591102600098,5712,ACE2_378Q
1.1481536626815796,1.1670984029769897,1608,367A384T415K
1.6982436180114746,1.305579662322998,659,340S501Y
1.2488837242126465,0.913070797920227,6713,ACE2_89K
1.1220184564590454,0.7233325242996216,527,339I450E460K
1.0232930183410645,0.9852463006973267,295,335T356M
1.2882494926452637,0.9237878322601318,1605,367A
1.1481536626815796,1.1530253887176514,2392,383N519S
1.1481536626815796,1.0463486909866333,284,335S414K
1.0043421983718872,1.1149065494537354,5636,ACE2_367A
1.5848932266235352,0.8334279656410217,565,339Q439V452Q459R
1.7404053211212158,1.3803048133850098,6712,ACE2_89I
1.1481536626815796,0.20654147863388062,1260,357W445E508F
1.202264428138733,-0.10182887315750122,550,339N373R427I508N
1.1481536626815796,1.0049668550491333,83,333S430C
0.8197037577629089,0.9255583882331848,6223,ACE2_509R
0.2754228711128235,0.5776180028915405,1424,363R
1.7404556274414062e-05,0.11240792274475098,2668,389I416L
0.9231488704681396,0.8108627200126648,5366,ACE2_330T
0.7410714030265808,0.6844459772109985,5552,ACE2_354P
0.846165657043457,0.8820855021476746,6503,ACE2_65P
1.4483928680419922e-05,0.4943962097167969,2361,381V488F
0.6606934666633606,1.0008213520050049,4680,485R
1.4483928680419922e-05,0.0037515759468078613,4120,447I505T
0.4168694019317627,0.15455424785614014,2622,388C459G
0.020417392253875732,0.7106119990348816,2550,386L425H
0.8964157700538635,1.041229248046875,5612,ACE2_35L
0.676082968711853,1.1091563701629639,2928,394T428Y
0.7797641158103943,1.1774652004241943,6608,ACE2_74P
0.7160414457321167,0.7141405344009399,6014,ACE2_41F
0.30902954936027527,0.21435636281967163,1024,349P471G
0.7943282723426819,0.8754395246505737,4427,464W
0.7379993796348572,0.7972646355628967,5849,ACE2_38T
0.5248074531555176,0.632361888885498,1614,367C413Q
0.13182568550109863,0.3668169379234314,1237,357L501E
0.8709635734558105,1.0414228439331055,4910,519L
0.0046773552894592285,0.3513602614402771,1761,368C446Y
0.8016279339790344,1.0373387336730957,5016,ACE2_20H
0.2630268335342407,0.749921441078186,33,333I430E
0.9687740802764893,0.8932939767837524,5398,ACE2_345A
0.18620872497558594,0.1995202898979187,993,348T420T
0.9719911813735962,0.9751681089401245,5219,ACE2_290I
3.0219554901123047e-05,-0.2234010100364685,730,342T495V
0.09332543611526489,0.09977221488952637,957,347Q444T
0.1047128438949585,0.26521092653274536,1588,366Q448C
0.005248069763183594,-0.1068798303604126,4755,495Q503D
1.4483928680419922e-05,0.0989568829536438,3873,433L497S
1.7404556274414062e-05,0.18103152513504028,3437,418M506S
1.7404556274414062e-05,-0.24227815866470337,2380,383A411P469Q
0.00011479854583740234,0.17257249355316162,3724,427Y443P
0.00014793872833251953,0.310238778591156,1526,365R406S437P
0.6766421794891357,0.6960437297821045,6155,ACE2_48P
1.4483928680419922e-05,0.13964861631393433,3477,419V488T
0.0003090500831604004,0.7547252774238586,320,335W457V
0.8017673492431641,1.0157274007797241,5454,ACE2_349K
0.11220186948776245,0.7027988433837891,4271,455P
0.9400436878204346,0.9498022794723511,6375,ACE2_56N
0.9255592226982117,0.9872954487800598,6289,ACE2_514F
0.6606934666633606,0.7882223129272461,2137,375K384I478K
0.7641223073005676,1.2987842559814453,5333,ACE2_326V
1.7404556274414062e-05,0.5462836027145386,3440,418Q509I
0.8316448926925659,0.9596925973892212,6248,ACE2_510P
0.5754399299621582,0.46010518074035645,592,339T525Y
0.3388441801071167,0.5068048238754272,2994,397T
0.8511380553245544,0.35561567544937134,3101,405A
0.7079458236694336,0.8425578474998474,3256,413N
0.16982436180114746,0.8533916473388672,4651,483E515V
1.7404556274414062e-05,0.06009829044342041,1347,361E380S
0.7691143751144409,0.8645185232162476,6497,ACE2_65G
0.05495411157608032,0.1343880295753479,2633,388I474Y
0.8541070818901062,0.9442015290260315,6471,ACE2_63S
6.61015510559082e-05,0.28624242544174194,1757,367Y401E
0.7762471437454224,0.17365074157714844,1320,359R450M
0.06165951490402222,0.2738005518913269,3558,421N482Y
0.9915044903755188,1.0549566745758057,6794,ACE2_95Q
0.9821457862854004,0.9957296252250671,5230,ACE2_290W
0.09332543611526489,0.09849518537521362,567,339R406F
0.1047128438949585,0.4423781633377075,830,344Y479T
0.8406977653503418,0.9515695571899414,5353,ACE2_330A
0.9332543015480042,0.6336737871170044,4958,525M
0.43651583790779114,0.9615520238876343,4065,444F450D
0.021877646446228027,0.19370192289352417,599,339W353S459M
0.007413089275360107,0.20960628986358643,532,339K473L486Q
0.014125406742095947,0.2885311245918274,472,338S371F383P
1.7404556274414062e-05,0.04428154230117798,2262,379D502W
0.4466836154460907,0.2523253560066223,3023,399M
0.6719054579734802,0.8885056972503662,5813,ACE2_388P
0.0033884644508361816,-0.6014871001243591,1899,370Y397F437S
0.7105321884155273,0.833579957485199,5759,ACE2_383P
0.9898344874382019,1.1343584060668945,5055,ACE2_23A
0.7474963068962097,1.0069012641906738,6033,ACE2_42F
0.7439367175102234,0.8424431085586548,6019,ACE2_41M
0.002041757106781006,0.4721894860267639,2382,383C493K497L
1.4483928680419922e-05,0.8476202487945557,1061,351E506W
0.7365037202835083,0.8063055276870728,6026,ACE2_41V
0.0812830924987793,0.31661462783813477,1401,363F444A492N
0.8077003955841064,1.0311602354049683,5810,ACE2_388L
0.8480522036552429,1.6718875169754028,5860,ACE2_390L
1.4483928680419922e-05,-0.2158394455909729,2990,397N447D
1.7404556274414062e-05,0.9702301025390625,4534,473K487Y
0.15135616064071655,0.2071043848991394,32,333I411V
0.03548133373260498,0.11426717042922974,1518,365N470P
0.9859994649887085,0.9513505697250366,5174,ACE2_277P
0.6606934666633606,0.3215065598487854,4549,474M
0.8809791803359985,0.8443106412887573,5345,ACE2_329P
0.7857348918914795,0.9828680753707886,6325,ACE2_518P
1.0,0.36283981800079346,2904,394K481S
1.0,1.0937273502349854,4902,518T
1.0,0.9993779063224792,905,346I365M
1.0,1.0005453824996948,6047,ACE2_438F
1.0,1.0005453824996948,6098,ACE2_445T
1.0,1.0005453824996948,2322,380Y
1.0,1.0005453824996948,5297,ACE2_324T
1.0,0.6211518049240112,4954,523V
1.0,1.0005453824996948,3032,399S
1.3803842067718506,0.18797051906585693,2534,386E439V490Y
1.007940649986267,1.0917396545410156,5985,ACE2_409L
1.0471285581588745,0.827917218208313,4637,481R
1.258925437927246,1.0318949222564697,4215,452Q478G
1.1227645874023438,0.8686153292655945,5968,ACE2_406G
1.3120862245559692,0.9482444524765015,6617,ACE2_75I
1.0964782238006592,0.7595648765563965,4647,482Q
1.778279423713684,0.5245890021324158,4241,453K527M
1.1481536626815796,1.235825538635254,2451,385D390Y
2.02984881401062,1.5193519592285156,6736,ACE2_90W
1.0260242223739624,1.11629319190979,6435,ACE2_61H
2.994407892227173,0.5536050200462341,5197,ACE2_27Y
1.0333690643310547,0.8198876976966858,5807,ACE2_388H
1.5848932266235352,1.1525315046310425,2007,372R493A
1.955063819885254,1.2532830238342285,6650,ACE2_79P
1.1220184564590454,0.5875075459480286,2242,378N508H
1.423633337020874,1.3635362386703491,6662,ACE2_82G
1.0471285581588745,1.0219521522521973,228,335M369V
1.0232930183410645,1.1592392921447754,6,333A440A
1.0471285581588745,1.1345582008361816,4593,478K520Y
1.0964782238006592,0.8204352855682373,1501,365L387I
1.0232930183410645,0.8708668947219849,1232,357K375T
1.8197009563446045,1.1590068340301514,4617,479S498Y
1.0115795135498047,0.9375485777854919,2900,394I490R
1.202264428138733,1.212950587272644,314,335W367E
1.0471285581588745,0.7277716994285583,2496,385N479M
1.1220184564590454,0.8978801965713501,3317,415H
2.1379621028900146,0.8242411613464355,2433,384R453K
1.158104658126831,0.9559259414672852,6438,ACE2_61M
1.0596051216125488,1.0390187501907349,5134,ACE2_274K
1.7378008365631104,0.5849999189376831,4242,453L498H
1.1220184564590454,1.2502611875534058,3804,430F452Q522S
1.0232930183410645,0.6840333938598633,1968,372E
3.0807740688323975,1.0179848670959473,6758,ACE2_92E
1.1684348583221436,0.9399686455726624,5484,ACE2_350F
1.7404556274414062e-05,-0.11146694421768188,3013,398V506W
1.4483928680419922e-05,0.7072833776473999,4032,442Q468C
0.3388441801071167,0.3816215991973877,4829,504W
0.004168689250946045,0.34180641174316406,4575,476V490A
0.7413102388381958,0.783729076385498,851,345R
0.9309101104736328,1.2428815364837646,5415,ACE2_346E
0.5128613710403442,0.8745282292366028,2356,381S459D
0.9813601970672607,1.0428792238235474,6197,ACE2_505D
0.4265795350074768,0.4227869510650635,210,335G490V
0.00012886524200439453,0.5291160345077515,2635,388L419K
0.05754399299621582,0.033370912075042725,2784,391P457S526R
0.47863009572029114,0.7794243693351746,3146,408C415N
1.7404556274414062e-05,0.5109742879867554,3435,418L502I
0.9332543015480042,1.0721228122711182,2415,384H
0.2691534757614136,0.4392891526222229,2628,388F421F
0.850858211517334,1.0365393161773682,6167,ACE2_49H
0.15135616064071655,0.8503665328025818,2881,393Y420G518I
0.8484755158424377,0.763588547706604,6646,ACE2_79K
0.7649381756782532,0.8521054983139038,6334,ACE2_51E
0.9772372245788574,0.9966440796852112,903,346I
0.8317638039588928,0.5789892077445984,4399,462V
0.8709635734558105,0.3701401352882385,3234,413C
0.301995187997818,1.1028733253479004,1640,367F433L
1.7404556274414062e-05,0.2867259979248047,3863,432W454C
0.3890451490879059,0.43085938692092896,1970,372E415L470S
1.4483928680419922e-05,0.21661388874053955,3793,429Y436A
0.3388441801071167,0.13557904958724976,1099,352S469L527R
0.1273503303527832,0.07639890909194946,3129,407L415L426S
0.5495408773422241,1.058751106262207,1919,371G388S
1.4483928680419922e-05,0.1004565954208374,807,344P360M503S
0.301995187997818,0.24104177951812744,20,333F342L
0.3801894187927246,0.4956144094467163,4683,486H
0.8511380553245544,0.5420012474060059,1830,369M413Q501I
1.7404556274414062e-05,0.3670428991317749,1351,361H431P
0.058884382247924805,0.9758820533752441,4850,508K
0.05495411157608032,0.24634969234466553,1462,364V465S
1.7404556274414062e-05,-0.14315980672836304,344,336G457W470S
0.09549927711486816,0.4541865587234497,4273,455W475G
0.727821946144104,1.1442692279815674,6683,ACE2_83P
0.7987990975379944,0.9954547882080078,6783,ACE2_93W
2.753734588623047e-05,-0.2250846028327942,3173,410G474K
0.12022644281387329,0.3641764521598816,3160,409A
1.7404556274414062e-05,0.18066728115081787,681,341G395K
1.7404556274414062e-05,0.19312751293182373,442,338C467N
0.733605682849884,0.7972782254219055,5601,ACE2_357S
0.2754228711128235,0.5713887214660645,2617,387T
1.7404556274414062e-05,0.14197862148284912,27,333H425S
1.7404556274414062e-05,0.09795206785202026,1073,351M457L
0.008317649364471436,1.2134698629379272,4802,501R
0.002454698085784912,0.21120935678482056,2135,375H449S469F
1.7404556274414062e-05,0.34449440240859985,138,334M433Y
0.9663617014884949,0.9714179039001465,6294,ACE2_514N
3.4689903259277344e-05,0.6393148899078369,3031,399R511M
0.23442292213439941,0.7687009572982788,2154,375R514Y
0.003019988536834717,0.44173139333724976,3098,404Q450T
0.002398848533630371,0.39903444051742554,2858,393K495T
0.005011856555938721,-0.21129924058914185,3508,420L457L
0.6606934666633606,1.0867036581039429,2126,375A427T
0.015848934650421143,0.15093445777893066,2193,376S427E468K487D
0.00870966911315918,0.3628689646720886,331,336A500K
0.6971224546432495,0.8524944186210632,5722,ACE2_37F
0.7244359850883484,1.0347026586532593,2625,388D461M
0.33113113045692444,0.42363762855529785,754,343G503G
0.7124682664871216,1.1683827638626099,5617,ACE2_35S
0.9120108485221863,0.9452382326126099,803,344M452Q
0.7014660835266113,0.8121946454048157,6121,ACE2_45G
0.8709635734558105,1.0691896677017212,4513,471T
5.131959915161133e-05,0.9007154703140259,3711,427S492S
0.7909714579582214,1.0693786144256592,5931,ACE2_401F
0.18620872497558594,0.5118374824523926,1261,357W490I
1.7404556274414062e-05,-0.09348291158676147,328,335Y429D
0.9453828930854797,1.362088918685913,5754,ACE2_383I
0.5248074531555176,0.4537495970726013,1841,369S415A
0.7722495794296265,1.0584903955459595,6157,ACE2_48R
0.7395917773246765,0.882031261920929,6682,ACE2_83N
1.7404556274414062e-05,-0.20569461584091187,3384,416V469F
1.4483928680419922e-05,0.5568913221359253,3003,398K463N
0.7943282723426819,0.7510919570922852,3158,408W
0.2570396065711975,0.39685600996017456,1577,366L451M
1.621246337890625e-05,0.22762435674667358,3785,429S
0.7788531184196472,0.7562491297721863,5726,ACE2_37K
1.7404556274414062e-05,0.3425060510635376,3909,435H491R
0.05559045076370239,0.3112110495567322,749,343F471W
0.0017783045768737793,0.3903794288635254,1535,365T391W443Y
0.051286160945892334,0.6305975914001465,2889,394C506L
1.7404556274414062e-05,0.5743831396102905,4813,502W510L
0.8317638039588928,0.3210459351539612,1233,357K471I
0.06165951490402222,0.5697346925735474,4278,456I
0.7514881491661072,0.5763261914253235,6012,ACE2_41C
4.786252975463867e-05,0.3578222990036011,3784,429P519Y
0.7834477424621582,1.0990358591079712,6216,ACE2_509I
1.0,1.0564911365509033,2391,383N
1.0,1.1183292865753174,1626,367E434V
1.0,0.9414335489273071,2413,384F430Y
1.0,0.991104781627655,4019,441L
1.0,0.991104781627655,4305,458K
1.0,0.991104781627655,4842,507P
1.0,1.0745606422424316,255,335P471R
1.0,0.991104781627655,4613,479P
1.0,0.48500606417655945,3117,406H
