label,delta,nmutant
331A,-0.05,1
331C,-0.09,1
331D,0.07250000000000001,1
331E,0.015,1
331F,-0.07142857142857142,1
331G,-0.05625,1
331H,-0.01,1
331I,-0.06833333333333334,1
331K,-0.009411764705882356,1
331L,-0.027777777777777776,1
331M,-0.02666666666666667,1
331P,-0.05999999999999999,1
331Q,0.006,1
331R,-0.02,1
331S,-0.029444444444444447,1
331T,0.062,1
331V,-0.039999999999999994,1
331W,-0.14714285714285716,1
331Y,-0.08,1
332A,-0.0023076923076923044,1
332C,-0.05500000000000001,1
332D,-0.01375,1
332E,0.07166666666666667,1
332F,-0.24476190476190487,1
332G,-0.07571428571428572,1
332H,0.05142857142857143,1
332K,-0.05199999999999999,1
332L,-0.0019230769230769223,1
332M,-0.0010000000000000009,1
332N,-0.0008333333333333318,1
332P,0.035,1
332Q,-0.018333333333333333,1
332R,-0.01,1
332S,-0.033428571428571426,1
332T,-0.030000000000000002,1
332V,-0.004375,1
332W,-0.03,1
332Y,-0.025,1
333A,-0.017142857142857147,1
333C,-0.11999999999999998,1
333D,-0.016,1
333E,-0.15166666666666664,1
333F,-0.10833333333333334,1
333G,-0.0675,1
333H,-0.06142857142857144,1
333I,-0.05444444444444445,1
333K,0.0,1
333L,-0.027647058823529413,1
333M,-0.025454545454545455,1
333N,-0.06,1
333P,0.037500000000000006,1
333Q,0.01,1
333R,0.010000000000000002,1
333S,-0.09217391304347826,1
333V,-0.04,1
333W,-0.21181818181818182,1
333Y,-0.05714285714285715,1
334A,-0.0275,1
334C,-0.11444444444444445,1
334D,0.01125,1
334E,0.007499999999999998,1
334F,-0.22999999999999998,1
334G,-0.030000000000000002,1
334H,-0.034999999999999996,1
334I,-0.19714285714285712,1
334K,-0.05375,1
334L,-0.1992857142857143,1
334M,-0.042222222222222223,1
334P,-0.1581818181818182,1
334Q,0.019,1
334R,-0.0014285714285714299,1
334S,-0.06272727272727273,1
334T,-0.04,1
334V,-0.074,1
334W,-0.238,1
334Y,-0.1,1
335A,0.04,1
335C,-0.1111111111111111,1
335D,-0.001818181818181821,1
335E,0.06000000000000002,1
335F,-0.03142857142857143,1
335G,-0.0725,1
335H,-0.025833333333333333,1
335I,-0.02315789473684211,1
335K,-0.03727272727272728,1
335M,0.008000000000000004,1
335N,0.028749999999999998,1
335P,0.0625,1
335Q,-0.009090909090909092,1
335R,-0.005666666666666669,1
335S,0.014499999999999996,1
335T,0.018000000000000002,1
335V,-0.10789473684210528,1
335W,-0.035454545454545454,1
335Y,-0.026666666666666665,1
336A,-0.6912499999999999,1
336D,-0.47833333333333333,1
336E,-0.64,1
336F,-0.5796,1
336G,-0.6623076923076923,1
336H,-0.7033333333333335,1
336I,-0.7658823529411766,1
336K,-0.9328571428571427,1
336L,-0.8072222222222223,1
336M,-0.744,1
336N,-0.5076923076923076,1
336P,-0.9189999999999999,1
336Q,-0.6833333333333332,1
336R,-0.9881818181818182,1
336S,-0.6603999999999999,1
336T,-0.58,1
336V,-0.6186666666666665,1
336W,-0.7969999999999999,1
336Y,-0.6980000000000001,1
337A,-0.08777777777777779,1
337C,-0.185,1
337D,0.08333333333333333,1
337E,-0.02,1
337F,-0.41,1
337G,-0.14333333333333334,1
337H,-0.11,1
337I,-0.555,1
337K,-0.0642857142857143,1
337L,-0.2732352941176471,1
337M,-0.1975,1
337N,-0.02666666666666667,1
337Q,-0.13666666666666666,1
337R,-0.13,1
337S,-0.10090909090909092,1
337T,-0.13444444444444448,1
337V,-0.3933333333333333,1
337W,-0.42,1
337Y,-0.25666666666666665,1
338A,-0.9550000000000001,1
338C,-0.935,1
338D,-1.089090909090909,1
338E,-1.0916666666666666,1
338G,-1.0325,1
338H,-0.89,1
338I,-0.15333333333333335,1
338K,-1.47,1
338L,-0.03294117647058824,1
338M,-0.15666666666666665,1
338N,-1.15,1
338P,-0.9299999999999999,1
338Q,-1.0559999999999998,1
338R,-1.6466666666666667,1
338S,-1.0405,1
338T,-0.92625,1
338V,-0.545,1
338W,0.043333333333333335,1
338Y,-0.05000000000000001,1
339A,-0.006428571428571432,1
339C,-0.36,1
339D,0.06571428571428571,1
339E,-0.02733333333333333,1
339F,-0.11,1
339H,0.023636363636363636,1
339I,-0.20875,1
339K,-0.1325,1
339L,-0.22772727272727275,1
339M,-0.15142857142857144,1
339N,0.015294117647058824,1
339P,-0.1391666666666667,1
339Q,-0.045294117647058825,1
339R,-0.10607142857142857,1
339S,0.013181818181818182,1
339T,-0.04785714285714286,1
339V,-0.17679999999999998,1
339W,-0.08285714285714287,1
339Y,-0.02875,1
340A,-0.092,1
340C,-0.45499999999999996,1
340D,0.014545454545454545,1
340F,-0.6375,1
340G,-0.26333333333333336,1
340H,-0.3566666666666667,1
340I,-0.3825,1
340K,-0.11666666666666665,1
340L,-0.20500000000000002,1
340M,-0.18285714285714283,1
340N,-0.238,1
340P,-0.20875000000000002,1
340R,-0.275,1
340S,-0.10500000000000001,1
340T,-0.182,1
340V,-0.24,1
340W,-0.64,1
340Y,-0.5325,1
341A,-0.85,1
341C,-0.9557142857142858,1
341D,-0.862857142857143,1
341E,-0.97,1
341F,-0.5680000000000001,1
341G,-1.0614285714285714,1
341H,-0.9777777777777779,1
341I,0.0275,1
341K,-1.5666666666666664,1
341L,-0.17333333333333334,1
341M,-0.51,1
341N,-1.0114285714285713,1
341P,-0.946,1
341Q,-0.995,1
341R,-1.2075,1
341S,-0.8735714285714286,1
341T,-0.60625,1
341W,-0.55,1
341Y,-0.6344444444444445,1
342A,-0.8841666666666667,1
342C,-1.0822222222222222,1
342D,-1.5566666666666666,1
342G,-1.3399999999999999,1
342H,-1.56,1
342I,-0.13111111111111112,1
342K,-1.1260000000000001,1
342L,-0.2764285714285714,1
342M,-0.32,1
342N,-1.5470588235294118,1
342P,-1.8875,1
342Q,-1.205,1
342R,-1.283333333333333,1
342S,-1.3028571428571427,1
342T,-0.792,1
342V,-0.375625,1
342W,-0.7266666666666667,1
342Y,-0.9266666666666667,1
343A,-0.38,1
343C,-0.75625,1
343D,-0.36999999999999994,1
343E,-0.2733333333333333,1
343F,-0.4309090909090909,1
343G,-0.211,1
343H,-0.3033333333333333,1
343I,-0.9662499999999998,1
343K,-0.3233333333333333,1
343L,-0.5733333333333334,1
343M,-0.5574999999999999,1
343P,-1.4585714285714286,1
343Q,-0.3157142857142858,1
343R,-0.43538461538461537,1
343S,-0.3133333333333333,1
343T,-0.35000000000000003,1
343V,-0.818125,1
343W,-0.47400000000000003,1
343Y,-0.4677777777777778,1
344C,-0.3977777777777778,1
344D,-0.41285714285714287,1
344E,-0.25785714285714284,1
344F,-0.805,1
344G,-0.31600000000000006,1
344H,-0.45363636363636356,1
344I,-0.4218181818181818,1
344K,-0.09333333333333334,1
344L,-0.6248,1
344M,-0.43000000000000005,1
344N,-0.13875,1
344P,-0.7669230769230769,1
344Q,-0.09499999999999999,1
344R,-0.16625,1
344S,-0.13555555555555557,1
344T,-0.36357142857142855,1
344V,-0.45588235294117646,1
344W,-0.946,1
344Y,-0.8063636363636365,1
345A,-0.12,1
345C,-0.6271428571428571,1
345D,-0.11818181818181821,1
345E,-0.1,1
345F,-0.59,1
345G,-0.3657142857142857,1
345H,-0.2625,1
345I,-0.4233333333333333,1
345K,-0.065,1
345L,-0.24263157894736845,1
345M,-0.37,1
345N,-0.21857142857142858,1
345P,-0.06500000000000002,1
345Q,-0.15000000000000002,1
345R,-0.1275,1
345S,-0.025,1
345V,-0.2790909090909091,1
345W,-0.61,1
345Y,-0.47875,1
346A,0.003333333333333332,1
346C,-0.11,1
346D,0.024999999999999998,1
346E,0.01,1
346F,-0.015714285714285715,1
346G,-0.11833333333333333,1
346H,0.06333333333333334,1
346I,0.036000000000000004,1
346K,-0.02,1
346L,-0.03714285714285715,1
346M,-0.023333333333333334,1
346N,0.0075,1
346P,-0.378,1
346Q,-0.02,1
346S,0.054000000000000006,1
346T,0.06,1
346V,0.05285714285714286,1
346W,-0.09666666666666668,1
346Y,0.07,1
347A,-0.8500000000000001,1
347C,-1.0971428571428572,1
347E,-1.4575,1
347G,-0.9750000000000001,1
347K,-1.5933333333333335,1
347L,-0.868181818181818,1
347M,-0.4333333333333333,1
347N,-1.72,1
347P,-0.792,1
347Q,-1.034,1
347R,-1.2899999999999998,1
347S,-0.8914285714285715,1
347T,-1.1,1
347V,-0.7044444444444444,1
347Y,-0.39,1
348C,-0.23,1
348D,-0.07,1
348E,-0.14285714285714285,1
348F,-0.29000000000000004,1
348G,-0.10833333333333334,1
348H,0.01,1
348I,-0.83,1
348K,-0.23249999999999998,1
348L,-0.6020000000000001,1
348M,-0.294,1
348N,-0.016,1
348P,-0.065,1
348Q,-0.11499999999999999,1
348R,-0.2425,1
348S,0.004545454545454542,1
348T,-0.1775,1
348V,-0.555,1
348W,-0.45999999999999996,1
348Y,-0.10166666666666667,1
349A,-0.3316666666666667,1
349D,-0.52,1
349E,-1.23,1
349F,-1.988,1
349G,-0.52,1
349K,-0.8657142857142857,1
349L,-1.9115000000000002,1
349M,-0.9185714285714287,1
349N,-0.2528571428571429,1
349P,-0.11200000000000002,1
349Q,-0.8139999999999998,1
349R,-0.9741666666666666,1
349T,-0.77,1
349V,-1.9180000000000004,1
349W,-2.0,1
349Y,-1.835,1
350A,-0.42333333333333334,1
350D,-4.8,1
350F,-4.84,1
350G,-1.8866666666666667,1
350H,-4.82,1
350K,-4.786666666666666,1
350L,-1.685625,1
350M,-3.9216666666666664,1
350P,-0.1,1
350Q,-4.84,1
350R,-4.808,1
350S,-0.9400000000000001,1
350T,-0.8025,1
350W,-4.715000000000001,1
351A,-0.57,1
351C,-0.595,1
351E,-1.68,1
351F,-0.07333333333333333,1
351G,-1.73,1
351H,-0.23,1
351I,-0.7599999999999999,1
351K,-2.4939999999999998,1
351L,-0.8999999999999999,1
351M,-0.55,1
351P,-0.57,1
351Q,-0.9,1
351R,-2.83,1
351S,-0.64,1
351T,-0.6366666666666667,1
351V,-0.19,1
351W,-0.21,1
352C,-0.1,1
352E,-0.02,1
352F,-0.265,1
352G,-0.19499999999999998,1
352H,-0.020000000000000004,1
352I,-0.47,1
352K,-0.06,1
352L,-0.3155555555555555,1
352M,-0.01333333333333333,1
352N,-0.05,1
352P,-3.27,1
352Q,0.04,1
352R,-0.04833333333333334,1
352S,-0.07333333333333333,1
352T,-0.254,1
352V,-0.5266666666666667,1
352W,-0.44,1
352Y,-0.15,1
353A,-0.98,1
353C,-1.13,1
353D,-1.83,1
353E,-1.864,1
353F,-0.10250000000000001,1
353G,-2.0225,1
353H,-0.59,1
353K,-2.34,1
353L,-2.064,1
353M,-0.59,1
353N,-1.252,1
353P,-0.6657142857142857,1
353Q,-1.394,1
353R,-1.5999999999999999,1
353S,-0.9766666666666667,1
353T,-1.68,1
353V,-1.26,1
354C,-0.23,1
354D,-0.09,1
354F,-0.575,1
354G,-0.06833333333333334,1
354H,-0.09,1
354I,-0.39166666666666666,1
354K,0.024999999999999998,1
354L,-0.56,1
354M,-0.25,1
354P,-0.905,1
354R,0.075,1
354S,0.046,1
354T,0.03599999999999999,1
354V,-0.19,1
354W,-0.835,1
354Y,-0.3771428571428571,1
355A,-1.4957142857142858,1
355C,-1.883333333333333,1
355D,-4.53,1
355E,-1.3399999999999999,1
355F,-3.2575,1
355G,-2.144,1
355H,-0.49,1
355I,-3.3425000000000002,1
355K,-1.0525,1
355L,-4.324375,1
355M,-2.1366666666666667,1
355N,-1.3566666666666667,1
355P,-2.83,1
355Q,-0.6699999999999999,1
355S,-0.64625,1
355T,-0.6563636363636364,1
355V,-2.1774999999999998,1
355W,-2.0833333333333335,1
355Y,-2.24,1
356A,-0.135,1
356C,-0.21,1
356E,-0.21,1
356G,-0.9850000000000001,1
356H,-0.1366666666666667,1
356I,-0.0325,1
356L,-0.07,1
356M,-0.019999999999999997,1
356N,-0.2933333333333333,1
356Q,-0.09333333333333334,1
356R,0.018,1
356S,-0.18,1
356T,0.04,1
356V,0.014285714285714287,1
356W,-0.4466666666666666,1
356Y,-0.15,1
357A,-0.030000000000000002,1
357C,-0.057499999999999996,1
357D,-0.0925,1
357E,0.01,1
357F,-0.15,1
357G,-0.4066666666666667,1
357H,-0.09666666666666668,1
357I,-0.08,1
357K,0.045294117647058825,1
357L,-0.06636363636363637,1
357M,-0.054000000000000006,1
357N,-0.054285714285714284,1
357P,-0.125,1
357Q,-0.044285714285714296,1
357S,-0.0642857142857143,1
357T,-0.05833333333333334,1
357V,0.005833333333333337,1
357W,-0.138,1
357Y,-0.06,1
358A,-0.7225,1
358C,-0.45,1
358D,-1.74,1
358E,-1.06,1
358F,0.185,1
358G,-0.8624999999999999,1
358H,-0.64,1
358K,-1.2777777777777777,1
358L,-0.001666666666666666,1
358M,-0.015,1
358N,-0.8960000000000001,1
358P,-2.0966666666666667,1
358Q,-0.975,1
358R,-1.2962500000000001,1
358S,-0.7599999999999999,1
358T,-0.8670588235294118,1
358V,-0.145,1
358W,0.07,1
358Y,-0.010000000000000002,1
359A,-0.015000000000000003,1
359C,-0.0475,1
359D,-0.016666666666666666,1
359E,-0.24,1
359F,-0.054000000000000006,1
359G,-0.075,1
359H,-1.1564823173178713e-18,1
359I,-0.15666666666666668,1
359K,-0.05625000000000001,1
359L,-0.33499999999999996,1
359M,-0.145,1
359N,0.09666666666666668,1
359Q,0.18,1
359R,-0.028181818181818186,1
359T,0.004999999999999999,1
359V,-0.0675,1
359W,-0.105,1
359Y,-0.08,1
360D,-0.030000000000000002,1
360E,-0.13999999999999999,1
360F,-0.34,1
360G,0.03,1
360I,-0.84,1
360K,-0.122,1
360L,-0.476,1
360M,-0.385,1
360P,-0.035,1
360Q,-0.26,1
360R,-0.22666666666666666,1
360S,-0.18,1
360T,-0.3466666666666667,1
360V,-0.73,1
360W,-0.2,1
360Y,-0.32999999999999996,1
361A,-0.6,1
361E,-0.575,1
361F,-0.582,1
361G,-0.714,1
361H,-0.69,1
361I,-0.6666666666666666,1
361K,-0.62,1
361L,-0.6890909090909091,1
361M,-0.67,1
361N,-0.61,1
361P,-0.418,1
361R,-0.6516666666666667,1
361S,-0.62,1
361T,-0.6100000000000001,1
361V,-0.6066666666666668,1
361W,-0.7375,1
361Y,-0.6354545454545455,1
362A,-0.10124999999999999,1
362C,-0.07,1
362D,-0.15,1
362E,-0.047142857142857146,1
362F,-0.04,1
362G,-0.2125,1
362H,-0.04833333333333333,1
362I,0.09000000000000001,1
362K,-0.017142857142857144,1
362L,-0.03200000000000001,1
362M,0.03,1
362N,-0.146,1
362P,-0.47,1
362Q,0.0,1
362R,-0.0018181818181818193,1
362S,-0.10200000000000001,1
362T,0.012499999999999997,1
362W,0.0,1
363C,-0.09375,1
363D,-0.6385714285714286,1
363E,-0.4766666666666667,1
363F,-0.12000000000000002,1
363G,-0.12571428571428572,1
363H,-0.20249999999999999,1
363I,-0.23399999999999999,1
363K,-0.536,1
363L,-0.06272727272727274,1
363M,-0.144,1
363N,-0.39749999999999996,1
363P,-0.15105263157894738,1
363Q,-0.020000000000000004,1
363R,-0.5590909090909091,1
363S,-0.189,1
363T,-0.1870588235294118,1
363V,-0.13533333333333336,1
363W,0.06666666666666667,1
363Y,-0.16333333333333336,1
364A,-0.62375,1
364C,-0.4566666666666667,1
364E,-0.33799999999999997,1
364F,-0.7571428571428571,1
364G,-0.6212500000000001,1
364H,-0.48200000000000004,1
364I,-0.68625,1
364K,-0.445,1
364L,-0.8628571428571428,1
364M,-0.8099999999999999,1
364N,-0.22000000000000003,1
364P,-0.58,1
364Q,-0.52,1
364R,-0.5766666666666668,1
364S,-0.39000000000000007,1
364T,-0.5760000000000001,1
364V,-0.6377777777777778,1
364W,-0.65,1
364Y,-0.5549999999999999,1
365A,-0.29800000000000004,1
365C,-0.4728571428571428,1
365D,-0.6525000000000001,1
365E,-0.6025,1
365F,-0.021666666666666664,1
365G,-0.3733333333333333,1
365H,-0.55875,1
365I,-0.04666666666666667,1
365K,-0.6036363636363637,1
365L,-0.006363636363636366,1
365M,0.017142857142857144,1
365N,-0.5506666666666666,1
365P,-0.378,1
365Q,-0.6233333333333333,1
365R,-0.6090909090909091,1
365S,-0.41363636363636364,1
365T,-0.3330769230769231,1
365V,-0.08833333333333333,1
365W,-0.013749999999999998,1
366A,-0.043333333333333335,1
366C,-0.38999999999999996,1
366D,0.04833333333333333,1
366E,0.013749999999999998,1
366F,-0.23900000000000002,1
366G,0.004444444444444442,1
366H,-0.0225,1
366I,-0.09,1
366K,0.0025,1
366L,-0.07500000000000001,1
366M,-0.02428571428571429,1
366N,0.06000000000000001,1
366P,-0.43999999999999995,1
366Q,0.045,1
366R,-0.009999999999999998,1
366T,-0.001999999999999999,1
366V,0.0024999999999999988,1
366W,-0.1175,1
366Y,-0.2285714285714286,1
367A,0.11222222222222225,1
367C,-0.105,1
367D,-0.04375,1
367E,0.02416666666666667,1
367F,0.08,1
367G,-0.03785714285714286,1
367H,0.038,1
367I,-0.0225,1
367K,0.04666666666666667,1
367L,0.013000000000000001,1
367M,0.036875,1
367N,0.008888888888888889,1
367P,-0.01,1
367Q,0.01888888888888889,1
367R,-0.03526315789473684,1
367S,0.024,1
367T,-0.006153846153846155,1
367W,0.14,1
367Y,-0.008888888888888892,1
368A,-0.834,1
368C,-0.97,1
368D,-0.8657142857142857,1
368E,-1.002,1
368F,-0.03923076923076923,1
368G,-1.035,1
368H,-0.8300000000000001,1
368I,-0.04555555555555555,1
368K,-1.0825,1
368M,-0.14555555555555555,1
368N,-0.99375,1
368P,-0.9183333333333333,1
368Q,-0.9611111111111111,1
368R,-1.024375,1
368S,-0.99,1
368T,-0.874,1
368V,-0.2525,1
368W,-0.395,1
368Y,-0.4675,1
369A,-0.007499999999999998,1
369C,-0.09625,1
369D,-0.12000000000000001,1
369E,-0.09125000000000001,1
369F,-0.05800000000000001,1
369G,-0.08857142857142856,1
369H,-0.08125,1
369I,0.03875000000000001,1
369K,-0.072,1
369L,0.06454545454545456,1
369M,0.06125,1
369N,-0.08777777777777779,1
369P,-0.156,1
369Q,0.011428571428571429,1
369R,-0.03125,1
369S,-0.031111111111111114,1
369T,0.025555555555555557,1
369V,0.0,1
369W,-0.049999999999999996,1
370A,-0.16,1
370C,-0.49,1
370D,-0.03428571428571429,1
370E,0.0025000000000000005,1
370F,-0.26,1
370G,-0.035555555555555556,1
370H,-0.02,1
370I,-0.5836363636363636,1
370K,-0.03333333333333333,1
370L,-0.17357142857142857,1
370M,-0.11499999999999999,1
370P,-0.05666666666666667,1
370Q,0.01,1
370R,-0.05900000000000001,1
370S,-0.026250000000000002,1
370T,-0.05615384615384615,1
370V,-0.458,1
370W,-0.12,1
370Y,-0.131,1
371A,-0.09100000000000001,1
371C,-0.2542857142857143,1
371D,-0.01833333333333333,1
371E,-0.05444444444444444,1
371F,-0.18823529411764706,1
371G,-0.10214285714285717,1
371H,-0.11090909090909093,1
371I,-0.16833333333333333,1
371K,-0.12545454545454546,1
371L,-0.14239999999999997,1
371M,-0.1411111111111111,1
371N,-0.052222222222222225,1
371P,-0.15863636363636366,1
371Q,-0.09714285714285716,1
371R,-0.11307692307692307,1
371T,-0.03166666666666666,1
371V,-0.1794736842105263,1
371W,-0.11857142857142856,1
371Y,-0.11866666666666668,1
372C,-0.19166666666666665,1
372D,-0.09600000000000002,1
372E,0.010000000000000002,1
372F,-0.10666666666666667,1
372G,3.469446951953614e-18,1
372H,-0.12666666666666668,1
372I,-0.138,1
372K,-0.028333333333333335,1
372L,-0.16083333333333333,1
372M,-0.07,1
372N,-0.19333333333333333,1
372P,-0.1366666666666667,1
372Q,-0.042499999999999996,1
372R,0.030000000000000002,1
372S,-0.1927777777777778,1
372T,-0.1447368421052632,1
372V,-0.13909090909090907,1
372W,-0.09166666666666667,1
372Y,-0.183,1
373A,-0.02727272727272728,1
373C,-0.07,1
373D,-0.035,1
373E,-0.0022222222222222227,1
373F,-0.021666666666666667,1
373G,-0.008000000000000002,1
373H,-0.004285714285714287,1
373I,-0.036,1
373K,-0.04666666666666667,1
373L,-0.029166666666666664,1
373M,0.0175,1
373N,-0.9657142857142859,1
373P,-0.085,1
373Q,0.0975,1
373R,-0.006666666666666668,1
373T,0.0,1
373V,-0.07266666666666667,1
373W,-0.05,1
373Y,-0.005714285714285715,1
374A,-0.35750000000000004,1
374C,-0.6114285714285714,1
374D,-0.24500000000000002,1
374E,-0.3166666666666667,1
374G,-0.25857142857142856,1
374H,-0.2375,1
374I,-0.14722222222222225,1
374K,-0.2966666666666667,1
374L,-0.2568,1
374M,-0.23,1
374N,-0.9090000000000001,1
374P,-0.32363636363636367,1
374Q,-0.35250000000000004,1
374R,-0.374,1
374S,-0.35227272727272724,1
374T,-0.31952380952380954,1
374V,-0.32399999999999995,1
374W,-0.018333333333333333,1
374Y,-0.056999999999999995,1
375A,-0.135,1
375C,-0.5107692307692309,1
375D,-0.041,1
375E,-0.09000000000000001,1
375F,-0.5539999999999999,1
375G,-0.20166666666666666,1
375H,-0.12625,1
375I,-0.681,1
375K,-0.2471428571428571,1
375L,-0.6005555555555556,1
375M,-0.4375,1
375N,-0.10799999999999998,1
375P,-0.3325,1
375Q,-0.06,1
375R,-0.34166666666666673,1
375T,-0.060625,1
375V,-0.548235294117647,1
375W,-0.575,1
375Y,-0.295,1
376A,-0.2785714285714286,1
376C,-0.22,1
376D,-1.345,1
376E,-0.07500000000000001,1
376F,-0.12666666666666668,1
376G,-0.614,1
376H,-0.037500000000000006,1
376I,-0.0642857142857143,1
376K,-0.06,1
376L,-0.043333333333333335,1
376M,-0.10500000000000001,1
376N,-0.18499999999999997,1
376P,-0.9175,1
376R,-0.10800000000000001,1
376S,-0.065,1
376V,-0.03799999999999999,1
376Y,-0.058571428571428566,1
377A,-0.54,1
377C,-0.40166666666666667,1
377D,-4.015,1
377E,-2.1166666666666667,1
377G,-1.49,1
377H,-0.6399999999999999,1
377I,-0.18285714285714286,1
377K,-0.715,1
377L,-0.185,1
377M,-0.7771428571428572,1
377N,-0.8116666666666666,1
377R,-0.71,1
377S,-0.8299999999999998,1
377T,-0.4400000000000001,1
377V,-0.15,1
377W,-0.07200000000000001,1
377Y,-0.24333333333333337,1
378A,-0.08666666666666667,1
378C,-0.05,1
378D,-0.04125,1
378F,-0.5162500000000001,1
378G,-0.884,1
378H,-0.195,1
378I,-0.11222222222222222,1
378L,-0.06636363636363636,1
378M,-0.13,1
378N,-0.02,1
378P,-4.84,1
378Q,-0.015000000000000001,1
378R,0.09181818181818184,1
378S,-0.1125,1
378T,-0.135,1
378V,-0.09,1
378W,-0.6699999999999999,1
378Y,-0.4383333333333333,1
379A,-1.4957142857142856,1
379D,-4.8133333333333335,1
379E,-3.97,1
379F,-0.6620000000000001,1
379G,-4.4625,1
379H,-1.865,1
379I,-1.0266666666666666,1
379K,-4.616,1
379L,-0.9664999999999999,1
379M,-0.9514285714285714,1
379N,-4.734999999999999,1
379Q,-3.6399999999999997,1
379R,-4.005555555555556,1
379S,-1.592222222222222,1
379T,-0.9625,1
379V,-0.835,1
379W,-0.458,1
379Y,-1.0580000000000003,1
380A,-1.5683333333333334,1
380C,-1.355833333333333,1
380D,-3.0524999999999998,1
380E,-1.7999999999999998,1
380F,-0.060000000000000005,1
380G,-4.03,1
380H,-0.5185714285714286,1
380I,-0.7316666666666668,1
380K,-1.53,1
380L,-1.4266666666666667,1
380M,-1.13,1
380N,-1.49375,1
380P,-4.8,1
380Q,-1.3920000000000001,1
380R,-1.335,1
380S,-1.1513333333333333,1
380T,-0.8099999999999999,1
380V,-1.0,1
380W,-0.0775,1
381A,-0.523,1
381C,-0.7050000000000001,1
381D,-0.545,1
381E,-0.5466666666666666,1
381F,-0.8,1
381H,-0.15285714285714286,1
381I,-0.8492857142857142,1
381K,-0.02,1
381L,-0.67,1
381M,-0.585,1
381N,-0.014999999999999998,1
381P,-0.9862500000000001,1
381Q,-0.12125,1
381R,-0.02769230769230769,1
381S,-0.2736842105263158,1
381T,-0.5387500000000001,1
381V,-0.6950000000000001,1
381W,-0.8725,1
381Y,-0.7981818181818181,1
382A,-0.265,1
382C,-0.075,1
382D,-0.6433333333333334,1
382F,-0.008333333333333333,1
382G,-0.6880000000000001,1
382H,-0.315,1
382I,-0.001666666666666668,1
382K,-0.5433333333333333,1
382L,-0.04666666666666667,1
382M,-0.12,1
382N,-0.5619999999999999,1
382P,-0.4,1
382Q,-0.58,1
382R,-0.65,1
382S,-0.5557142857142857,1
382T,-0.12,1
382W,-0.365,1
382Y,-0.14750000000000002,1
383A,0.005,1
383C,-0.14600000000000002,1
383D,0.03666666666666667,1
383E,0.10666666666666667,1
383F,-0.13714285714285715,1
383G,-0.13,1
383H,-0.08,1
383I,0.05,1
383K,0.03,1
383L,-0.06714285714285714,1
383M,-0.016666666666666666,1
383N,0.0,1
383P,-0.068,1
383Q,-0.09,1
383R,-0.061250000000000006,1
383T,0.065,1
383V,-0.005,1
383W,-0.19,1
383Y,-0.098,1
384A,0.005000000000000004,1
384C,-0.165,1
384D,-0.12500000000000003,1
384E,-0.030000000000000006,1
384F,0.017499999999999998,1
384G,-0.16875,1
384H,-0.006000000000000001,1
384I,0.018571428571428572,1
384K,0.035,1
384L,0.008888888888888889,1
384M,-0.05,1
384N,-0.1525,1
384Q,0.01,1
384R,0.0012499999999999942,1
384S,-0.0911764705882353,1
384T,-0.03181818181818182,1
384V,0.034999999999999996,1
384W,0.060000000000000005,1
384Y,-0.0625,1
385A,0.0005555555555555559,1
385C,-0.2427272727272727,1
385D,0.0037500000000000033,1
385E,0.05857142857142857,1
385F,-0.010625,1
385G,-0.03666666666666667,1
385H,-0.015000000000000003,1
385I,-0.0385,1
385K,-0.024,1
385L,-0.012857142857142859,1
385M,0.008333333333333333,1
385N,0.008571428571428572,1
385P,-0.04142857142857143,1
385Q,0.032,1
385R,0.0675,1
385S,-0.004736842105263158,1
385V,-0.04523809523809522,1
385W,-0.039999999999999994,1
385Y,0.006666666666666668,1
386A,-0.026000000000000002,1
386C,-0.17545454545454545,1
386D,-0.075,1
386E,0.016666666666666666,1
386F,-0.2285714285714286,1
386G,-0.05285714285714286,1
386H,0.01,1
386I,-0.08083333333333333,1
386L,-0.0736,1
386M,-0.04571428571428572,1
386N,0.03,1
386P,-0.5092307692307693,1
386Q,0.02,1
386R,-0.05800000000000001,1
386S,0.03631578947368421,1
386T,-0.0075,1
386V,-0.08222222222222224,1
386W,-0.41111111111111115,1
386Y,-0.1275,1
387A,-0.516,1
387C,-0.645,1
387D,-0.5449999999999999,1
387E,-0.5925,1
387F,-0.27166666666666667,1
387G,-0.55125,1
387H,-0.69,1
387I,-0.16875,1
387K,-0.6675,1
387M,-0.14166666666666666,1
387N,-0.5825,1
387P,-0.6566666666666666,1
387Q,-0.65,1
387R,-0.6935,1
387S,-0.6000000000000001,1
387T,-0.5780000000000001,1
387V,-0.42750000000000005,1
387W,-0.2375,1
387Y,-0.5725,1
388A,-0.06333333333333334,1
388C,-0.30599999999999994,1
388D,0.03,1
388F,-0.38000000000000006,1
388G,-0.07,1
388H,-0.08714285714285715,1
388I,-0.29333333333333333,1
388K,-0.135,1
388L,-0.2542857142857143,1
388M,-0.10428571428571429,1
388P,-0.039999999999999994,1
388Q,-0.05333333333333334,1
388R,-0.095,1
388S,-0.07823529411764707,1
388T,-0.15333333333333332,1
388V,-0.199,1
388W,-0.38,1
388Y,-0.29444444444444445,1
389A,-0.08125,1
389C,-0.16,1
389E,0.03333333333333333,1
389F,-0.13,1
389G,-0.04666666666666667,1
389H,-0.05,1
389I,-0.40249999999999997,1
389K,-0.07625,1
389L,-0.22769230769230772,1
389M,-0.14666666666666667,1
389N,-0.04833333333333333,1
389P,-0.4557142857142858,1
389Q,-0.015000000000000001,1
389R,-0.049999999999999996,1
389S,0.03,1
389T,-0.00823529411764706,1
389V,-0.2877777777777778,1
389W,-0.20800000000000002,1
389Y,-0.041666666666666664,1
390A,-0.04583333333333333,1
390C,-0.06375,1
390D,-0.27249999999999996,1
390E,-0.03428571428571429,1
390F,-0.0436842105263158,1
390G,-0.08750000000000001,1
390H,-0.05555555555555555,1
390I,-0.054666666666666676,1
390K,-0.07,1
390M,0.015333333333333336,1
390N,-0.092,1
390P,-0.4338888888888889,1
390Q,-0.06866666666666667,1
390R,-0.08499999999999999,1
390S,-0.12214285714285714,1
390T,-0.1203846153846154,1
390V,-0.09384615384615383,1
390W,-0.15,1
390Y,0.014285714285714289,1
391A,-0.08055555555555555,1
391D,-0.10944444444444443,1
391E,-0.07272727272727274,1
391F,-0.16666666666666669,1
391G,-0.16157894736842104,1
391H,-0.047142857142857146,1
391I,-0.12307692307692307,1
391K,-0.06055555555555556,1
391L,-0.11193548387096774,1
391M,-0.11782608695652173,1
391N,-0.06944444444444445,1
391P,-0.05181818181818181,1
391Q,-0.01909090909090909,1
391R,-0.072,1
391S,-0.09122448979591836,1
391T,-0.0790909090909091,1
391V,-0.09259259259259259,1
391W,-0.166875,1
391Y,-0.12708333333333333,1
392A,-0.023999999999999997,1
392C,-0.03636363636363636,1
392D,-0.34800000000000003,1
392E,-0.365,1
392G,-0.273,1
392H,-0.09857142857142857,1
392I,-0.05692307692307692,1
392K,-0.3416666666666666,1
392L,-0.07473684210526317,1
392M,-0.07750000000000001,1
392N,-0.20428571428571432,1
392P,-0.02727272727272728,1
392Q,-0.2725,1
392R,-0.3984615384615384,1
392S,-0.10833333333333334,1
392T,-0.010000000000000002,1
392V,-0.00818181818181818,1
392W,0.046,1
392Y,0.015,1
393A,0.022500000000000003,1
393C,-0.1175,1
393D,-0.054285714285714284,1
393E,-0.021428571428571432,1
393F,-0.21249999999999997,1
393G,-0.12500000000000003,1
393H,-0.05833333333333333,1
393I,-0.076,1
393K,-0.031249999999999993,1
393L,-0.13333333333333333,1
393M,-0.13,1
393N,-0.029090909090909098,1
393P,-0.165,1
393Q,-0.07111111111111111,1
393R,-0.042307692307692296,1
393S,-0.014545454545454545,1
393V,-0.06833333333333333,1
393W,-0.3125,1
393Y,-0.08750000000000002,1
394A,0.010000000000000002,1
394C,-0.08666666666666667,1
394D,-0.04333333333333333,1
394E,-0.024999999999999998,1
394F,-0.06875,1
394G,-0.09222222222222222,1
394H,-0.01307692307692308,1
394I,-0.122,1
394K,-0.09625,1
394L,-0.10952380952380951,1
394M,-0.048571428571428564,1
394P,-0.06857142857142857,1
394Q,-0.08833333333333333,1
394R,-0.08,1
394S,0.008333333333333333,1
394T,-0.041428571428571426,1
394V,-0.05909090909090909,1
394W,-0.07,1
394Y,-0.021875000000000006,1
395A,-0.164,1
395D,-3.52,1
395E,-1.0625,1
395F,-0.21999999999999997,1
395G,-0.16999999999999998,1
395H,-0.57,1
395I,0.005,1
395K,-0.9266666666666667,1
395L,-0.03166666666666667,1
395M,0.08,1
395N,-1.0333333333333334,1
395P,-2.0300000000000002,1
395Q,-0.57,1
395R,-0.535,1
395S,-0.504,1
395T,-0.36000000000000004,1
395W,-0.635,1
396A,-0.41333333333333333,1
396C,-0.22749999999999998,1
396D,-0.325,1
396F,-0.015,1
396G,-1.01,1
396H,-0.29714285714285715,1
396I,-0.07285714285714286,1
396K,-0.52,1
396L,-0.126,1
396M,-0.125,1
396N,-0.06714285714285714,1
396P,-4.786666666666666,1
396Q,-0.12,1
396R,-0.5966666666666667,1
396S,-0.38499999999999995,1
396T,-0.0275,1
396V,-0.07142857142857142,1
397C,-0.13499999999999998,1
397D,-4.83,1
397F,-0.63,1
397G,-1.0675,1
397H,-1.5033333333333332,1
397I,-0.315,1
397L,-0.052000000000000005,1
397N,-4.84,1
397P,-3.8575,1
397R,-1.785,1
397S,-0.7376923076923076,1
397T,-0.4775,1
397V,-0.14,1
398A,-4.316666666666667,1
398C,-4.76,1
398E,-1.5866666666666667,1
398F,-1.31,1
398G,-4.78125,1
398H,-0.91,1
398I,-3.736666666666667,1
398K,-4.7733333333333325,1
398L,-4.810714285714288,1
398M,-1.408,1
398N,-2.866666666666667,1
398P,-4.84,1
398Q,-4.4675,1
398R,-4.786666666666666,1
398S,-2.0400000000000005,1
398T,-1.20625,1
398V,-2.18,1
398W,-3.036,1
398Y,-1.0599999999999998,1
399A,-0.31,1
399C,-0.685,1
399D,-1.2,1
399E,-1.488888888888889,1
399F,-0.5566666666666668,1
399G,-0.8799999999999999,1
399H,-0.8466666666666667,1
399I,-1.1133333333333335,1
399K,-1.0216666666666667,1
399L,-0.8554545454545455,1
399M,-0.33999999999999997,1
399P,-4.84,1
399Q,-0.6075,1
399R,-0.605,1
399T,-0.08499999999999999,1
399V,-1.2481818181818183,1
399W,-0.42,1
400A,-4.76,1
400C,-4.84,1
400D,-4.8,1
400G,-4.8,1
400H,-4.005,1
400I,-4.786666666666666,1
400K,-4.72357142857143,1
400L,-1.5899999999999999,1
400M,-0.69,1
400N,-4.8133333333333335,1
400P,-4.779999999999999,1
400Q,-4.62,1
400R,-4.824,1
400S,-4.824,1
400T,-4.776,1
400V,-4.455,1
400W,-4.7716666666666665,1
400Y,-0.8700000000000001,1
401A,-0.701111111111111,1
401D,-4.215,1
401E,-4.138,1
401G,-4.495,1
401H,-4.84,1
401I,-0.355,1
401K,-4.72375,1
401L,-0.33199999999999996,1
401M,-0.6733333333333333,1
401N,-4.46,1
401P,-4.8133333333333335,1
401Q,-3.15,1
401R,-4.792,1
401S,-1.8200000000000003,1
401T,-0.325,1
401W,-4.76,1
401Y,-4.8,1
402A,-0.9666666666666667,1
402C,-0.185,1
402D,-4.76,1
402F,-4.779999999999999,1
402G,-4.786666666666666,1
402H,-4.59,1
402K,-4.659999999999999,1
402L,-0.05166666666666666,1
402M,-0.9400000000000001,1
402N,-4.598,1
402P,-4.609999999999999,1
402Q,-4.37,1
402R,-3.425,1
402S,-2.266,1
402T,-0.5383333333333333,1
402V,0.020000000000000004,1
402W,-2.35,1
402Y,-4.464,1
403A,-1.08625,1
403D,-2.2166666666666663,1
403E,-2.1100000000000003,1
403F,-3.335,1
403G,-1.75,1
403H,-2.475,1
403I,-1.69,1
403K,-0.06100000000000001,1
403L,-1.3075,1
403M,-0.54,1
403N,-1.53,1
403P,-1.2385714285714282,1
403Q,-0.69,1
403S,-0.8466666666666667,1
403T,-0.69,1
403V,-2.0562500000000004,1
403W,-3.233333333333333,1
404A,-0.955,1
404C,-1.17,1
404E,-1.28,1
404F,-1.81,1
404H,-1.085,1
404K,-1.0433333333333332,1
404L,-2.0500000000000003,1
404M,-1.34,1
404N,-1.21,1
404P,-4.8,1
404Q,-0.97,1
404R,-1.28,1
404S,-1.0175,1
404T,-2.3916666666666666,1
404V,-2.64,1
404Y,-1.404,1
405A,-0.06666666666666667,1
405E,-0.27,1
405F,0.0,1
405K,-0.26666666666666666,1
405L,-0.33,1
405P,-1.3,1
405R,-0.088,1
405S,0.06,1
405T,-0.29,1
405V,-0.67,1
405Y,-0.11,1
406A,-0.42500000000000004,1
406C,-0.59,1
406D,-0.05,1
406F,-0.89,1
406G,-0.5916666666666667,1
406I,-1.8633333333333333,1
406K,-0.9866666666666667,1
406M,-0.445,1
406N,-0.5575,1
406P,-4.84,1
406Q,0.06333333333333334,1
406R,-1.9620000000000002,1
406S,-0.5233333333333333,1
406T,-0.6799999999999999,1
406V,-0.6,1
406W,-0.5675,1
406Y,-0.78,1
407A,-0.8566666666666668,1
407C,-0.6533333333333333,1
407D,-4.786666666666666,1
407E,-1.6357142857142857,1
407F,-1.0274999999999999,1
407G,-2.6363636363636367,1
407I,-0.095,1
407K,-1.141764705882353,1
407L,-0.030000000000000002,1
407M,-0.3452941176470588,1
407N,-4.49,1
407Q,-0.6549999999999999,1
407R,-0.766,1
407S,-1.5557142857142858,1
407T,-0.4977777777777777,1
407W,-1.7837500000000002,1
407Y,-1.5466666666666666,1
408A,-0.065,1
408C,-0.08166666666666667,1
408D,-0.2,1
408E,-0.25,1
408F,-0.15,1
408G,-0.12,1
408H,-0.06,1
408I,-0.13,1
408K,0.024999999999999998,1
408L,-0.21142857142857144,1
408M,-0.12,1
408N,-0.05,1
408P,-0.05666666666666667,1
408S,-0.056666666666666664,1
408T,-0.1125,1
408V,-0.14142857142857143,1
408W,-0.095,1
409E,-0.19,1
409F,-0.4,1
409I,-1.855,1
409K,-0.66,1
409L,-0.72,1
409M,-0.42,1
409N,-0.71,1
409P,-4.76,1
409R,-0.759090909090909,1
409S,-0.5733333333333334,1
409T,-0.6950000000000001,1
409V,-1.02,1
409W,-0.74,1
410A,-4.546666666666667,1
410C,-0.75,1
410E,-4.824,1
410F,-3.141666666666667,1
410G,-4.76,1
410H,-4.76,1
410K,-4.71125,1
410L,-0.37111111111111117,1
410M,-0.7100000000000001,1
410P,-4.76,1
410Q,-4.76,1
410R,-4.8,1
410S,-4.824,1
410T,-4.248333333333333,1
410V,-0.11,1
410W,-4.7749999999999995,1
411C,-0.4075,1
411D,-0.6937500000000001,1
411E,-0.09,1
411F,-0.8128571428571428,1
411G,-0.124,1
411H,-0.5525,1
411I,-0.7350000000000001,1
411K,-0.3055555555555555,1
411L,-0.7376923076923076,1
411M,-0.385,1
411N,-0.564,1
411P,-4.665,1
411Q,-0.057499999999999996,1
411R,-0.17333333333333334,1
411S,-0.14350000000000002,1
411T,-0.5153846153846153,1
411V,-0.39399999999999996,1
411W,-0.29500000000000004,1
411Y,-0.8700000000000001,1
412A,-1.07125,1
412C,-1.9233333333333331,1
412D,-3.115,1
412E,-2.1975,1
412F,-3.8674999999999997,1
412G,-1.49,1
412H,-1.62,1
412I,-0.88,1
412K,-0.9376470588235294,1
412L,-1.1705555555555556,1
412M,-1.36875,1
412N,-3.06,1
412Q,-1.5699999999999998,1
412R,-1.5466666666666669,1
412S,-1.5,1
412T,-1.0666666666666664,1
412V,-0.6825,1
412W,-4.109999999999999,1
412Y,-4.705,1
413A,-0.16222222222222224,1
413C,-0.05555555555555555,1
413D,-0.30173913043478257,1
413E,-0.20800000000000002,1
413F,-0.034166666666666665,1
413H,-0.046,1
413I,-0.6283333333333334,1
413K,-0.22666666666666668,1
413L,-0.1253846153846154,1
413M,-0.07375000000000001,1
413N,-0.1490909090909091,1
413P,-4.583333333333333,1
413Q,-0.131,1
413R,-0.065625,1
413S,-0.11296296296296297,1
413T,-0.46181818181818185,1
413V,-0.5892307692307693,1
413W,-0.398,1
413Y,-0.05700000000000001,1
414A,0.155,1
414C,-0.16499999999999998,1
414D,-0.8833333333333333,1
414E,-0.08,1
414F,-0.518,1
414G,-0.015714285714285715,1
414H,-0.1753333333333333,1
414I,-0.10999999999999999,1
414K,-0.041428571428571426,1
414L,-0.2625,1
414M,0.04,1
414N,-0.355,1
414P,-1.035,1
414R,-0.036,1
414S,0.0028571428571428567,1
414T,0.0071428571428571435,1
414V,-0.007999999999999998,1
414W,-0.7928571428571428,1
414Y,-0.3766666666666667,1
415A,-0.0475,1
415C,-0.31,1
415D,-0.20666666666666667,1
415E,-0.14666666666666667,1
415F,-0.13142857142857142,1
415G,-0.02,1
415H,0.1,1
415I,-0.10142857142857144,1
415K,-0.006,1
415L,-0.27149999999999996,1
415M,-0.08357142857142859,1
415N,-0.015454545454545459,1
415P,-0.2777777777777778,1
415Q,-0.06100000000000001,1
415R,0.04666666666666667,1
415S,0.01391304347826087,1
415V,-0.09,1
415W,-0.24,1
415Y,-0.08333333333333333,1
416A,-1.3299999999999998,1
416C,-2.335555555555556,1
416D,-1.4107142857142854,1
416E,-1.9766666666666666,1
416F,-4.233333333333333,1
416H,-1.544,1
416I,-4.8061538461538476,1
416K,-2.241333333333333,1
416L,-3.2133333333333334,1
416M,-2.0140000000000002,1
416N,-1.327777777777778,1
416P,-4.3100000000000005,1
416Q,-2.0433333333333334,1
416R,-2.956190476190476,1
416S,-1.1433333333333333,1
416T,-2.054210526315789,1
416V,-4.595666666666667,1
416W,-3.21,1
416Y,-2.7216666666666662,1
417A,-0.375,1
417C,-0.3975,1
417D,-1.0364285714285715,1
417E,-0.7699999999999999,1
417F,-0.14333333333333334,1
417G,-0.5075000000000001,1
417H,-0.172,1
417I,-0.3325,1
417L,-0.3064705882352941,1
417M,-0.3966666666666667,1
417N,-0.46058823529411763,1
417P,-0.25666666666666665,1
417Q,-0.6275000000000001,1
417R,-0.16923076923076924,1
417S,-0.47275862068965513,1
417T,-0.2482352941176471,1
417V,-0.34,1
417W,-0.31399999999999995,1
417Y,-0.06999999999999999,1
418A,-1.455,1
418C,-1.0875,1
418D,-4.776,1
418E,-4.779999999999999,1
418F,-2.6400000000000006,1
418G,-4.613333333333333,1
418H,-4.725,1
418K,-4.53,1
418L,-0.708,1
418M,-0.7765000000000001,1
418N,-4.79125,1
418P,-4.73,1
418Q,-1.8250000000000002,1
418R,-4.752,1
418S,-3.3899999999999997,1
418T,-0.9299999999999999,1
418V,-0.17692307692307693,1
418W,-4.51,1
418Y,-4.5725,1
419C,-0.27111111111111114,1
419D,-3.2275,1
419E,-3.9299999999999997,1
419F,-1.105,1
419G,-0.808,1
419H,-0.7899999999999999,1
419I,-0.7733333333333334,1
419K,-2.195555555555556,1
419L,-2.268571428571429,1
419M,-1.092857142857143,1
419N,-0.9074999999999999,1
419P,-0.22333333333333336,1
419Q,-1.07,1
419R,-1.1272727272727272,1
419S,-0.10333333333333333,1
419T,-0.23578947368421055,1
419V,-0.484375,1
419W,-2.686666666666666,1
419Y,-0.8742857142857144,1
420A,-0.115,1
420C,-0.27149999999999996,1
420E,-0.139375,1
420F,-0.3126315789473685,1
420G,-0.5673333333333334,1
420H,-0.29230769230769227,1
420I,-0.6507407407407406,1
420K,-0.048235294117647064,1
420L,-0.17902439024390243,1
420M,-0.13999999999999999,1
420N,-0.017916666666666668,1
420P,-4.535714285714286,1
420Q,-0.001666666666666668,1
420R,-0.04695652173913044,1
420S,-0.11489361702127661,1
420T,-0.26,1
420V,-0.681875,1
420W,-0.29416666666666663,1
420Y,-0.2962068965517241,1
421A,-0.6699999999999999,1
421C,-0.4408333333333334,1
421D,-1.7220000000000002,1
421E,-2.0349999999999997,1
421F,-0.02384615384615385,1
421G,-0.7200000000000001,1
421H,-0.6139999999999999,1
421I,-0.46624999999999994,1
421K,-0.5211111111111113,1
421L,-0.15035714285714286,1
421M,-0.41777777777777775,1
421N,-0.18,1
421P,-4.754444444444445,1
421Q,-0.7491666666666666,1
421R,-0.6321052631578947,1
421S,-0.7710526315789474,1
421T,-1.189,1
421V,-0.6385,1
421W,-0.6022222222222221,1
422A,-1.2579999999999998,1
422D,-2.4433333333333334,1
422E,-4.786666666666666,1
422F,-4.786666666666666,1
422G,-1.56,1
422H,-4.786666666666666,1
422I,-4.754,1
422K,-4.68,1
422L,-4.79111111111111,1
422M,-4.13,1
422P,-4.628571428571428,1
422R,-4.778333333333333,1
422S,-0.7605263157894736,1
422T,-4.554615384615385,1
422V,-4.820769230769232,1
422W,-4.792,1
422Y,-4.650999999999999,1
423A,-4.82,1
423C,-4.566,1
423D,-4.84,1
423E,-4.575,1
423F,-0.5775,1
423G,-4.7170000000000005,1
423H,-4.1433333333333335,1
423I,-2.1566666666666667,1
423K,-4.625,1
423L,-3.075333333333333,1
423M,-2.771666666666667,1
423N,-4.7375,1
423P,-4.771111111111111,1
423Q,-4.76,1
423R,-4.798,1
423S,-4.7491666666666665,1
423T,-4.7575,1
423V,-4.488571428571428,1
423W,-4.693333333333333,1
424A,-0.20777777777777778,1
424C,-0.53,1
424D,-1.7466666666666666,1
424E,-2.56,1
424F,-0.9157142857142856,1
424G,-0.7514285714285714,1
424H,-0.08916666666666667,1
424I,-2.0625,1
424L,-1.1615384615384614,1
424M,-0.675,1
424N,-0.2981818181818182,1
424P,-1.876,1
424Q,-0.5750000000000001,1
424R,-0.07111111111111112,1
424S,-0.73,1
424T,-4.808,1
424V,-0.8985714285714287,1
424W,-4.322857142857144,1
424Y,-0.8042857142857144,1
425A,-3.39,1
425C,-0.7483333333333334,1
425D,-4.8133333333333335,1
425E,-4.805714285714286,1
425F,-1.4674999999999998,1
425G,-4.74875,1
425H,-4.792,1
425I,-0.04384615384615384,1
425K,-4.808,1
425M,-0.18153846153846157,1
425N,-4.282,1
425P,-3.478888888888889,1
425Q,-4.791666666666666,1
425R,-4.574666666666667,1
425S,-4.463333333333334,1
425T,-0.793,1
425V,-0.04130434782608696,1
425W,-4.791428571428571,1
425Y,-4.623333333333334,1
426A,-0.18000000000000002,1
426C,-0.6871428571428572,1
426D,-0.4916666666666667,1
426E,-0.6983333333333334,1
426F,-1.5983333333333334,1
426G,-0.29714285714285715,1
426H,-0.6975,1
426I,-1.7614285714285718,1
426K,-0.6420000000000001,1
426L,-1.3547368421052635,1
426M,-0.9085714285714285,1
426N,-0.36000000000000004,1
426Q,-0.7766666666666667,1
426R,-0.6553571428571427,1
426S,-0.2185714285714286,1
426T,-0.5792592592592593,1
426V,-1.095,1
426W,-1.816,1
426Y,-1.5945454545454547,1
427A,-0.0022222222222222244,1
427C,-0.26833333333333337,1
427E,-0.012499999999999999,1
427F,-0.1285714285714286,1
427G,-0.05928571428571429,1
427H,0.0009999999999999996,1
427I,-0.05642857142857144,1
427K,-0.02769230769230769,1
427L,-0.0016666666666666705,1
427M,-0.048,1
427N,-0.0018749999999999982,1
427P,-0.030000000000000006,1
427Q,-0.17,1
427R,-0.03,1
427S,-0.06103448275862071,1
427T,-0.07916666666666666,1
427V,-0.03238095238095238,1
427W,-0.12000000000000002,1
427Y,-0.08571428571428573,1
428A,-0.12944444444444445,1
428C,-0.388,1
428E,-0.052727272727272734,1
428F,-0.29,1
428G,-0.11944444444444446,1
428H,-0.07555555555555556,1
428I,-0.26,1
428K,-0.054545454545454536,1
428L,-0.285,1
428M,-0.21750000000000003,1
428N,0.012105263157894737,1
428P,-0.09888888888888889,1
428Q,-0.12333333333333334,1
428R,-0.12333333333333335,1
428S,-0.07473684210526317,1
428T,-0.06999999999999999,1
428V,-0.20709677419354838,1
428W,-0.23285714285714287,1
428Y,-0.17,1
429A,-3.632,1
429C,-3.2536363636363634,1
429D,-4.7716666666666665,1
429E,-4.7299999999999995,1
429G,-4.792,1
429H,-0.8625,1
429I,-0.9147619047619048,1
429K,-4.643000000000001,1
429L,-0.6965714285714286,1
429M,-0.7042857142857143,1
429N,-4.732857142857142,1
429P,-4.4712499999999995,1
429Q,-4.591666666666666,1
429R,-4.520909090909091,1
429S,-4.794615384615384,1
429T,-3.39,1
429V,-0.93,1
429W,-0.11571428571428573,1
429Y,-0.5442857142857144,1
430A,-0.17461538461538462,1
430C,0.003999999999999999,1
430D,-0.5646666666666668,1
430E,-0.425,1
430F,0.014117647058823532,1
430G,-0.683,1
430H,-0.016666666666666666,1
430I,0.032857142857142856,1
430K,-0.003750000000000005,1
430L,0.015833333333333335,1
430M,0.02666666666666667,1
430N,-0.12000000000000001,1
430P,-2.0324999999999998,1
430Q,-0.07,1
430R,0.0033333333333333322,1
430S,-0.14814814814814814,1
430V,-0.021428571428571432,1
430W,-0.148,1
430Y,0.0013333333333333318,1
431A,-4.8133333333333335,1
431C,-2.727777777777778,1
431D,-4.6866666666666665,1
431E,-4.808,1
431F,-4.76,1
431H,-4.8133333333333335,1
431I,-4.786666666666666,1
431K,-4.8,1
431L,-4.5435,1
431M,-4.5575,1
431N,-4.67,1
431P,-4.8,1
431Q,-4.84,1
431R,-4.794444444444445,1
431S,-4.393333333333334,1
431T,-4.476000000000001,1
431V,-4.708499999999999,1
431W,-4.808,1
431Y,-4.491666666666666,1
432A,-2.13,1
432D,-4.84,1
432E,-3.87,1
432F,-0.8433333333333333,1
432G,-4.817142857142857,1
432H,-4.84,1
432I,-0.47000000000000003,1
432L,-0.7173333333333335,1
432M,-0.7642857142857142,1
432N,-4.84,1
432P,-4.76,1
432Q,-4.786666666666666,1
432R,-4.8133333333333335,1
432S,-4.507272727272727,1
432T,-4.486666666666667,1
432V,-0.72,1
432W,-1.47,1
432Y,-2.296666666666667,1
433A,-1.6085714285714288,1
433C,-1.755,1
433D,-4.765000000000001,1
433E,-4.61,1
433F,-4.573333333333333,1
433G,-4.727692307692307,1
433H,-4.7700000000000005,1
433I,-0.12333333333333335,1
433K,-4.805,1
433L,-1.54,1
433M,-1.3122727272727273,1
433N,-4.555,1
433P,-4.808,1
433Q,-4.8,1
433R,-4.442857142857143,1
433S,-4.3880952380952385,1
433T,-0.6811111111111111,1
433W,-4.704444444444444,1
433Y,-4.472857142857143,1
434A,-0.302,1
434C,-0.2088888888888889,1
434D,-3.6799999999999997,1
434E,-4.84,1
434F,0.030000000000000006,1
434G,-0.85875,1
434H,-0.62,1
434K,-2.0936363636363633,1
434L,-0.047096774193548394,1
434M,-0.08750000000000001,1
434N,-2.8328571428571427,1
434P,-4.84,1
434Q,-1.27,1
434R,-4.205,1
434S,-0.6847058823529412,1
434T,-0.35888888888888887,1
434V,-0.06812499999999999,1
434W,-0.026666666666666658,1
434Y,-0.013125000000000001,1
435C,-0.6342857142857142,1
435D,-2.96,1
435E,-2.61,1
435F,-0.8771428571428571,1
435G,-0.3585714285714286,1
435H,-0.9125,1
435I,-0.7464285714285713,1
435K,-2.085555555555556,1
435L,-1.5307407407407407,1
435M,-0.6509999999999999,1
435N,-1.127142857142857,1
435P,-4.503333333333333,1
435Q,-1.1999999999999997,1
435R,-2.748,1
435S,-0.07272727272727274,1
435T,-0.16421052631578945,1
435V,-0.6074999999999999,1
435W,-0.535,1
435Y,-0.51,1
436A,-0.7415384615384615,1
436C,-0.964375,1
436D,-2.81,1
436E,-1.3345454545454545,1
436F,-0.3925,1
436G,-1.2905,1
436H,-0.8939999999999999,1
436I,-0.8009999999999999,1
436K,-0.6655,1
436L,-0.7828125,1
436M,-0.5573076923076923,1
436N,-1.5455555555555553,1
436P,-4.483636363636364,1
436Q,-0.655,1
436R,-0.6409999999999999,1
436S,-0.6584848484848485,1
436T,-0.7292307692307693,1
436V,-0.8511764705882353,1
436Y,-0.4785714285714286,1
437A,-0.5485714285714286,1
437C,-0.41900000000000004,1
437D,-1.4862499999999998,1
437E,-0.9477777777777779,1
437F,-4.2628571428571425,1
437G,-0.5666666666666667,1
437H,-1.887,1
437I,-2.2160869565217394,1
437K,-0.7826315789473685,1
437L,-2.1396,1
437M,-1.6476923076923076,1
437P,-0.3622222222222222,1
437Q,-0.7525,1
437R,-0.7490909090909091,1
437S,-0.5025000000000001,1
437T,-1.2165,1
437V,-1.469375,1
437W,-2.975555555555556,1
437Y,-3.5509999999999997,1
438A,-0.005000000000000001,1
438C,-0.375,1
438D,-2.22,1
438F,-2.785,1
438G,-0.66,1
438H,-2.45,1
438K,-2.223333333333333,1
438L,-3.4,1
438M,-1.45,1
438P,-4.759999999999999,1
438Q,-1.15,1
438R,-1.2650000000000001,1
438T,-0.11,1
438V,-0.61,1
438Y,-2.555,1
439A,-0.34500000000000003,1
439C,-0.14,1
439D,-1.01,1
439F,-1.19,1
439H,-0.62,1
439I,-0.21,1
439K,0.11,1
439L,-0.07250000000000001,1
439M,-0.25,1
439P,-2.13,1
439Q,-0.57,1
439R,0.0125,1
439S,-1.395,1
439T,-1.0166666666666668,1
439V,-0.055,1
439Y,-1.2125,1
440A,0.03333333333333333,1
440C,-0.15333333333333332,1
440D,-0.02,1
440E,-0.08333333333333333,1
440F,0.01,1
440G,0.019999999999999997,1
440H,0.03666666666666667,1
440I,-0.09000000000000001,1
440K,0.0825,1
440L,-0.05777777777777778,1
440M,7.434529182757744e-19,1
440P,-0.045,1
440Q,-0.07500000000000001,1
440R,-0.0225,1
440S,0.026000000000000002,1
440T,-0.021111111111111112,1
440V,-0.006666666666666664,1
440W,-0.12000000000000001,1
440Y,-0.085,1
441A,-0.05,1
441D,-0.06,1
441E,-0.01,1
441F,-0.054000000000000006,1
441H,-0.11,1
441I,0.04,1
441Q,-0.04,1
441R,-0.205,1
441S,-0.63,1
441V,0.04,1
441W,0.004999999999999999,1
442A,-2.8214285714285716,1
442C,-2.6100000000000003,1
442E,-1.18,1
442F,-2.7550000000000003,1
442G,-3.676666666666667,1
442H,-2.5566666666666666,1
442I,-0.628,1
442K,-4.638,1
442L,-1.4764285714285716,1
442M,-2.3970000000000002,1
442N,-2.7459999999999996,1
442P,-4.84,1
442Q,-3.7699999999999996,1
442R,-4.2825,1
442S,-2.649,1
442T,-2.417142857142857,1
442V,-1.4561538461538461,1
442W,-4.7733333333333325,1
442Y,-2.503,1
443A,-0.22714285714285712,1
443C,-1.355,1
443D,-2.134,1
443E,-2.5100000000000002,1
443F,-2.2944444444444447,1
443G,-0.5862499999999999,1
443H,-1.9385714285714286,1
443I,-2.3825000000000003,1
443K,-2.106666666666667,1
443L,-2.365789473684211,1
443M,-2.1450000000000005,1
443N,-2.1770000000000005,1
443P,-2.4528571428571424,1
443Q,-2.1500000000000004,1
443R,-2.18375,1
443T,-1.113846153846154,1
443V,-1.9766666666666666,1
443W,-2.4299999999999997,1
443Y,-2.2139999999999995,1
444A,-0.009999999999999998,1
444C,-0.19333333333333336,1
444D,-0.18,1
444E,-0.07125000000000001,1
444F,-0.13199999999999998,1
444G,-0.7975000000000001,1
444H,-0.05,1
444I,-0.0988888888888889,1
444L,-0.09043478260869567,1
444M,-0.05,1
444N,-0.10400000000000001,1
444P,-1.1920000000000002,1
444Q,0.010000000000000004,1
444R,-0.05333333333333334,1
444S,-0.101,1
444T,-0.039,1
444V,-0.10900000000000001,1
444W,-0.0225,1
444Y,-0.07799999999999999,1
445A,-0.04,1
445C,-0.8266666666666667,1
445D,-0.17500000000000002,1
445E,-0.17750000000000002,1
445F,-0.09333333333333332,1
445G,-0.3033333333333334,1
445H,-0.015,1
445I,0.05333333333333332,1
445K,0.015000000000000001,1
445L,-0.02714285714285714,1
445M,-0.13999999999999999,1
445N,-0.07666666666666667,1
445P,0.015,1
445Q,-0.06333333333333334,1
445R,-0.016666666666666666,1
445S,-0.10714285714285712,1
445T,-0.025,1
445W,-0.08375,1
445Y,-0.148,1
446A,-0.25923076923076926,1
446C,-0.9724999999999999,1
446D,-0.17500000000000002,1
446E,-0.11399999999999999,1
446F,-0.2966666666666667,1
446H,-0.26666666666666666,1
446I,-0.2611111111111111,1
446K,-0.098,1
446L,-0.26692307692307693,1
446M,-0.22999999999999998,1
446N,-0.13,1
446P,-0.1922222222222222,1
446Q,-0.12000000000000001,1
446R,-0.14857142857142858,1
446S,-0.20214285714285715,1
446T,-0.19090909090909092,1
446V,-0.2733333333333333,1
446W,-0.1975,1
446Y,-0.37166666666666665,1
447A,-1.19,1
447C,-1.78,1
447D,-1.7742857142857142,1
447E,-1.6460000000000001,1
447F,-1.685,1
447H,-1.8675,1
447I,-1.5350000000000001,1
447K,-1.55,1
447L,-1.5200000000000002,1
447M,-1.5274999999999999,1
447N,-1.46125,1
447P,-1.81,1
447Q,-1.49,1
447R,-1.5744444444444443,1
447S,-1.2500000000000002,1
447T,-1.4057142857142857,1
447V,-1.51,1
447W,-1.86,1
447Y,-1.6124999999999998,1
448A,-0.6366666666666667,1
448C,-0.96,1
448D,-0.64,1
448E,-0.3725,1
448F,-1.123,1
448G,-1.0166666666666666,1
448H,-0.775,1
448I,-1.3925,1
448K,-1.1800000000000002,1
448L,-1.2933333333333337,1
448M,-0.73,1
448P,-1.6466666666666665,1
448Q,-0.4575,1
448R,-1.0516666666666667,1
448S,-0.8839999999999998,1
448T,-0.7788888888888889,1
448V,-0.8914285714285715,1
448W,-1.31,1
448Y,-0.6854545454545454,1
449A,-1.3062500000000001,1
449C,-1.74,1
449D,-1.5572727272727276,1
449E,-1.5176923076923077,1
449F,-1.0240000000000002,1
449G,-1.2541176470588238,1
449H,-1.1986666666666668,1
449I,-1.4500000000000002,1
449K,-1.0433333333333334,1
449L,-1.517727272727273,1
449M,-1.35,1
449N,-1.21875,1
449P,-1.3992307692307693,1
449Q,-1.26625,1
449R,-0.6669565217391306,1
449S,-1.2460714285714283,1
449T,-1.1783333333333335,1
449V,-1.405357142857143,1
449W,-1.4233333333333333,1
450A,0.00666666666666667,1
450C,-0.328,1
450D,-0.02,1
450E,-0.06333333333333334,1
450F,-0.23857142857142857,1
450G,-0.04499999999999999,1
450H,-0.078,1
450I,-0.1827272727272727,1
450K,0.037500000000000006,1
450L,-0.14266666666666666,1
450M,-0.017647058823529415,1
450P,-1.5661538461538465,1
450Q,0.02285714285714286,1
450R,-0.05647058823529411,1
450S,-0.07320000000000002,1
450T,-1.1057894736842107,1
450V,-0.18888888888888886,1
450W,-0.16124999999999998,1
450Y,-0.12214285714285718,1
451A,-0.83,1
451C,-0.6242857142857143,1
451D,-2.6060000000000003,1
451E,-1.39,1
451F,-0.11375,1
451G,-2.3760000000000003,1
451H,-0.1225,1
451I,-0.4293333333333333,1
451K,-0.6950000000000001,1
451L,-0.2956,1
451M,-0.339375,1
451N,-0.545,1
451P,-1.275714285714286,1
451Q,-0.082,1
451R,-1.17375,1
451S,-0.8282608695652176,1
451T,-1.2333333333333334,1
451V,-0.8006666666666666,1
451W,-0.8525,1
452A,0.05600000000000001,1
452C,-0.049999999999999996,1
452D,-0.17,1
452E,0.029000000000000005,1
452F,-0.005714285714285715,1
452G,0.024666666666666667,1
452H,-0.020000000000000004,1
452I,-0.007272727272727273,1
452K,0.09142857142857143,1
452M,0.050555555555555555,1
452N,0.009999999999999998,1
452P,-1.4478571428571427,1
452Q,0.07,1
452R,0.01466666666666667,1
452S,0.027500000000000004,1
452T,0.03149999999999999,1
452V,0.0073913043478260896,1
452W,-0.06384615384615386,1
452Y,-0.06846153846153848,1
453A,-0.27,1
453C,-0.26666666666666666,1
453D,-3.456666666666667,1
453E,-1.26,1
453F,0.24142857142857146,1
453G,-0.915,1
453H,-0.085,1
453I,-0.5316666666666666,1
453K,0.10666666666666667,1
453L,-0.16954545454545455,1
453M,-0.03833333333333334,1
453N,-0.825,1
453P,-4.779999999999999,1
453Q,-0.3666666666666667,1
453R,-0.30666666666666664,1
453S,-0.23666666666666666,1
453T,-0.5721428571428572,1
453V,-0.11600000000000002,1
453W,-0.166,1
454A,-3.018333333333333,1
454C,-4.8133333333333335,1
454D,-4.76,1
454E,-4.84,1
454F,-4.618,1
454G,-4.725,1
454H,-4.727142857142858,1
454I,-4.84,1
454K,-0.915,1
454L,-4.726249999999999,1
454M,-4.84,1
454N,-4.38,1
454P,-4.8,1
454Q,-4.8133333333333335,1
454S,-4.301538461538462,1
454T,-4.448,1
454V,-4.7700000000000005,1
454W,-3.7,1
454Y,-4.365,1
455A,-0.47250000000000003,1
455C,-0.76,1
455D,-2.44,1
455E,-2.058333333333333,1
455F,-0.20249999999999999,1
455G,-0.546,1
455M,0.049999999999999996,1
455N,-1.09,1
455P,-0.9555555555555555,1
455Q,-0.8,1
455R,-1.9100000000000001,1
455S,-0.7566666666666667,1
455T,-0.94,1
455V,-0.8500000000000001,1
455W,-0.27,1
455Y,-1.5,1
456A,-2.168,1
456C,-1.195,1
456D,-4.779999999999999,1
456E,-2.505,1
456G,-2.232,1
456H,-0.6875,1
456I,-1.2574999999999998,1
456K,-1.8933333333333333,1
456L,-0.1190909090909091,1
456N,-2.3666666666666667,1
456P,-2.6942857142857144,1
456Q,-2.066666666666667,1
456R,-2.056666666666666,1
456S,-2.4240000000000004,1
456T,-1.76,1
456V,-0.6224999999999999,1
456W,-1.0366666666666668,1
456Y,-1.5080000000000002,1
457A,-0.4436363636363636,1
457C,-2.145,1
457D,-2.216,1
457E,-2.78,1
457F,-3.3150000000000004,1
457G,-0.654,1
457H,-0.6699999999999999,1
457I,-2.7466666666666666,1
457K,-0.31599999999999995,1
457L,-1.6473333333333333,1
457M,-1.0666666666666667,1
457N,-0.88,1
457P,-4.0,1
457Q,-1.135,1
457S,-0.5478571428571428,1
457T,-1.874285714285714,1
457V,-3.835,1
457W,-3.8966666666666665,1
457Y,-2.33,1
458A,-0.018,1
458C,-0.155,1
458D,0.062,1
458E,0.043333333333333335,1
458F,-0.10615384615384617,1
458G,-0.07125000000000001,1
458H,-0.004,1
458I,-0.15615384615384617,1
458L,-0.11852941176470588,1
458M,-0.045,1
458N,-0.087,1
458P,0.019166666666666665,1
458Q,-0.003999999999999998,1
458R,-0.012142857142857144,1
458S,-0.034999999999999996,1
458T,-0.002000000000000001,1
458V,-0.06333333333333334,1
458W,-0.236,1
458Y,-0.0836842105263158,1
459A,-0.03090909090909091,1
459C,-0.159,1
459D,0.02375,1
459E,0.03,1
459F,-0.094,1
459G,0.024285714285714292,1
459H,-0.025555555555555554,1
459I,-0.0775,1
459K,-0.027999999999999997,1
459L,-0.21461538461538462,1
459M,-0.09875,1
459N,0.041111111111111105,1
459P,-0.20111111111111113,1
459Q,-0.05500000000000001,1
459R,-0.01375,1
459T,0.00875,1
459V,-0.011333333333333334,1
459W,-0.24,1
459Y,-0.09666666666666666,1
460A,0.030000000000000002,1
460C,-0.066,1
460D,-0.060000000000000005,1
460E,-0.033999999999999996,1
460F,-0.08833333333333333,1
460G,-0.056666666666666664,1
460H,0.030000000000000002,1
460I,0.015000000000000001,1
460K,0.08166666666666667,1
460L,-0.05176470588235294,1
460M,-0.06125,1
460P,-0.027499999999999997,1
460Q,0.024,1
460R,0.046000000000000006,1
460S,-0.07500000000000001,1
460T,-0.18333333333333335,1
460V,0.038,1
460W,-0.3133333333333333,1
460Y,-0.020000000000000004,1
461A,-1.004,1
461C,-0.6333333333333333,1
461D,-4.8,1
461E,-4.125,1
461F,-0.8633333333333334,1
461G,-3.18,1
461H,-1.66,1
461I,-0.016666666666666666,1
461K,-3.501428571428572,1
461M,-0.2,1
461N,-0.84,1
461P,-4.115714285714286,1
461Q,-1.14,1
461R,-4.8133333333333335,1
461S,-1.3119999999999998,1
461T,-0.755,1
461V,-0.04444444444444444,1
461W,-4.516,1
461Y,-1.135,1
462A,-0.0675,1
462C,-0.11,1
462D,-0.07333333333333333,1
462E,0.0,1
462F,-0.08777777777777779,1
462G,-0.0575,1
462H,-0.23500000000000001,1
462I,-0.12666666666666665,1
462L,-0.09066666666666667,1
462M,-0.05,1
462N,-0.0825,1
462P,-0.35333333333333333,1
462Q,-0.027999999999999997,1
462R,-0.05,1
462S,-0.10846153846153848,1
462T,-0.05375,1
462V,-0.07,1
462W,-0.21,1
462Y,-0.08000000000000002,1
463A,-0.06142857142857142,1
463C,-0.5675,1
463D,-0.4750000000000001,1
463E,-0.3233333333333333,1
463F,-0.5325,1
463G,-0.21500000000000002,1
463H,-0.54,1
463I,-0.7369230769230769,1
463K,-0.6199999999999999,1
463L,-0.8439130434782609,1
463M,-0.7085714285714284,1
463N,-0.535,1
463Q,-0.45125000000000004,1
463R,-0.7635714285714286,1
463S,-0.20272727272727273,1
463T,-0.59375,1
463V,-0.5925,1
463W,-0.6475,1
463Y,-0.546,1
464A,-0.205,1
464C,-0.29000000000000004,1
464D,-0.348,1
464E,-0.28500000000000003,1
464G,-0.02111111111111111,1
464H,-0.06999999999999999,1
464I,-0.66,1
464K,-0.512,1
464L,-0.1155,1
464M,-0.074,1
464N,-0.10222222222222223,1
464P,-2.138333333333333,1
464Q,-0.10666666666666667,1
464R,-0.21125,1
464S,-0.20500000000000002,1
464T,-0.3433333333333333,1
464V,-0.6,1
464W,-0.1,1
464Y,-0.03,1
465A,-0.174,1
465C,-0.4366666666666667,1
465D,-0.128,1
465F,-0.635,1
465G,-0.12363636363636364,1
465H,-0.2425,1
465I,-0.68,1
465K,-0.5066666666666667,1
465L,-0.682,1
465M,-0.29818181818181816,1
465N,-0.4185714285714286,1
465P,-4.76,1
465Q,-0.01,1
465R,-0.5641666666666666,1
465S,-0.28900000000000003,1
465T,-0.19166666666666668,1
465V,-0.4525,1
465W,-0.69,1
465Y,-0.61,1
466A,-0.605,1
466C,-0.396,1
466D,-1.2280000000000002,1
466E,-0.8425,1
466F,-0.7140000000000001,1
466G,-0.9554545454545456,1
466H,-0.18000000000000002,1
466I,-0.37083333333333335,1
466K,-0.035,1
466L,-0.34842105263157896,1
466M,-0.22666666666666666,1
466N,-0.68,1
466P,-1.2885714285714285,1
466Q,-0.09090909090909091,1
466S,-0.4869230769230769,1
466T,-0.5205263157894737,1
466V,-0.4042857142857143,1
466W,-0.57,1
466Y,-0.62,1
467A,-1.2433333333333332,1
467C,-0.95,1
467E,-0.62,1
467F,-1.4433333333333334,1
467G,-2.0433333333333334,1
467H,-1.1800000000000002,1
467I,-1.56,1
467K,-4.025,1
467L,-2.752222222222222,1
467M,-2.33,1
467N,-1.1866666666666668,1
467P,-3.7275,1
467Q,-1.5716666666666665,1
467R,-3.9450000000000003,1
467S,-0.9490000000000001,1
467T,-1.63375,1
467V,-1.1616666666666666,1
467W,-2.6662500000000002,1
467Y,-1.5323076923076924,1
468A,-0.1,1
468C,-0.06,1
468D,-0.09,1
468E,-0.115,1
468F,-0.19454545454545455,1
468G,-0.1975,1
468H,-0.15,1
468K,-0.04285714285714286,1
468L,-0.026153846153846156,1
468M,0.04666666666666667,1
468N,-0.04,1
468P,-0.21,1
468Q,-0.057499999999999996,1
468R,-0.11166666666666669,1
468S,-0.08125,1
468T,-0.17,1
468V,-0.02857142857142857,1
468W,-0.2928571428571428,1
468Y,-0.21833333333333335,1
469A,-0.0625,1
469C,-0.20500000000000002,1
469D,-0.03166666666666667,1
469E,-0.09333333333333334,1
469F,-0.6639999999999999,1
469G,-0.05166666666666667,1
469H,-0.45499999999999996,1
469I,-0.6333333333333333,1
469K,-0.08499999999999999,1
469L,-0.49411764705882344,1
469M,-0.28125,1
469N,-0.07631578947368421,1
469P,-2.573846153846154,1
469Q,-0.09,1
469R,-0.13749999999999998,1
469T,0.024545454545454547,1
469V,-0.5030769230769232,1
469W,-0.8099999999999999,1
469Y,-0.5892307692307692,1
470A,-0.04111111111111112,1
470C,-0.06666666666666668,1
470D,-0.07166666666666667,1
470E,5.782411586589357e-19,1
470F,-0.07333333333333333,1
470G,-0.10200000000000001,1
470H,-0.06,1
470I,-0.08600000000000001,1
470K,-0.01,1
470L,-0.08777777777777779,1
470M,-0.07375000000000001,1
470N,-0.026000000000000002,1
470P,-0.24454545454545454,1
470Q,0.0225,1
470R,-0.02789473684210526,1
470S,-0.0175,1
470V,-0.09555555555555556,1
470W,-0.22,1
470Y,-0.096,1
471A,-0.11200000000000002,1
471C,-0.4083333333333334,1
471D,0.023,1
471F,-0.09454545454545454,1
471G,-0.078125,1
471H,-0.07333333333333332,1
471I,-0.15466666666666665,1
471K,-0.15,1
471L,-0.1723529411764706,1
471M,-0.1109090909090909,1
471N,-0.034444444444444444,1
471P,-0.16818181818181818,1
471Q,-0.051666666666666666,1
471R,-0.11555555555555556,1
471S,-0.04081081081081082,1
471T,-0.039,1
471V,-0.06789473684210527,1
471W,-0.2864285714285714,1
471Y,-0.13333333333333333,1
472A,-0.7300000000000001,1
472C,-0.9600000000000001,1
472D,-2.086,1
472E,-1.35125,1
472F,-0.22999999999999998,1
472G,-2.1750000000000003,1
472H,-0.37,1
472K,-0.9875,1
472L,-0.09999999999999999,1
472M,0.017142857142857144,1
472N,-1.10625,1
472P,-0.5533333333333333,1
472Q,-0.5840000000000001,1
472R,-1.4169999999999998,1
472S,-1.0699999999999998,1
472T,-0.17941176470588235,1
472V,-0.33562499999999995,1
472W,-0.7071428571428572,1
472Y,-0.21400000000000002,1
473A,-2.1475,1
473C,-2.1011111111111114,1
473D,-2.683636363636364,1
473E,-1.8533333333333333,1
473F,-0.16,1
473G,-2.8125,1
473H,-0.16399999999999998,1
473I,-1.24,1
473K,-2.59375,1
473L,-0.6487499999999999,1
473M,-0.6418181818181817,1
473N,-2.2350000000000003,1
473P,-4.817142857142857,1
473Q,-1.968,1
473R,-2.5344444444444445,1
473S,-2.1447058823529415,1
473T,-1.8809090909090906,1
473V,-1.2144444444444444,1
473W,-0.7442857142857143,1
474A,-0.04888888888888889,1
474C,-1.09,1
474D,-0.13499999999999998,1
474E,-0.06333333333333332,1
474F,-0.9025,1
474G,-0.128,1
474H,-0.14,1
474I,-0.4985714285714286,1
474K,-0.146,1
474L,-0.75,1
474M,-0.17500000000000002,1
474N,-0.02666666666666667,1
474P,-0.1742857142857143,1
474R,-0.1225,1
474S,-0.12363636363636364,1
474T,-0.13333333333333333,1
474V,-0.2683333333333333,1
474W,-0.5375,1
474Y,-0.654,1
475C,-0.6566666666666666,1
475D,-2.01,1
475E,-0.43333333333333335,1
475F,-1.3722222222222222,1
475G,-0.1325,1
475I,-0.48857142857142855,1
475K,-1.125,1
475L,-1.3233333333333335,1
475M,-0.35250000000000004,1
475N,-1.654,1
475Q,-0.7533333333333333,1
475R,-0.8174999999999999,1
475S,-0.10333333333333333,1
475T,-0.35888888888888887,1
475V,-0.13999999999999999,1
475W,-2.21,1
475Y,-1.7066666666666668,1
476A,-0.24875000000000003,1
476C,-1.8650000000000002,1
476D,-0.5423076923076924,1
476E,-1.351,1
476F,-1.2762499999999999,1
476H,-0.402,1
476I,-2.3116666666666665,1
476K,-1.654705882352941,1
476L,-2.4734615384615384,1
476M,-1.6872727272727273,1
476N,-0.835,1
476P,-2.575,1
476Q,-1.0899999999999999,1
476R,-1.1905555555555556,1
476S,-0.023888888888888894,1
476T,-0.875625,1
476V,-1.9700000000000002,1
476W,-0.5643750000000001,1
476Y,-0.9711111111111111,1
477A,-0.062222222222222213,1
477C,-0.44399999999999995,1
477D,0.072,1
477F,-0.049090909090909095,1
477G,-0.057499999999999996,1
477H,0.0049999999999999975,1
477I,-0.04,1
477K,0.11,1
477L,-0.048,1
477M,-0.0675,1
477N,0.04666666666666667,1
477P,0.12,1
477R,-0.030000000000000002,1
477T,-0.0016666666666666616,1
477V,-0.08499999999999999,1
477W,0.042499999999999996,1
477Y,-0.015,1
478A,-0.025454545454545455,1
478C,-0.24714285714285714,1
478D,-0.05600000000000001,1
478E,-0.07285714285714286,1
478F,-0.08124999999999999,1
478G,-0.118,1
478H,-0.042499999999999996,1
478I,-0.035333333333333335,1
478K,0.025,1
478L,-0.084,1
478M,-0.018000000000000002,1
478N,-0.061250000000000006,1
478P,-0.3009090909090909,1
478Q,0.04,1
478R,-0.05,1
478S,-0.007894736842105265,1
478V,-0.06454545454545456,1
478W,-0.11166666666666668,1
478Y,-0.009999999999999998,1
479A,-0.0049999999999999975,1
479C,-0.17833333333333334,1
479D,-0.014444444444444447,1
479E,0.014999999999999998,1
479F,-0.11214285714285717,1
479G,-0.037142857142857144,1
479H,-0.068,1
479I,-0.11761904761904761,1
479K,-0.02466666666666667,1
479L,-0.059473684210526324,1
479M,-0.06357142857142857,1
479N,-0.06454545454545454,1
479Q,-0.03375,1
479R,-0.05814814814814816,1
479S,-0.029210526315789475,1
479T,-0.10476190476190475,1
479V,-0.0775,1
479W,-0.41400000000000003,1
479Y,-0.08071428571428572,1
480A,-3.3560000000000003,1
480D,-3.1966666666666668,1
480E,-3.6,1
480F,-3.71,1
480G,-3.446,1
480H,-3.705,1
480I,-3.723333333333333,1
480K,-3.7040000000000006,1
480L,-3.8481818181818186,1
480M,-3.8642857142857143,1
480N,-3.4690909090909092,1
480P,-3.511111111111111,1
480Q,-3.8049999999999997,1
480R,-3.6420000000000003,1
480S,-3.3430769230769233,1
480T,-3.4939999999999998,1
480V,-3.376666666666667,1
480W,-3.625,1
480Y,-3.5457894736842106,1
481A,-0.055,1
481C,-0.16727272727272727,1
481D,-0.06799999999999999,1
481E,-0.06166666666666667,1
481F,-0.07571428571428572,1
481G,-0.07999999999999999,1
481H,-0.035,1
481I,-0.21714285714285714,1
481K,0.007142857142857141,1
481L,-0.05833333333333333,1
481M,-0.05714285714285714,1
481P,-0.2416666666666667,1
481Q,-0.0325,1
481R,0.017499999999999995,1
481S,-0.04375,1
481T,-0.10857142857142857,1
481V,-0.16,1
481Y,-0.06625,1
482A,-0.0775,1
482C,-0.2975,1
482D,-0.025,1
482E,-0.030000000000000002,1
482F,-0.22846153846153855,1
482H,-0.06125,1
482I,-0.5366666666666666,1
482K,-0.054000000000000006,1
482L,-0.18583333333333332,1
482M,-0.25,1
482N,-0.02,1
482P,-0.5257142857142857,1
482Q,0.02333333333333333,1
482R,-0.10333333333333333,1
482S,-0.095,1
482T,-0.21500000000000005,1
482V,-0.4488888888888889,1
482W,-0.38666666666666666,1
482Y,-0.2235294117647059,1
483A,-0.015000000000000001,1
483C,-0.04666666666666667,1
483D,-0.010000000000000004,1
483E,-0.0275,1
483F,-0.022,1
483G,-0.055,1
483I,-0.06,1
483K,0.1,1
483L,0.06545454545454546,1
483M,-0.004000000000000001,1
483N,0.039999999999999994,1
483Q,0.05333333333333334,1
483R,0.05499999999999999,1
483S,-0.08124999999999999,1
483T,-0.25200000000000006,1
483W,-0.16166666666666668,1
483Y,-0.05714285714285715,1
484A,-0.12,1
484C,-0.52,1
484D,-0.3771428571428571,1
484F,-1.4366666666666668,1
484G,-0.05333333333333334,1
484H,-0.55,1
484I,-0.66,1
484K,0.06666666666666667,1
484L,-0.7131818181818184,1
484M,-0.26749999999999996,1
484N,-0.0925,1
484P,-0.4375,1
484Q,0.03166666666666667,1
484R,0.1325,1
484S,-0.018,1
484T,0.05,1
484V,-0.638,1
484W,-0.7133333333333334,1
484Y,-1.4742857142857144,1
485A,-0.18500000000000003,1
485C,-0.6000000000000001,1
485D,-0.5721428571428572,1
485E,-0.43,1
485F,-0.7572727272727271,1
485H,-0.46625,1
485I,-0.671,1
485K,-0.07285714285714286,1
485L,-0.637,1
485M,-0.28833333333333333,1
485N,-0.368,1
485P,-1.5375,1
485Q,-0.07,1
485R,-0.1853846153846154,1
485S,-0.19956521739130437,1
485T,-0.21625,1
485V,-0.66,1
485W,-0.5771428571428572,1
485Y,-0.7209090909090908,1
486A,-0.3416666666666666,1
486C,-1.2057142857142857,1
486D,-1.6866666666666668,1
486E,-1.6199999999999999,1
486G,-0.85,1
486H,-0.41800000000000004,1
486I,-0.39375,1
486K,-0.6216666666666667,1
486L,-0.48857142857142866,1
486M,-0.5054545454545455,1
486N,-0.769090909090909,1
486P,-0.17285714285714285,1
486Q,-0.736,1
486R,-0.3707692307692308,1
486S,-0.6426666666666667,1
486T,-0.7128571428571427,1
486V,-0.41294117647058826,1
486W,-0.22749999999999998,1
486Y,-0.33499999999999996,1
487A,-1.7583333333333335,1
487C,-2.371,1
487D,-1.0728571428571427,1
487E,-2.063333333333333,1
487F,-2.3054545454545456,1
487G,-1.56,1
487H,-1.8618181818181816,1
487I,-2.773333333333334,1
487K,-2.325833333333333,1
487L,-2.2135714285714285,1
487M,-2.123333333333333,1
487P,-2.6425,1
487Q,-2.0949999999999998,1
487R,-2.2885714285714287,1
487S,-1.526875,1
487T,-1.9378947368421053,1
487V,-2.4825,1
487W,-2.335,1
487Y,-2.266,1
488A,-2.9716666666666662,1
488D,-4.584,1
488E,-3.5500000000000003,1
488F,-4.725,1
488G,-4.0675,1
488H,-3.55,1
488I,-4.814444444444444,1
488K,-2.9125,1
488L,-4.355833333333333,1
488M,-3.6187499999999995,1
488N,-3.1014285714285714,1
488P,-4.758333333333333,1
488Q,-2.835,1
488R,-2.8422222222222224,1
488S,-2.815882352941177,1
488T,-3.3628571428571425,1
488V,-4.566923076923077,1
488W,-4.52875,1
488Y,-4.62,1
489A,-2.555,1
489C,-2.76,1
489D,-3.3925,1
489E,-3.87,1
489F,-0.94,1
489G,-4.37,1
489H,-0.665,1
489I,-2.19,1
489K,-4.51,1
489L,-2.1879999999999997,1
489M,-1.9933333333333334,1
489N,-2.42,1
489P,-2.18,1
489Q,-2.1933333333333334,1
489R,-3.7988888888888885,1
489S,-4.8,1
489T,-4.612857142857143,1
489V,-2.1733333333333333,1
489W,-0.7399999999999999,1
490A,0.036,1
490C,-0.10875,1
490D,-0.06875,1
490E,-0.115,1
490G,-0.0925,1
490H,-0.049,1
490I,-0.15857142857142859,1
490K,0.09000000000000001,1
490L,-0.14583333333333334,1
490M,-0.03666666666666667,1
490N,0.02333333333333333,1
490P,-0.091,1
490R,0.024999999999999998,1
490S,0.007000000000000004,1
490T,0.034999999999999996,1
490V,-0.09916666666666668,1
490W,-0.045,1
490Y,0.06363636363636363,1
491A,-0.4525,1
491C,-1.4575,1
491D,-2.364,1
491E,-0.6799999999999999,1
491F,-4.75,1
491G,-0.8950000000000001,1
491H,-4.266666666666667,1
491I,-4.170000000000001,1
491K,-4.7299999999999995,1
491L,-4.665454545454546,1
491M,-2.0,1
491N,-2.0500000000000003,1
491Q,-1.2925,1
491R,-4.779999999999999,1
491S,-0.5828571428571427,1
491T,-1.5846153846153848,1
491V,-1.700909090909091,1
491W,-4.84,1
491Y,-4.831111111111111,1
492C,-0.7566666666666668,1
492D,-3.85,1
492E,-3.16,1
492F,-0.53125,1
492G,-4.37,1
492H,-1.25,1
492I,0.03,1
492K,-1.5166666666666668,1
492M,-0.27,1
492N,-1.205,1
492P,-4.757777777777779,1
492Q,-1.19,1
492R,-1.196,1
492S,-3.3407142857142853,1
492T,-0.7675,1
492V,-0.16,1
492W,-1.9233333333333331,1
492Y,-1.1842857142857142,1
493A,0.26,1
493C,-0.03,1
493D,-1.53,1
493E,-0.5666666666666665,1
493F,0.13,1
493G,0.03428571428571429,1
493H,-0.016666666666666666,1
493I,-0.08,1
493K,0.047,1
493L,0.052000000000000005,1
493M,0.35,1
493N,-0.21,1
493P,-0.675,1
493R,-0.09285714285714285,1
493S,-0.10571428571428572,1
493T,-0.03,1
493V,0.08199999999999999,1
493W,-0.12,1
493Y,0.115,1
494A,0.06,1
494D,-0.965,1
494E,0.06,1
494F,-0.21333333333333335,1
494G,-0.38000000000000006,1
494H,0.07,1
494I,-0.705,1
494K,0.095,1
494L,-0.3216666666666667,1
494M,0.0,1
494N,-0.035,1
494P,0.0049999999999999975,1
494Q,-0.01,1
494R,0.08285714285714285,1
494T,-0.048,1
494V,-0.198,1
494W,-0.25,1
494Y,-0.09333333333333334,1
495A,-2.334,1
495C,-2.3742857142857146,1
495D,-2.58,1
495E,-2.605,1
495F,-0.49333333333333335,1
495G,-3.9799999999999995,1
495H,-1.0591666666666668,1
495I,-1.5380000000000003,1
495K,-2.116,1
495L,-1.6624999999999999,1
495M,-0.8675,1
495N,-1.4533333333333331,1
495P,-2.685714285714286,1
495Q,-1.975,1
495R,-1.5400000000000003,1
495S,-2.432857142857143,1
495T,-2.0742857142857143,1
495V,-1.9124999999999999,1
495W,-0.8140000000000001,1
496A,-0.5544444444444444,1
496C,-1.4185714285714286,1
496D,-2.1925,1
496E,-2.3366666666666664,1
496F,-2.1174999999999997,1
496H,-1.482,1
496I,-1.51,1
496K,-1.6371428571428572,1
496L,-1.698125,1
496M,-1.6487500000000002,1
496N,-0.36166666666666664,1
496P,-2.29,1
496Q,-1.6000000000000003,1
496R,-1.629,1
496S,-0.5994117647058823,1
496T,-1.5300000000000002,1
496V,-1.065,1
496W,-1.5975000000000001,1
496Y,-1.9925000000000002,1
497A,-4.808,1
497C,-4.784000000000001,1
497D,-4.56,1
497E,-4.8,1
497G,-3.5066666666666664,1
497H,-2.8666666666666667,1
497I,-4.782857142857144,1
497K,-4.8,1
497L,-2.0438095238095237,1
497M,-2.358,1
497N,-4.401999999999999,1
497P,-4.824,1
497Q,-4.694,1
497R,-4.786666666666666,1
497S,-4.804444444444444,1
497T,-4.784000000000001,1
497V,-4.7075,1
497W,-1.89,1
497Y,-0.61,1
498A,-0.023333333333333334,1
498C,-1.59,1
498E,-0.972857142857143,1
498F,0.14500000000000002,1
498G,-0.598,1
498H,0.305,1
498I,-1.5037500000000001,1
498K,-2.2845454545454547,1
498L,-1.5766666666666667,1
498M,-0.5974999999999999,1
498N,-0.48666666666666664,1
498P,-3.2509090909090905,1
498R,-0.06333333333333334,1
498S,-0.16999999999999998,1
498T,-0.6725,1
498V,-1.24,1
498W,0.14,1
498Y,0.126,1
499A,-0.48499999999999993,1
499C,-1.0933333333333333,1
499D,-0.9040000000000001,1
499E,-1.21,1
499F,-0.35,1
499G,-1.0566666666666666,1
499H,-0.47,1
499I,-0.46,1
499L,-0.35250000000000004,1
499M,-0.47000000000000003,1
499N,-0.368,1
499Q,-0.606,1
499R,-0.13,1
499S,-0.2385714285714286,1
499T,-0.158,1
499V,-0.3675,1
499W,-1.01,1
499Y,-0.375,1
500A,-0.5599999999999999,1
500C,-1.72,1
500D,-1.9899999999999998,1
500E,-1.27,1
500F,-0.9958333333333332,1
500G,-0.9699999999999999,1
500I,-2.2954545454545454,1
500K,-0.8019999999999999,1
500L,-1.524375,1
500M,-0.7174999999999999,1
500N,-1.2108333333333337,1
500P,-1.056,1
500Q,-0.43500000000000005,1
500R,-1.1385714285714286,1
500S,-0.32599999999999996,1
500V,-1.88625,1
500W,-0.46,1
500Y,-0.9891666666666667,1
501C,-0.5785714285714285,1
501D,-2.4185714285714286,1
501F,0.27,1
501G,-0.932,1
501H,-0.03333333333333333,1
501I,-0.028333333333333335,1
501K,-2.7824999999999998,1
501L,-1.1124999999999998,1
501P,-1.9900000000000002,1
501Q,-0.07333333333333335,1
501R,-2.08,1
501S,-0.12285714285714287,1
501T,0.02,1
501V,0.14500000000000002,1
501W,0.22,1
501Y,0.3075,1
502A,-2.7649999999999997,1
502C,-3.12,1
502D,-4.203333333333333,1
502E,-4.84,1
502F,-4.779999999999999,1
502H,-4.76,1
502I,-4.84,1
502K,-4.036,1
502L,-4.793333333333334,1
502M,-4.779999999999999,1
502P,-4.84,1
502Q,-4.76,1
502R,-4.78909090909091,1
502S,-2.6975,1
502T,-4.776,1
502V,-4.826666666666667,1
502W,-4.8133333333333335,1
502Y,-4.8,1
503A,-0.0690909090909091,1
503C,-0.019999999999999997,1
503D,-0.05666666666666667,1
503E,-0.262,1
503F,-0.0066666666666666645,1
503G,-0.16,1
503H,-0.07090909090909091,1
503I,0.05263157894736842,1
503K,0.10230769230769231,1
503L,0.028666666666666677,1
503M,0.10666666666666665,1
503N,-0.07333333333333333,1
503P,-0.8912500000000001,1
503Q,0.006000000000000003,1
503R,0.0323076923076923,1
503S,-0.631904761904762,1
503T,-1.0818181818181818,1
503W,-0.095,1
503Y,-0.016666666666666666,1
504A,-0.16555555555555557,1
504C,-0.88,1
504D,-0.2966666666666667,1
504E,-0.6480000000000001,1
504F,-0.506,1
504H,-0.49000000000000005,1
504I,-1.6780000000000002,1
504K,-0.42,1
504L,-0.5031818181818182,1
504M,-0.35769230769230764,1
504N,-0.1285714285714286,1
504P,-0.3166666666666667,1
504Q,-0.4214285714285714,1
504R,-0.3811764705882353,1
504S,-0.2204347826086957,1
504T,-0.422,1
504V,-1.4100000000000001,1
504W,-0.47684210526315784,1
504Y,-0.46545454545454545,1
505A,-2.435,1
505C,-2.3625,1
505D,-2.973333333333333,1
505E,-3.114,1
505F,-0.14333333333333334,1
505G,-4.666666666666667,1
505H,-0.703,1
505I,-3.0875,1
505K,-2.528,1
505L,-2.4887499999999996,1
505M,-2.3314285714285714,1
505N,-1.9275000000000002,1
505P,-4.133333333333334,1
505Q,-2.27,1
505R,-2.4683333333333333,1
505S,-2.371176470588235,1
505T,-3.46,1
505V,-2.4619999999999997,1
505W,0.12250000000000001,1
506A,-1.442,1
506C,-2.0399999999999996,1
506D,-2.526666666666667,1
506E,-2.2025,1
506F,-2.7800000000000002,1
506G,-2.357142857142857,1
506H,-0.85875,1
506I,-2.5283333333333333,1
506K,-1.4575,1
506L,-1.4748,1
506M,-0.5771428571428572,1
506N,-0.265,1
506P,-4.775000000000001,1
506R,-1.6473684210526316,1
506S,-1.6018181818181816,1
506T,-2.37125,1
506V,-2.306,1
506W,-2.2619999999999996,1
506Y,-2.8737500000000002,1
507A,-0.7385714285714284,1
507C,-1.9849999999999999,1
507E,-4.8,1
507F,-4.8,1
507G,-3.0533333333333332,1
507H,-4.545,1
507I,-4.839999999999999,1
507K,-4.774444444444445,1
507L,-4.805714285714287,1
507M,-4.6850000000000005,1
507N,-4.82,1
507Q,-4.76,1
507R,-4.8,1
507S,-1.294285714285714,1
507T,-4.435714285714285,1
507V,-4.351999999999999,1
507W,-4.76,1
507Y,-4.82,1
508A,-0.4066666666666667,1
508C,-0.32666666666666666,1
508D,-2.25,1
508E,-1.1766666666666665,1
508F,0.021,1
508G,-4.68,1
508H,0.08,1
508I,-0.5646153846153846,1
508K,-1.204,1
508L,-0.5315384615384615,1
508M,-0.185,1
508N,-0.18249999999999997,1
508P,-4.694285714285714,1
508Q,-0.44,1
508R,-0.7575000000000001,1
508S,-0.4010526315789474,1
508T,-0.27,1
508V,-0.27,1
508W,-0.184,1
509A,-4.006666666666667,1
509C,-3.37,1
509D,-4.8133333333333335,1
509E,-4.786666666666666,1
509F,-4.555,1
509G,-4.82,1
509H,-1.0733333333333333,1
509I,-3.7175000000000002,1
509K,-1.1414285714285712,1
509L,-4.742142857142858,1
509M,-4.737,1
509N,-4.7,1
509P,-4.652,1
509Q,-3.1300000000000003,1
509S,-3.5277777777777777,1
509T,-1.9366666666666668,1
509V,-2.4657142857142857,1
509W,-4.8133333333333335,1
509Y,-4.779999999999999,1
510A,-0.8075,1
510C,-0.12333333333333334,1
510D,-4.8,1
510F,-1.77,1
510G,-4.776,1
510I,-0.156,1
510K,-4.5649999999999995,1
510L,-0.6,1
510M,-0.5,1
510N,-4.84,1
510P,-4.84,1
510Q,-4.84,1
510R,-4.3933333333333335,1
510S,-4.505999999999999,1
510W,-4.76,1
510Y,-4.76,1
511A,-0.7777777777777778,1
511C,-0.635,1
511D,-4.25,1
511E,-4.12,1
511G,-4.8,1
511I,-0.37666666666666665,1
511K,-4.8,1
511L,-0.8214285714285713,1
511M,-0.8350000000000001,1
511N,-3.51,1
511P,-4.14,1
511Q,-2.9899999999999998,1
511R,-4.8,1
511S,-3.2375,1
511T,-0.9233333333333335,1
511Y,-2.4099999999999997,1
512A,-0.65,1
512C,-0.6666666666666666,1
512F,-4.79,1
512G,-4.76,1
512I,-0.22,1
512K,-4.3275,1
512L,-3.7533333333333334,1
512M,-4.76,1
512N,-4.76,1
512R,-4.8133333333333335,1
512S,-1.288,1
512T,-0.7124999999999999,1
512W,-4.84,1
512Y,-4.07,1
513A,-3.1399999999999997,1
513C,-1.6066666666666667,1
513D,-4.6850000000000005,1
513E,-4.623333333333332,1
513F,-0.45,1
513G,-4.8133333333333335,1
513H,-3.6100000000000003,1
513I,-0.123,1
513M,-0.15333333333333335,1
513N,-4.545,1
513P,-4.7575,1
513Q,-4.8,1
513R,-4.516666666666667,1
513S,-3.7675,1
513T,-1.8485714285714285,1
513V,-0.438,1
513Y,-1.8266666666666664,1
514A,-0.0775,1
514C,-0.12166666666666669,1
514D,-0.47,1
514F,-0.23125,1
514G,-0.06800000000000002,1
514H,0.010000000000000004,1
514I,-0.022857142857142857,1
514K,-0.11166666666666665,1
514L,-0.22363636363636366,1
514M,-0.21199999999999997,1
514N,-0.07,1
514P,-2.18,1
514R,-0.23777777777777778,1
514T,0.007999999999999997,1
514V,-0.028749999999999998,1
514W,0.025,1
514Y,-0.13333333333333333,1
515D,-2.88,1
515G,-0.605,1
515I,-0.38,1
515K,-1.46,1
515L,-0.1611111111111111,1
515M,-0.03,1
515N,-1.78,1
515P,-0.9059999999999999,1
515R,-1.3214285714285716,1
515S,-1.1066666666666665,1
515T,-0.6900000000000001,1
515V,-0.4166666666666667,1
515Y,-0.2233333333333333,1
516A,-0.25,1
516C,-0.38,1
516D,-0.015,1
516F,-0.4575,1
516H,-0.04,1
516I,-0.37999999999999995,1
516K,-0.075,1
516L,-0.49749999999999994,1
516M,-0.39,1
516N,-0.043333333333333335,1
516P,-0.25,1
516Q,-0.03,1
516R,-0.11,1
516S,-0.142,1
516T,-0.18,1
516V,-0.27499999999999997,1
516Y,-0.31,1
517D,-0.02,1
517E,-0.11,1
517F,-0.01,1
517G,-0.03,1
517H,-0.08666666666666667,1
517I,-0.11,1
517K,0.045,1
517M,0.25,1
517N,-0.08,1
517P,-0.11666666666666665,1
517Q,-0.02,1
517R,0.055,1
517T,-0.015,1
517V,-0.04,1
517Y,0.009999999999999998,1
518A,0.07500000000000001,1
518D,0.07,1
518F,-0.06,1
518H,-0.034999999999999996,1
518I,0.04,1
518M,2.6020852139652106e-18,1
518N,0.05,1
518P,-0.08,1
518Q,0.003999999999999998,1
518R,-0.06,1
518S,0.11666666666666668,1
518V,0.023333333333333334,1
518W,-0.06,1
518Y,-0.025,1
519A,0.04,1
519C,-0.14666666666666667,1
519E,0.03,1
519F,-0.11,1
519I,-0.115,1
519K,-0.020000000000000004,1
519L,-0.065,1
519N,0.046000000000000006,1
519P,0.02666666666666667,1
519Q,0.0,1
519R,-0.055555555555555566,1
519S,0.045714285714285714,1
519T,0.02666666666666667,1
519V,0.01,1
519W,0.05,1
519Y,-0.051666666666666666,1
520C,-0.28285714285714286,1
520D,-0.03666666666666667,1
520E,0.028333333333333335,1
520F,-0.06799999999999999,1
520G,0.0020000000000000018,1
520H,0.025,1
520I,-0.23500000000000001,1
520K,0.0,1
520L,-0.06,1
520M,-0.08,1
520N,-0.03888888888888889,1
520P,0.03,1
520Q,-0.05,1
520R,-0.015,1
520S,-0.03909090909090909,1
520T,-0.006,1
520V,-0.07833333333333334,1
520Y,-0.015000000000000003,1
521C,-0.17666666666666667,1
521F,-0.15,1
521G,0.04,1
521H,-0.022000000000000002,1
521I,-0.194,1
521L,-0.266,1
521N,-0.12,1
521R,-0.02333333333333333,1
521S,0.023333333333333334,1
521T,-0.032857142857142856,1
521Y,-0.125,1
522C,-0.06999999999999999,1
522D,-0.06,1
522E,-0.013999999999999999,1
522F,0.0,1
522G,0.005,1
522H,0.04,1
522K,0.0033333333333333327,1
522L,-0.03333333333333333,1
522M,0.05,1
522P,0.04,1
522R,-0.05,1
522S,-0.028571428571428574,1
522T,0.014285714285714287,1
522V,-0.03,1
522W,-0.03,1
523I,-0.08,1
523N,-0.03,1
523P,-0.01,1
523S,-0.04,1
524A,-0.07,1
524I,-0.056666666666666664,1
524L,-0.02,1
525A,-0.055,1
525D,-0.05,1
525F,-0.03749999999999999,1
525G,-0.03,1
525I,-0.05,1
525L,-0.06666666666666667,1
525N,-0.02,1
525R,-0.08499999999999999,1
525S,-0.04666666666666667,1
525T,-0.08,1
525W,-0.05,1
526A,-0.09000000000000001,1
526D,-0.0475,1
526E,-0.016666666666666666,1
526I,-0.12,1
526L,-0.1675,1
526M,0.020000000000000004,1
526N,-0.076,1
526P,-0.005,1
526R,-0.08,1
526S,-0.025,1
526T,0.005000000000000001,1
526V,-0.041111111111111105,1
526W,-0.07500000000000001,1
526Y,-0.02,1
527A,0.0325,1
527C,5.782411586589357e-19,1
527D,0.05,1
527E,0.023333333333333334,1
527F,0.052500000000000005,1
527G,-0.003999999999999998,1
527H,-0.03333333333333334,1
527I,0.02,1
527K,0.04666666666666667,1
527L,0.04545454545454544,1
527M,0.09666666666666666,1
527N,0.02,1
527Q,0.07333333333333335,1
527R,0.03357142857142857,1
527S,0.034,1
527T,0.01625,1
527V,0.052500000000000005,1
527W,-0.195,1
527Y,0.0020000000000000005,1
528A,-0.028000000000000004,1
528C,0.002857142857142859,1
528D,1.1564823173178713e-18,1
528E,-0.01375,1
528F,0.10500000000000001,1
528G,-0.0024999999999999996,1
528H,-0.009999999999999997,1
528I,-0.06,1
528L,-0.0036363636363636385,1
528M,0.004444444444444442,1
528N,0.023333333333333334,1
528P,-0.21857142857142858,1
528Q,-0.01625,1
528R,-0.01909090909090909,1
528S,2.523234146875356e-18,1
528T,-0.016000000000000004,1
528V,0.006666666666666666,1
528W,-0.024285714285714282,1
528Y,-0.045000000000000005,1
529C,0.02,1
529D,0.014000000000000002,1
529E,-0.060000000000000005,1
529F,0.03,1
529G,0.016666666666666666,1
529H,-0.02,1
529I,0.014000000000000002,1
529L,-0.004444444444444444,1
529M,0.028333333333333335,1
529N,-0.08299999999999999,1
529P,0.035,1
529Q,0.045,1
529R,-0.095,1
529S,-0.015555555555555552,1
529T,-0.04,1
529V,0.07,1
529W,-0.007142857142857143,1
529Y,0.010000000000000002,1
530A,-0.01,1
530C,-0.02,1
530D,-0.025,1
530E,0.05,1
530F,0.043000000000000003,1
530G,-0.10571428571428572,1
530H,-0.0033333333333333335,1
530I,0.021428571428571432,1
530K,-0.015,1
530L,0.017857142857142856,1
530M,0.09,1
530N,0.01,1
530P,-0.025000000000000005,1
530Q,-0.03,1
530R,-0.05333333333333333,1
530T,-0.016666666666666666,1
530V,0.02,1
530W,0.01,1
530Y,0.01642857142857143,1
531A,-0.0025000000000000005,1
531C,-0.024545454545454547,1
531D,-0.007777777777777778,1
531E,0.01384615384615385,1
531F,-0.037142857142857144,1
531G,0.00625,1
531H,0.026000000000000002,1
531I,-0.014285714285714282,1
531K,-0.014722222222222227,1
531L,0.009428571428571429,1
531M,-0.012,1
531N,-0.005555555555555556,1
531P,0.003076923076923075,1
531Q,0.0005555555555555506,1
531R,-0.0008333333333333367,1
531S,0.009090909090909092,1
531V,0.006956521739130436,1
531W,-0.001666666666666666,1
531Y,-0.0063999999999999994,1
