label,delta
ACE2_102A,0.0436983940397351
ACE2_102C,-0.004578664659843468
ACE2_102D,0.050451358217941
ACE2_102E,0.07157856201083684
ACE2_102F,-0.04179150933172787
ACE2_102G,0.08265961348585191
ACE2_102H,0.07872409452137266
ACE2_102I,0.04504832480433474
ACE2_102K,-0.029115773329319687
ACE2_102L,-0.04762462883804937
ACE2_102M,-0.15207562913907285
ACE2_102N,0.0492562805538832
ACE2_102P,0.3586177859723058
ACE2_102Q,0.0
ACE2_102R,-0.13583961228175798
ACE2_102S,-0.012574287778446719
ACE2_102T,0.17968055749548462
ACE2_102V,0.03743698735701385
ACE2_102W,0.16234656080674292
ACE2_102Y,-0.25873162582781456
ACE2_19A,0.018263881095725465
ACE2_19C,-0.35191213696568335
ACE2_19D,-0.40738172275737505
ACE2_19E,-0.4324190012040939
ACE2_19F,0.3408085282962071
ACE2_19G,-0.4093158076459964
ACE2_19H,-0.04514444250451535
ACE2_19I,0.23221285159542443
ACE2_19K,-0.17835530644190245
ACE2_19L,-0.14885758217940998
ACE2_19M,-0.16496834166164961
ACE2_19N,-0.11695652107164359
ACE2_19P,0.7007279846478026
ACE2_19Q,-0.4381798353401565
ACE2_19R,-0.1551667823600241
ACE2_19S,0.0
ACE2_19T,0.21673107977122213
ACE2_19V,0.3277417119205298
ACE2_19W,0.3219073341360626
ACE2_19Y,0.31589746327513546
ACE2_20A,-0.004159104154124022
ACE2_20C,-0.2061878359422035
ACE2_20D,-0.2252758323299217
ACE2_20E,-0.07414285400361229
ACE2_20F,-0.48100598795906085
ACE2_20G,-0.08731356652618903
ACE2_20H,-0.3420962805538832
ACE2_20I,-0.34581684858518963
ACE2_20K,-0.2771228690547863
ACE2_20L,-0.3030867417218543
ACE2_20M,-0.29438655779650813
ACE2_20N,-0.12116221372667069
ACE2_20P,-0.16650717670078266
ACE2_20Q,-0.29265396658639375
ACE2_20R,-0.1218497432269717
ACE2_20S,0.029102505418422638
ACE2_20T,0.0
ACE2_20V,-0.20833180854906683
ACE2_20W,-0.4586809419024684
ACE2_20Y,-0.5158033642384106
ACE2_21A,-0.3581734145093317
ACE2_21C,-0.3709790385310054
ACE2_21D,-0.33619322034918725
ACE2_21E,-0.3450794572546659
ACE2_21F,-0.3886085969295605
ACE2_21G,0.02049796688741722
ACE2_21H,-0.3809462655027092
ACE2_21I,0.0
ACE2_21K,-0.4920809437086092
ACE2_21L,-0.41079311709813365
ACE2_21M,-0.5659851607465383
ACE2_21N,-0.3024634157134256
ACE2_21P,-0.23257983413606262
ACE2_21Q,-0.3373211101745936
ACE2_21R,-0.6493963573148706
ACE2_21S,-0.28575625857916914
ACE2_21T,0.021706210415412402
ACE2_21V,0.20981709723058398
ACE2_21W,-0.642321776038531
ACE2_21Y,-0.3389583166767008
ACE2_22A,-0.4062983299217339
ACE2_22C,-0.26910710355207706
ACE2_22D,0.11045192083082479
ACE2_22E,0.0
ACE2_22F,-0.1752766941601445
ACE2_22G,-0.16147446658639375
ACE2_22H,-0.2774130906080674
ACE2_22I,-0.3072636249247441
ACE2_22K,-0.2549408561107766
ACE2_22L,-0.06218506923540036
ACE2_22M,-0.3319725499698976
ACE2_22N,-0.49056348886213125
ACE2_22P,-0.43252886965683324
ACE2_22Q,0.16303875466586393
ACE2_22R,-0.5132128795906081
ACE2_22S,-0.282898641180012
ACE2_22T,0.26624986152919927
ACE2_22V,-0.3455028163756773
ACE2_22W,-0.4894457552679109
ACE2_22Y,-0.18515538410596025
ACE2_23A,-0.012304304033714629
ACE2_23C,0.2626084470198676
ACE2_23D,0.09038987748344371
ACE2_23E,0.0
ACE2_23F,0.56175392474413
ACE2_23G,0.17923814057796505
ACE2_23H,0.06788395033112583
ACE2_23I,-0.1505536104756171
ACE2_23K,0.19499609482239613
ACE2_23L,0.07473566164960867
ACE2_23M,0.25532477363034317
ACE2_23N,0.21074405629139073
ACE2_23P,-0.12241563816977724
ACE2_23Q,0.27199099367850693
ACE2_23R,0.07080608759783262
ACE2_23S,0.14707235611077665
ACE2_23T,0.25807733534015653
ACE2_23V,0.01330568001204094
ACE2_23W,0.08442813515954244
ACE2_23Y,-0.04311885099337748
ACE2_24A,-0.5552484732089102
ACE2_24C,-0.5283836986754967
ACE2_24D,-0.7042731556291391
ACE2_24E,-0.26840877543648406
ACE2_24F,-0.713979440397351
ACE2_24G,-0.5344819307645996
ACE2_24H,-0.3803031306441902
ACE2_24I,-0.6577834313666466
ACE2_24K,-0.4786303591210115
ACE2_24L,-0.3939948696568332
ACE2_24M,-0.3613402329921734
ACE2_24N,-0.7004466703792896
ACE2_24P,-0.045793049066827206
ACE2_24Q,0.0
ACE2_24R,-0.47496485611077666
ACE2_24S,-0.5476911854304636
ACE2_24T,0.47356361559301624
ACE2_24V,-0.5659482450331126
ACE2_24W,-0.34031606291390726
ACE2_24Y,-1.017691731487056
ACE2_25A,0.0
ACE2_25C,-0.2524579139072847
ACE2_25D,-0.5618470767609873
ACE2_25E,-0.5782693091511137
ACE2_25F,0.36840206953642385
ACE2_25G,-0.10742847080072246
ACE2_25H,-0.7873960812763395
ACE2_25I,0.2808481044551475
ACE2_25K,-0.4616813085490668
ACE2_25L,-0.44702403491872367
ACE2_25M,-0.45383156020469595
ACE2_25N,-0.6487004385912101
ACE2_25P,-0.5973892679108971
ACE2_25Q,-1.1356962667068031
ACE2_25R,-0.5692130147501505
ACE2_25S,-0.1555542357013847
ACE2_25T,0.4293733579169175
ACE2_25V,0.8255290695364238
ACE2_25W,-0.8878480623118603
ACE2_25Y,-0.4621798810957255
ACE2_26A,0.4864745090307044
ACE2_26C,-0.02516832059000602
ACE2_26D,0.5634204726068633
ACE2_26E,0.17263483684527392
ACE2_26F,-0.16055752046959665
ACE2_26G,-0.12143395394340759
ACE2_26H,-0.10136514569536424
ACE2_26I,0.5180753040337146
ACE2_26K,0.0
ACE2_26L,0.04621925225767609
ACE2_26M,0.053279072847682116
ACE2_26N,0.034784650511739915
ACE2_26P,-0.4744506131848284
ACE2_26Q,0.11112083052378084
ACE2_26R,0.37003211800120406
ACE2_26S,0.20966745364238412
ACE2_26T,0.17878153220951234
ACE2_26V,0.42639572787477426
ACE2_26W,-0.04465387507525587
ACE2_26Y,-0.30977707706201085
ACE2_273A,-0.07670581517158338
ACE2_273C,-0.11141966586393738
ACE2_273D,-0.4581196803130644
ACE2_273E,0.03507949488260084
ACE2_273F,-0.13337119506321493
ACE2_273G,-0.045275876279349786
ACE2_273H,-0.0674248419626731
ACE2_273I,0.05764730583985551
ACE2_273K,0.07256531848284166
ACE2_273L,-0.019589868151715834
ACE2_273M,0.11168940367248645
ACE2_273N,-0.004460013546056592
ACE2_273P,-0.4202740358217941
ACE2_273Q,-0.024989332028898255
ACE2_273R,0.0
ACE2_273S,-0.08119676851294401
ACE2_273T,-0.12061428326309452
ACE2_273V,-0.07640513937387117
ACE2_273W,-0.10029347922937988
ACE2_273Y,0.05365502257676098
ACE2_274A,-0.027991077664057798
ACE2_274C,-0.006514195063214931
ACE2_274D,0.011727154425045154
ACE2_274E,-0.04389546809151114
ACE2_274F,0.0
ACE2_274G,-0.11972627092113185
ACE2_274H,-0.1692992474413004
ACE2_274I,0.08822249187236605
ACE2_274K,0.06587493889223359
ACE2_274L,0.07182857254665864
ACE2_274M,-0.058152582781456956
ACE2_274N,-0.05793323720650211
ACE2_274P,0.047956055990367244
ACE2_274Q,0.0881793612281758
ACE2_274R,0.03325362582781457
ACE2_274S,-0.0659649416014449
ACE2_274T,-0.10658575466586392
ACE2_274V,-0.033510453040337146
ACE2_274W,-0.010261313365442504
ACE2_274Y,-0.03449405478627333
ACE2_276A,0.008966614990969296
ACE2_276C,-0.07036699819385912
ACE2_276D,0.10035209813365442
ACE2_276E,-0.03416120379289585
ACE2_276F,-0.042782573750752555
ACE2_276G,0.030929829319686932
ACE2_276H,-0.11793198284166165
ACE2_276I,0.12320251595424443
ACE2_276K,0.04717069897652017
ACE2_276L,-0.040775042444310655
ACE2_276M,0.0018871056592414206
ACE2_276N,-0.0007865993377483444
ACE2_276P,-0.16654691029500301
ACE2_276Q,-0.018957649608669472
ACE2_276R,-0.0533772895845876
ACE2_276S,-0.07081481968693558
ACE2_276T,0.0
ACE2_276V,-0.0025186435881998795
ACE2_276W,-0.04570438711619507
ACE2_276Y,-0.17288332119205296
ACE2_277A,0.036098216435882
ACE2_277C,-0.2393403031306442
ACE2_277D,0.04841426971703793
ACE2_277E,-0.03389292354003612
ACE2_277F,0.04946489283564118
ACE2_277G,0.08188383082480433
ACE2_277H,0.14573544009632752
ACE2_277I,-0.1969649683925346
ACE2_277K,0.20348972305839855
ACE2_277L,0.035716297712221554
ACE2_277M,0.03873137627934979
ACE2_277N,0.0
ACE2_277P,-0.017038293196869354
ACE2_277Q,0.015629201384708007
ACE2_277R,0.11758357104154124
ACE2_277S,0.01407726700782661
ACE2_277T,-0.045537206502107165
ACE2_277V,0.001551819686935581
ACE2_277W,-0.07949857344972908
ACE2_277Y,0.0764126149909693
ACE2_27A,0.6361905325105358
ACE2_27C,0.727290202588802
ACE2_27D,0.6328356751956652
ACE2_27E,-0.6430499449127031
ACE2_27F,0.6905831155930163
ACE2_27G,-0.6200906532209512
ACE2_27H,0.703534641180012
ACE2_27I,-0.0820132372065021
ACE2_27K,0.4971962883804937
ACE2_27L,0.8564340370258879
ACE2_27M,0.7689706977724262
ACE2_27N,-0.052102034918723665
ACE2_27P,0.15295175316074652
ACE2_27Q,-0.22650412552679108
ACE2_27R,0.07619603973509935
ACE2_27S,0.23050799096929558
ACE2_27T,0.0
ACE2_27V,-0.33655197802528597
ACE2_27W,0.6337438389524382
ACE2_27Y,0.8116081532209513
ACE2_28A,-0.546934692655027
ACE2_28C,-0.5822552489464178
ACE2_28D,-0.5541354184226369
ACE2_28E,-0.9895067772426249
ACE2_28F,0.0
ACE2_28G,-0.7403382248645394
ACE2_28H,-0.7744787483443708
ACE2_28I,-0.4840440773630343
ACE2_28K,-1.004592851896448
ACE2_28L,-0.4614299933774834
ACE2_28M,-0.40604198013245035
ACE2_28N,-0.7310503130644189
ACE2_28P,-0.4586688407585791
ACE2_28Q,-0.7112600815773631
ACE2_28R,-0.6002347989163155
ACE2_28S,-0.4953709708007224
ACE2_28T,-0.5352658690547862
ACE2_28V,-0.617855104756171
ACE2_28W,-0.2993575686333534
ACE2_28Y,0.24226878236002408
ACE2_290A,0.022552150210716434
ACE2_290C,0.07216455237808549
ACE2_290D,0.08502014720048164
ACE2_290E,0.025693417519566525
ACE2_290F,-0.09394801926550271
ACE2_290G,0.02943908819987959
ACE2_290H,-0.11501710054184226
ACE2_290I,-0.03478242323901264
ACE2_290K,0.07060005779650813
ACE2_290L,0.020460202889825405
ACE2_290M,-0.001408049969897652
ACE2_290N,0.0
ACE2_290P,-0.04236771462974112
ACE2_290Q,-0.2077216014449127
ACE2_290R,0.021786863034316678
ACE2_290S,0.03146103401565322
ACE2_290T,0.09303188741721853
ACE2_290V,-0.033407533413606263
ACE2_290W,-0.021847847381095728
ACE2_290Y,0.07900675376279351
ACE2_29A,-0.4496312456351595
ACE2_29C,-0.7802664732089103
ACE2_29D,-1.1693586941601444
ACE2_29E,-0.1462716134858519
ACE2_29F,0.544187634256472
ACE2_29G,-0.7066921598434678
ACE2_29H,-0.5558099452137266
ACE2_29I,-0.5114744136062613
ACE2_29K,-0.8515843747742324
ACE2_29L,0.0
ACE2_29M,-0.41202678657435277
ACE2_29N,-0.6621466697772426
ACE2_29P,-0.8389249283564117
ACE2_29Q,-0.5159352055990367
ACE2_29R,-0.6631237170379289
ACE2_29S,-0.4847166833232992
ACE2_29T,-0.6396460797712222
ACE2_29V,-0.5670148211920529
ACE2_29W,-0.4747453537025888
ACE2_29Y,-0.2376104340758579
ACE2_30A,-0.4775971992775437
ACE2_30C,-0.6012682429259482
ACE2_30D,0.0
ACE2_30E,0.6889142615894039
ACE2_30F,-0.9231524906682721
ACE2_30G,-0.5244538609271523
ACE2_30H,-0.6188283979530403
ACE2_30I,0.4876167787477423
ACE2_30K,-0.5297529464178206
ACE2_30L,-0.32363532480433477
ACE2_30M,-0.1754145475617098
ACE2_30N,-0.43165013184828416
ACE2_30P,-0.577084363937387
ACE2_30Q,-0.3744258338350391
ACE2_30R,-0.5044510857916917
ACE2_30S,-0.542531573449729
ACE2_30T,0.16191835731487056
ACE2_30V,0.3725951776038531
ACE2_30W,-0.5977173780854906
ACE2_30Y,-0.44375322486453944
ACE2_31A,-0.5833473850090307
ACE2_31C,-0.5294962627934978
ACE2_31D,-0.6746134551475015
ACE2_31E,-0.4524008142685129
ACE2_31F,0.22516349036724864
ACE2_31G,-0.6086361622516556
ACE2_31H,-0.22440301776038532
ACE2_31I,-0.490503552679109
ACE2_31K,0.0
ACE2_31L,-0.18887309000602046
ACE2_31M,-0.13052038109572547
ACE2_31N,-0.5203059096929561
ACE2_31P,-0.8207199054786273
ACE2_31Q,-0.48824339193257077
ACE2_31R,-0.4844904226369657
ACE2_31S,-0.6202080018061409
ACE2_31T,-0.6937097143287176
ACE2_31V,-0.563328312462372
ACE2_31W,0.7696555818783866
ACE2_31Y,0.5575955298013244
ACE2_324A,0.4217908245033113
ACE2_324C,-0.13686350933172786
ACE2_324D,-0.04983614539434076
ACE2_324E,0.7493841170981336
ACE2_324F,-0.34695517670078263
ACE2_324G,-0.2368295045153522
ACE2_324H,-0.22062993829018665
ACE2_324I,-0.06548650511739916
ACE2_324K,-0.6303875045153522
ACE2_324L,-0.42319335279951836
ACE2_324M,-0.3650956207104154
ACE2_324N,-0.06968610957254666
ACE2_324P,0.8106391146899458
ACE2_324Q,0.1477943326309452
ACE2_324R,-0.394650193257074
ACE2_324S,0.31545875827814573
ACE2_324T,0.0
ACE2_324V,-0.06110042474413004
ACE2_324W,-0.48380755779650814
ACE2_324Y,-0.30200312101143884
ACE2_325A,-0.0750742895845876
ACE2_325C,-0.17565713847080072
ACE2_325D,-0.19121551565322095
ACE2_325E,0.021421715532811556
ACE2_325F,-0.02935930403371463
ACE2_325G,0.08707784316676702
ACE2_325H,0.10920661167971102
ACE2_325I,-0.005051347381095725
ACE2_325K,0.02363124413004214
ACE2_325L,-0.05927931005418423
ACE2_325M,-0.23499461318482842
ACE2_325N,-0.14134644852498496
ACE2_325P,0.8319609009632751
ACE2_325Q,0.0
ACE2_325R,-0.10028593648404575
ACE2_325S,-0.09671701715833834
ACE2_325T,0.11504601294400962
ACE2_325V,0.053788512642986154
ACE2_325W,-0.3799497838651415
ACE2_325Y,0.11004637236604456
ACE2_326A,-0.49387584075857915
ACE2_326C,-0.8708730099337748
ACE2_326D,-0.6790727772426249
ACE2_326E,-0.27256738711619505
ACE2_326F,-0.7493467796508128
ACE2_326G,0.0
ACE2_326H,-0.7871322043949428
ACE2_326I,-0.5352857417218543
ACE2_326K,-0.6016820647200481
ACE2_326L,-0.3983296809151114
ACE2_326M,-0.4587717257676099
ACE2_326N,-0.5095279385912101
ACE2_326P,-0.5921796541240216
ACE2_326Q,-0.5742188573148705
ACE2_326R,-0.5656179783263094
ACE2_326S,-0.6696508314268512
ACE2_326T,-0.5277905111378688
ACE2_326V,-0.4536740791691752
ACE2_326W,-0.6316040626128837
ACE2_326Y,-0.5915106462974111
ACE2_329A,0.1047144283564118
ACE2_329C,-0.09261561438892234
ACE2_329D,0.10322674382901866
ACE2_329E,0.0
ACE2_329F,-0.17719356291390728
ACE2_329G,-0.15245817700180614
ACE2_329H,-0.4001306173991571
ACE2_329I,-0.18024673841059602
ACE2_329K,0.030481032811559304
ACE2_329L,-0.030755308549066825
ACE2_329M,-0.09146492263696568
ACE2_329N,-0.32882167218543046
ACE2_329P,-0.1720242552679109
ACE2_329Q,0.009079891330523782
ACE2_329R,-0.14220339012642985
ACE2_329S,-0.14269066797110175
ACE2_329T,-0.15965953521974713
ACE2_329V,-0.09159046989765203
ACE2_329W,-0.28671929470198676
ACE2_329Y,-0.33747657013847077
ACE2_330A,-0.25007166074653825
ACE2_330C,-0.5599782543648405
ACE2_330D,-0.2991736586393739
ACE2_330E,-0.24132879891631548
ACE2_330F,0.8809967375075255
ACE2_330G,-0.4682028630343167
ACE2_330H,0.7950539250451535
ACE2_330I,-0.2887149614689946
ACE2_330K,-0.3195910599036725
ACE2_330L,0.6572290264900662
ACE2_330M,-0.11361899006622515
ACE2_330N,0.0
ACE2_330P,-0.4142571592414208
ACE2_330Q,0.3813224641782059
ACE2_330R,-0.4783100881998796
ACE2_330S,-0.2525322649006623
ACE2_330T,-0.10302295635159542
ACE2_330V,-0.20711647832630944
ACE2_330W,0.8884991441902469
ACE2_330Y,0.9272695827814569
ACE2_33A,-0.25207092354003613
ACE2_33C,0.4370226890427453
ACE2_33D,0.596362821192053
ACE2_33E,0.20663520319084888
ACE2_33F,-0.5769106095725467
ACE2_33G,-0.13117995936183022
ACE2_33H,0.3370666550270921
ACE2_33I,-0.47209624894641783
ACE2_33K,-0.40335089072847685
ACE2_33L,-0.3039769596628537
ACE2_33M,-0.2717957811559301
ACE2_33N,0.0
ACE2_33P,-0.8342149394942805
ACE2_33Q,0.12619791481035522
ACE2_33R,-0.47507368302227576
ACE2_33S,0.2780933269114991
ACE2_33T,0.04292333082480433
ACE2_33V,-0.10776328446718843
ACE2_33W,-0.5734784653822999
ACE2_33Y,-0.3894235087296809
ACE2_343A,-0.09548670409391934
ACE2_343C,-0.055881542745334134
ACE2_343D,-0.051208827814569535
ACE2_343E,-0.33040343618302226
ACE2_343F,-0.22659330824804336
ACE2_343G,-0.36141001565322095
ACE2_343H,-0.10194002919927754
ACE2_343I,-0.0015379268512944009
ACE2_343K,-0.15631803762793497
ACE2_343L,-0.050835692354003606
ACE2_343M,-0.10707231727874773
ACE2_343N,-0.06704116797110175
ACE2_343P,-0.6162748407585791
ACE2_343Q,0.042108328115593015
ACE2_343R,-0.08107104214328717
ACE2_343S,-0.08542682781456955
ACE2_343T,-0.20615821824202288
ACE2_343V,0.0
ACE2_343W,-0.13290824382901867
ACE2_343Y,-0.10213729078868151
ACE2_345A,-0.03896196658639374
ACE2_345C,-0.1809721806140879
ACE2_345D,-0.03246205418422637
ACE2_345E,0.034002365743527996
ACE2_345F,0.020942933473810956
ACE2_345G,-0.2056035340156532
ACE2_345H,0.0
ACE2_345I,0.04443698976520168
ACE2_345K,0.12682764449127032
ACE2_345L,-0.11664549969897652
ACE2_345M,0.05763483985550873
ACE2_345N,-0.05370307314870559
ACE2_345P,-0.7571702567730283
ACE2_345Q,0.04309786905478628
ACE2_345R,-0.06465154665863937
ACE2_345S,-0.03506183082480434
ACE2_345T,0.0654330641180012
ACE2_345V,0.0804154581577363
ACE2_345W,-0.022688902167369056
ACE2_345Y,-0.07690588982540637
ACE2_346A,0.030194506923540036
ACE2_346C,-0.26865931727874776
ACE2_346D,-0.19942246297411198
ACE2_346E,-0.09143689283564117
ACE2_346F,-0.37009397441300423
ACE2_346G,-0.13554246839253462
ACE2_346H,-0.0601604536423841
ACE2_346I,-0.4167731429861529
ACE2_346K,-0.27106647501505116
ACE2_346L,-0.3976527119205298
ACE2_346M,-0.4940200565924142
ACE2_346N,-0.17099010204695966
ACE2_346P,0.0
ACE2_346Q,-0.07377938771824202
ACE2_346R,-0.4466599816375677
ACE2_346S,-0.020140362432269715
ACE2_346T,-0.279013230885009
ACE2_346V,-0.1919335758579169
ACE2_346W,-0.6249651429861528
ACE2_346Y,-0.3101284157134257
ACE2_347A,-0.005604978928356412
ACE2_347C,-0.15945481306441903
ACE2_347D,0.013069058699578567
ACE2_347E,-0.18621400180614087
ACE2_347F,-0.14552280042143287
ACE2_347G,0.009319422636965682
ACE2_347H,-0.44090825105358217
ACE2_347I,-0.22924785009030704
ACE2_347K,0.15875362703190846
ACE2_347L,-0.14430905027092114
ACE2_347M,-0.003816739313666466
ACE2_347N,-0.012058885009030703
ACE2_347P,-0.3942262224563516
ACE2_347Q,-0.21125703341360627
ACE2_347R,-0.08566660626128837
ACE2_347S,-0.017269173088500903
ACE2_347T,0.0
ACE2_347V,-0.15247395906080674
ACE2_347W,-0.11347895695364238
ACE2_347Y,-0.12814569927754363
ACE2_349A,-0.3378569066827212
ACE2_349C,-0.3086026490066225
ACE2_349D,-0.5272733359422035
ACE2_349E,-0.4731880583985551
ACE2_349F,-0.3444711167971102
ACE2_349G,-0.422822663756773
ACE2_349H,-0.3122194265502709
ACE2_349I,-0.5036788699578567
ACE2_349K,-0.3417305599036725
ACE2_349L,-0.4419158196869356
ACE2_349M,-0.3540882573750752
ACE2_349N,-0.6155758919325707
ACE2_349P,-0.6716811604455146
ACE2_349Q,-0.35334401655629133
ACE2_349R,-0.3177640421432872
ACE2_349S,-0.5222719512341962
ACE2_349T,-0.389213142384106
ACE2_349V,-0.2237240072245635
ACE2_349W,0.0
ACE2_349Y,-0.2425184777242625
ACE2_34A,0.9541212516556292
ACE2_34C,-0.3903682718242023
ACE2_34D,-0.6099621444912703
ACE2_34E,-0.35282865352197473
ACE2_34F,-0.7306216688741721
ACE2_34G,-0.2384198681517158
ACE2_34H,0.0
ACE2_34I,-0.44735284286574356
ACE2_34K,-0.561181425948224
ACE2_34L,-0.4575501441902468
ACE2_34M,-0.20437148464780253
ACE2_34N,-0.3137760638169777
ACE2_34P,0.8000522381095725
ACE2_34Q,-0.4825659581577363
ACE2_34R,-0.3239106920529801
ACE2_34S,0.5088929810355207
ACE2_34T,-0.0807916553281156
ACE2_34V,0.8648895379289585
ACE2_34W,-0.09847520228777844
ACE2_34Y,-0.4562287931968694
ACE2_350A,-0.1480897402167369
ACE2_350C,-0.22045630915111378
ACE2_350D,0.0
ACE2_350E,0.035793793497892835
ACE2_350F,0.16519901535219747
ACE2_350G,-0.14456541661649608
ACE2_350H,-0.3492994428055388
ACE2_350I,-0.41541136694762193
ACE2_350K,-0.03873747802528597
ACE2_350L,-0.38230745996387716
ACE2_350M,-0.5153096282360025
ACE2_350N,0.018825113786875375
ACE2_350P,-0.1596470999397953
ACE2_350Q,-0.6046917191450933
ACE2_350R,-0.31722053251053584
ACE2_350S,-0.1562211312462372
ACE2_350T,-0.3988490189644792
ACE2_350V,-0.45703468994581575
ACE2_350W,-0.5233579711017459
ACE2_350Y,-0.2125347077062011
ACE2_351A,-0.09479427092113185
ACE2_351C,-0.022140400060204693
ACE2_351D,-0.8355509822396147
ACE2_351E,-0.7300107633955449
ACE2_351F,0.6673079632751355
ACE2_351G,-0.3131982043949428
ACE2_351H,0.10541424924744129
ACE2_351I,-0.28161449819385914
ACE2_351K,-0.7019100078266105
ACE2_351L,0.0
ACE2_351M,0.22474847140276943
ACE2_351N,-0.3894906730885009
ACE2_351P,-0.16755039524382903
ACE2_351Q,-0.04914342263696568
ACE2_351R,-0.6833879337748344
ACE2_351S,-0.37393809933774835
ACE2_351T,-0.9645885906080675
ACE2_351V,-0.20270069325707407
ACE2_351W,-0.6077134626730885
ACE2_351Y,-0.33974797712221555
ACE2_352A,0.14714858248043347
ACE2_352C,0.16462707826610476
ACE2_352D,-0.23767254063816978
ACE2_352E,-0.38883054726068633
ACE2_352F,0.3124860716435882
ACE2_352G,0.0
ACE2_352H,-0.027892745334136063
ACE2_352I,-0.6358960264900663
ACE2_352K,0.375502693257074
ACE2_352L,-0.30650603160746537
ACE2_352M,0.33778377483443706
ACE2_352N,0.3234740583985551
ACE2_352P,-0.6472875448524985
ACE2_352Q,-0.028330190848886213
ACE2_352R,0.3652577338952438
ACE2_352S,0.23495426279349788
ACE2_352T,0.27034166797110176
ACE2_352V,-0.3086452116195063
ACE2_352W,-0.4005048597230584
ACE2_352Y,0.24347377603853101
ACE2_353A,-0.7999614768211921
ACE2_353C,-0.6469049361830222
ACE2_353D,-0.7350798642384107
ACE2_353E,-0.38817582179409993
ACE2_353F,-0.5136085487658038
ACE2_353G,-0.7579121616496086
ACE2_353H,-0.772978977423239
ACE2_353I,-0.6626540725466586
ACE2_353K,0.0
ACE2_353L,-0.5974355325105358
ACE2_353M,-0.45984219476219146
ACE2_353N,-0.4739486785069235
ACE2_353P,-0.5595407826610476
ACE2_353Q,-0.4510474003612282
ACE2_353R,-0.43410615171583383
ACE2_353S,-0.7606453735701384
ACE2_353T,-0.5111023043347381
ACE2_353V,-0.7598511369656833
ACE2_353W,-0.8182885511739916
ACE2_353Y,-0.5010283937387117
ACE2_354A,-0.5344272387116195
ACE2_354C,-0.5264343732691149
ACE2_354D,-0.4165391848284166
ACE2_354E,-0.5731234196267309
ACE2_354F,-0.6084193106562311
ACE2_354G,0.0
ACE2_354H,-0.2802607790487658
ACE2_354I,-0.7520017694160145
ACE2_354K,-0.975677841962673
ACE2_354L,-0.5812457350993377
ACE2_354M,-0.5241443868151716
ACE2_354N,-0.6413640460565925
ACE2_354P,-0.5398810442504516
ACE2_354Q,-0.7531081237206503
ACE2_354R,-0.6746654765201685
ACE2_354S,-0.5252634662853702
ACE2_354T,-0.6250777405177604
ACE2_354V,-0.5366653242022877
ACE2_354W,-0.5180651279349789
ACE2_354Y,-0.5253084367850692
ACE2_355A,-0.6133727793497893
ACE2_355C,-0.6497499515352196
ACE2_355D,0.0
ACE2_355E,-0.5006838452739314
ACE2_355F,-0.6509678690547862
ACE2_355G,-0.654154133654425
ACE2_355H,-0.7481105897049969
ACE2_355I,-0.7688690951234196
ACE2_355K,-0.9075676086694762
ACE2_355L,-0.6324630791691752
ACE2_355M,-0.6383946505117398
ACE2_355N,-0.2742481595424443
ACE2_355P,-0.7354640698374473
ACE2_355Q,-0.6501628847080073
ACE2_355R,-0.6836104521372667
ACE2_355S,-0.6768755177603852
ACE2_355T,-0.4843589235400361
ACE2_355V,-0.5530261077664057
ACE2_355W,-0.673736404575557
ACE2_355Y,-0.6444958043347382
ACE2_356A,-0.5340032757375075
ACE2_356C,-0.37319873780854906
ACE2_356D,-0.46538423961468994
ACE2_356E,-0.7393532137266707
ACE2_356F,0.0
ACE2_356G,-0.691772149307646
ACE2_356H,-0.2240939358819988
ACE2_356I,-0.5346735948223961
ACE2_356K,-0.5887108826008428
ACE2_356L,-0.3211287046959663
ACE2_356M,-0.38707063907284767
ACE2_356N,-0.2161716402769416
ACE2_356P,-1.08013091089705
ACE2_356Q,-0.30425092474413
ACE2_356R,-0.508115395845876
ACE2_356S,-0.37834690939193255
ACE2_356T,-0.5359902191450934
ACE2_356V,-0.329533813064419
ACE2_356W,-0.3563823937387116
ACE2_356Y,-0.13301054575556895
ACE2_357A,-0.7251175647200481
ACE2_357C,-0.6544062799518363
ACE2_357D,-0.7884055352197471
ACE2_357E,-0.7285917913907285
ACE2_357F,-0.7232443642384107
ACE2_357G,-0.5546476291390728
ACE2_357H,-0.5249721459963876
ACE2_357I,-0.7450930824804335
ACE2_357K,-0.4340433892233594
ACE2_357L,-0.7041694813365442
ACE2_357M,-0.3327177874774232
ACE2_357N,-0.7870450677302829
ACE2_357P,-0.7338952408187838
ACE2_357Q,-0.5200168877182421
ACE2_357R,0.0
ACE2_357S,-0.5719190403371464
ACE2_357T,-0.4107582350993378
ACE2_357V,-0.693119006321493
ACE2_357W,-0.45481681517158334
ACE2_357Y,-0.7018603904274533
ACE2_35A,0.1767179641782059
ACE2_35C,0.5394705442504516
ACE2_35D,0.42562328868151716
ACE2_35E,0.0
ACE2_35F,-0.5338387727272728
ACE2_35G,-0.03109436574352799
ACE2_35H,-0.3009091207104154
ACE2_35I,-0.2116635833835039
ACE2_35K,-0.3610033579169175
ACE2_35L,-0.14547675857916917
ACE2_35M,0.31261905207706203
ACE2_35N,-0.18241366405779652
ACE2_35P,-0.5877432305839856
ACE2_35Q,0.09625006983744731
ACE2_35R,-0.4753649641782059
ACE2_35S,-0.678023343768814
ACE2_35T,-0.6756222895845875
ACE2_35V,0.5249275915111379
ACE2_35W,-0.2905013010234798
ACE2_35Y,-0.5229179316676701
ACE2_366A,0.045121824202287775
ACE2_366C,0.01696601685731487
ACE2_366D,0.10682809933774834
ACE2_366E,-0.1932414852498495
ACE2_366F,0.007428438892233594
ACE2_366G,-0.037660147200481636
ACE2_366H,-0.0431236730885009
ACE2_366I,0.017565681818181817
ACE2_366K,0.0422339611679711
ACE2_366L,-0.025808905177603852
ACE2_366M,0.0
ACE2_366N,-0.45035605538832024
ACE2_366P,-0.20651661589403975
ACE2_366Q,-0.0677260373269115
ACE2_366R,-0.037606083985550876
ACE2_366S,-0.09845486032510535
ACE2_366T,0.01029405418422637
ACE2_366V,-0.01621308579169175
ACE2_366W,0.05604321974714028
ACE2_366Y,0.02919930523780855
ACE2_367A,0.005151280553883203
ACE2_367C,0.13978521252257675
ACE2_367D,0.0
ACE2_367E,0.04541740969295605
ACE2_367F,0.08038389163154726
ACE2_367G,0.053304282962071035
ACE2_367H,-0.18779323630343164
ACE2_367I,-0.037282255869957856
ACE2_367K,-0.02933187477423239
ACE2_367L,0.02406833895243829
ACE2_367M,-0.09159834075857917
ACE2_367N,0.12343713214930764
ACE2_367P,-0.05148033654425045
ACE2_367Q,-0.004875960565924142
ACE2_367R,0.018437898254063816
ACE2_367S,0.07156775647200482
ACE2_367T,0.0816430716435882
ACE2_367V,0.08666015863937387
ACE2_367W,0.017664636664659842
ACE2_367Y,-0.02664338832028898
ACE2_370A,-0.22127012462372064
ACE2_370C,-0.0768054641782059
ACE2_370D,-0.3454546318482841
ACE2_370E,-0.07816649187236605
ACE2_370F,0.056222286574352805
ACE2_370G,-0.1533553299217339
ACE2_370H,-0.16162858308248043
ACE2_370I,-0.08715413154726069
ACE2_370K,-0.07777934828416616
ACE2_370L,0.0
ACE2_370M,0.005208830523780855
ACE2_370N,-0.09354107254665864
ACE2_370P,-0.20716027272727272
ACE2_370Q,0.11345863997591812
ACE2_370R,-0.10599777844671884
ACE2_370S,-0.21077692986152918
ACE2_370T,-0.19266057134256473
ACE2_370V,-0.08056253612281758
ACE2_370W,-0.04477347983142685
ACE2_370Y,0.022907826610475614
ACE2_371A,-0.0599235731487056
ACE2_371C,0.041620646598434674
ACE2_371D,-0.10007596086694763
ACE2_371E,-0.12270259783263095
ACE2_371F,-0.007035300722456351
ACE2_371G,-0.12859454515352198
ACE2_371H,0.028162582179409996
ACE2_371I,0.13528915863937388
ACE2_371K,-0.05850857585791692
ACE2_371L,-0.06628243347381096
ACE2_371M,-0.03749051926550271
ACE2_371N,-0.1176208239012643
ACE2_371P,-0.7182170547862733
ACE2_371Q,-0.01584383624322697
ACE2_371R,0.011146188440698375
ACE2_371S,-0.06980373509933775
ACE2_371T,0.0
ACE2_371V,0.020510935580975314
ACE2_371W,-0.08052940668272124
ACE2_371Y,-0.2657118377483444
ACE2_374A,0.026407670680313064
ACE2_374C,0.08458093708609271
ACE2_374D,0.05963157224563516
ACE2_374E,0.1527138434677905
ACE2_374F,-0.20911637296809152
ACE2_374G,0.030699062010836848
ACE2_374H,0.0
ACE2_374I,0.02777824413004214
ACE2_374K,0.13695528326309453
ACE2_374L,0.0012998326309452137
ACE2_374M,0.08299049638771824
ACE2_374N,0.17961063847080072
ACE2_374P,-0.48248919596628537
ACE2_374Q,0.10674209452137266
ACE2_374R,0.033326809452137264
ACE2_374S,0.09086750752558699
ACE2_374T,0.05441422125225768
ACE2_374V,0.0674876207104154
ACE2_374W,-0.06392659331727875
ACE2_374Y,0.012436451836243225
ACE2_378A,0.14582426038531004
ACE2_378C,0.1799217447320891
ACE2_378D,0.10705480222757376
ACE2_378E,0.2325975508729681
ACE2_378F,0.12180070740517761
ACE2_378G,0.05207779169175195
ACE2_378H,0.0
ACE2_378I,-0.07970129801324503
ACE2_378K,0.22697410776640575
ACE2_378L,0.20377498585189643
ACE2_378M,-0.032456900361228176
ACE2_378N,0.09298170891029499
ACE2_378P,-0.5298807227573751
ACE2_378Q,0.11901025857916918
ACE2_378R,0.250314551475015
ACE2_378S,0.08987189283564118
ACE2_378T,0.2076172808549067
ACE2_378V,0.1193039656833233
ACE2_378W,-0.06132718452739313
ACE2_378Y,-0.06224458880192654
ACE2_37A,-0.3749881207104154
ACE2_37C,-0.8612541914509331
ACE2_37D,-0.5054457116195062
ACE2_37E,0.0
ACE2_37F,-0.7754323470800721
ACE2_37G,-0.49377773419626725
ACE2_37H,-0.6240563660445515
ACE2_37I,-0.8279306520168572
ACE2_37K,-0.40637765261890424
ACE2_37L,-0.3370651222155328
ACE2_37M,-0.35679014238410595
ACE2_37N,-0.6160698612281758
ACE2_37P,-0.28558275857916915
ACE2_37Q,-0.31312213094521374
ACE2_37R,-0.5872549373871162
ACE2_37S,-0.5576972907886816
ACE2_37T,-0.3419380930162553
ACE2_37V,-0.45066015412402166
ACE2_37W,-0.5353590487658038
ACE2_37Y,-0.6259243407585792
ACE2_382A,0.09831895003010234
ACE2_382C,-0.01543458850090307
ACE2_382D,0.0
ACE2_382E,0.07100040066225166
ACE2_382F,0.15184390517760385
ACE2_382G,-0.10101506020469597
ACE2_382H,0.08610901324503312
ACE2_382I,0.40066867971101744
ACE2_382K,-0.339733858217941
ACE2_382L,-0.23296004575556895
ACE2_382M,-0.008195772125225768
ACE2_382N,-0.08941884978928355
ACE2_382P,-0.3571836393738712
ACE2_382Q,0.2029570012040939
ACE2_382R,-0.27190774924744127
ACE2_382S,0.11399291782059001
ACE2_382T,0.07108593527995183
ACE2_382V,0.3287969202287779
ACE2_382W,-0.519107745936183
ACE2_382Y,-0.09089156140878989
ACE2_383A,-0.27165709422034917
ACE2_383C,-0.19565604455147503
ACE2_383D,-0.3880810186634558
ACE2_383E,0.04394070349187237
ACE2_383F,-0.23647772426249247
ACE2_383G,-0.3500009099939795
ACE2_383H,-0.22321149428055387
ACE2_383I,-0.07062404425045153
ACE2_383K,-0.22531059482239613
ACE2_383L,-0.27032896628537023
ACE2_383M,0.0
ACE2_383N,-0.6535540358217942
ACE2_383P,-0.6891742396146899
ACE2_383Q,-0.27253949819385914
ACE2_383R,-0.13174169807344974
ACE2_383S,-0.15393615081276338
ACE2_383T,0.20356714990969293
ACE2_383V,0.0688058446718844
ACE2_383W,-0.6196970885009031
ACE2_383Y,-0.3673168518964479
ACE2_386A,0.0
ACE2_386C,-0.198925731487056
ACE2_386D,-0.07081689735099338
ACE2_386E,-0.2589945623118603
ACE2_386F,-0.6004068669476219
ACE2_386G,-0.1807038389524383
ACE2_386H,-0.5314237959060807
ACE2_386I,0.4971666818181818
ACE2_386K,-0.6871904145093317
ACE2_386L,0.8062298214930764
ACE2_386M,0.09750358639373871
ACE2_386N,-0.24846598976520168
ACE2_386P,-0.4907493741721854
ACE2_386Q,-0.4773126149909693
ACE2_386R,-0.5157471282360024
ACE2_386S,-0.13050731878386512
ACE2_386T,-0.10866030553883203
ACE2_386V,-0.22139370529801325
ACE2_386W,-0.5264817375075256
ACE2_386Y,-0.41835358579169174
ACE2_387A,0.0
ACE2_387C,0.21737558428657436
ACE2_387D,-0.04169384948826008
ACE2_387E,0.07323188320288983
ACE2_387F,-0.03406285851896448
ACE2_387G,0.06360229319686934
ACE2_387H,0.19659406321493078
ACE2_387I,0.18489330072245633
ACE2_387K,-0.31644507916917514
ACE2_387L,-0.0883505192655027
ACE2_387M,-0.024640576760987357
ACE2_387N,0.13085468242022877
ACE2_387P,0.06805750571944612
ACE2_387Q,0.08142021071643588
ACE2_387R,-0.04101466104756171
ACE2_387S,0.08492546688741723
ACE2_387T,-0.012935175195665262
ACE2_387V,0.07460789343768814
ACE2_387W,0.19477809873570137
ACE2_387Y,0.2320971270319085
ACE2_388A,-0.1674350800722456
ACE2_388C,0.06162469626730885
ACE2_388D,-0.7203065562913906
ACE2_388E,-0.397080007525587
ACE2_388F,-0.5462663022275738
ACE2_388G,-0.29434595394340757
ACE2_388H,0.038101635159542444
ACE2_388I,-0.41860679771222153
ACE2_388K,-0.31194578326309447
ACE2_388L,-0.3264500999397953
ACE2_388M,-0.2428807055990367
ACE2_388N,-0.09679628175797712
ACE2_388P,-1.0069218172787477
ACE2_388Q,0.0
ACE2_388R,-0.26911641270319087
ACE2_388S,-0.3150655626128838
ACE2_388T,-0.1109624867549669
ACE2_388V,-0.18646214238410597
ACE2_388W,-0.41640538019265505
ACE2_388Y,-0.7136746222155328
ACE2_389A,0.022976993979530402
ACE2_389C,-0.12194938771824201
ACE2_389D,0.4702928540036123
ACE2_389E,0.2796196369656833
ACE2_389F,-0.15578282209512342
ACE2_389G,-0.16372553762793499
ACE2_389H,-0.12062921673690548
ACE2_389I,-0.7292465234798313
ACE2_389K,-0.2739694689945816
ACE2_389L,-0.4148971935580975
ACE2_389M,-0.30282339464178204
ACE2_389N,0.09589221161950633
ACE2_389P,0.0
ACE2_389Q,-0.16389871222155328
ACE2_389R,-0.511643439795304
ACE2_389S,0.014096640878988561
ACE2_389T,-0.09488928717639976
ACE2_389V,-0.3637157811559301
ACE2_389W,-0.2360703160746538
ACE2_389Y,-0.36851063576158943
ACE2_38A,-0.591919723359422
ACE2_38C,-0.7075667937989163
ACE2_38D,0.0
ACE2_38E,-0.28922073841059603
ACE2_38F,-0.6631528371462974
ACE2_38G,-0.463412074653823
ACE2_38H,-0.5966799292594822
ACE2_38I,-0.6302186941601444
ACE2_38K,-0.618045111679711
ACE2_38L,-0.5805187287778446
ACE2_38M,-0.46656122456351595
ACE2_38N,-0.37483082751354607
ACE2_38P,-0.7446838961468994
ACE2_38Q,-0.47705678747742325
ACE2_38R,-0.7126778967489464
ACE2_38S,-0.6158730153521974
ACE2_38T,-0.5527793031306442
ACE2_38V,-0.5911302585791692
ACE2_38W,-0.7253813413606262
ACE2_38Y,-0.7607119226369657
ACE2_390A,-0.342588388320289
ACE2_390C,-0.40791434045755565
ACE2_390D,-0.6362750015051174
ACE2_390E,-0.6365288127633955
ACE2_390F,0.0
ACE2_390G,-0.5457285415412402
ACE2_390H,-0.5483703290186634
ACE2_390I,-0.3381953699578567
ACE2_390K,-0.2976335192655027
ACE2_390L,-0.2347354792293799
ACE2_390M,-0.17112711770018063
ACE2_390N,-0.3453976634557495
ACE2_390P,-0.36628574714027695
ACE2_390Q,-0.40520353371462975
ACE2_390R,-0.4386779187236604
ACE2_390S,-0.27543371101745934
ACE2_390T,-0.3868869738109572
ACE2_390V,-0.34959430764599636
ACE2_390W,-0.44376373750752557
ACE2_390Y,-0.28663416044551476
ACE2_393A,0.2869764635761589
ACE2_393C,-0.01564321131848284
ACE2_393D,-0.6893492441300422
ACE2_393E,-0.16579515352197471
ACE2_393F,-0.5983862212522576
ACE2_393G,-0.0800256210114389
ACE2_393H,0.07278822606863336
ACE2_393I,-0.4520178759783263
ACE2_393K,0.5958833774834438
ACE2_393L,-0.08222929891631547
ACE2_393M,0.29615718452739315
ACE2_393N,-0.23600729741119805
ACE2_393P,-0.5355281237206502
ACE2_393Q,0.023455299819385912
ACE2_393R,0.0
ACE2_393S,-0.0636730358217941
ACE2_393T,-0.04539460355207706
ACE2_393V,-0.5059828010234798
ACE2_393W,-0.6961750132450332
ACE2_393Y,-0.6019988988561108
ACE2_394A,-0.019002352498494884
ACE2_394C,0.06248284196267309
ACE2_394D,0.08825468091511139
ACE2_394E,0.1467598284166165
ACE2_394F,0.03405670860927153
ACE2_394G,-0.012047446718844071
ACE2_394H,0.125861962372065
ACE2_394I,0.10506286363636362
ACE2_394K,0.1267684596628537
ACE2_394L,0.00996551776038531
ACE2_394M,0.04757826038531006
ACE2_394N,0.0
ACE2_394P,-0.5239329048765804
ACE2_394Q,-0.025632208609271522
ACE2_394R,0.17488565562913908
ACE2_394S,0.07973792263696568
ACE2_394T,-0.08949623148705599
ACE2_394V,-0.0011652185430463576
ACE2_394W,0.12044964148103551
ACE2_394Y,0.17871939193257075
ACE2_398A,-0.16121290818783865
ACE2_398C,0.029742496688741724
ACE2_398D,0.05932064238410596
ACE2_398E,0.0
ACE2_398F,-0.022696128838049365
ACE2_398G,0.01111651715833835
ACE2_398H,-0.24240192444310657
ACE2_398I,-0.13863872606863334
ACE2_398K,0.06194986634557495
ACE2_398L,-0.06666169024683925
ACE2_398M,-0.02964717639975918
ACE2_398N,0.043475668573148704
ACE2_398P,-0.0448431983744732
ACE2_398Q,0.08723589072847682
ACE2_398R,0.007218557194461168
ACE2_398S,-0.03014111649608669
ACE2_398T,-0.08024210355207706
ACE2_398V,-0.17197707224563513
ACE2_398W,-0.053543080674292594
ACE2_398Y,-0.06445333323299218
ACE2_39A,0.28425994972907886
ACE2_39C,0.23809420891029498
ACE2_39D,-0.38088137808549066
ACE2_39E,0.2029310614087899
ACE2_39F,0.07153753491872365
ACE2_39G,0.22113862883804938
ACE2_39H,0.20123207947019867
ACE2_39I,0.37128125677302826
ACE2_39K,0.6742640689343768
ACE2_39L,0.0
ACE2_39M,0.14396454124021674
ACE2_39N,0.15140279771222154
ACE2_39P,0.04189886363636364
ACE2_39Q,0.28092414960866946
ACE2_39R,0.7202156776038532
ACE2_39S,0.03919993859121012
ACE2_39T,0.07400725707405179
ACE2_39V,0.31507133865141485
ACE2_39W,-0.010491423841059604
ACE2_39Y,0.08105557134256472
ACE2_401A,-0.07493351535219747
ACE2_401C,-0.14748588771824203
ACE2_401D,-0.05920373991571343
ACE2_401E,0.0710234701986755
ACE2_401F,-0.37099421673690547
ACE2_401G,0.07127462161348586
ACE2_401H,0.0
ACE2_401I,-0.012908191149909692
ACE2_401K,-0.20113473660445513
ACE2_401L,-0.20989843949428055
ACE2_401M,-0.19189933624322697
ACE2_401N,0.09759535490668271
ACE2_401P,-0.01627229771222155
ACE2_401Q,-0.12794837266706802
ACE2_401R,-0.028479845875978325
ACE2_401S,0.18110822004816374
ACE2_401T,0.004293453040337146
ACE2_401V,-0.11953628145695364
ACE2_401W,-0.09394370860927152
ACE2_401Y,0.06179033413606261
ACE2_402A,0.067406201384708
ACE2_402C,-0.10430097170379289
ACE2_402D,-0.11000011378687537
ACE2_402E,0.0
ACE2_402F,0.0714551881396749
ACE2_402G,0.015411725767609873
ACE2_402H,0.005169779349789284
ACE2_402I,-0.18222931366646597
ACE2_402K,0.08810317700180613
ACE2_402L,-0.04457954665863938
ACE2_402M,0.0030997447320891026
ACE2_402N,-0.0851606237206502
ACE2_402P,-0.01719041330523781
ACE2_402Q,0.011188682119205299
ACE2_402R,-0.159719813666466
ACE2_402S,0.023081647802528596
ACE2_402T,-0.10015966255267911
ACE2_402V,0.026815652618904274
ACE2_402W,-0.036786864539434076
ACE2_402Y,-0.13897070529801325
ACE2_406A,0.175490067128236
ACE2_406C,-0.048381871763997594
ACE2_406D,0.018174055990367248
ACE2_406E,0.0
ACE2_406F,-0.08169128988561108
ACE2_406G,0.12624461739915713
ACE2_406H,-0.0675807715231788
ACE2_406I,-0.07392683925346176
ACE2_406K,0.04533546297411198
ACE2_406L,0.03647939313666466
ACE2_406M,-0.023409471402769416
ACE2_406N,-0.01652533564118001
ACE2_406P,0.05005575617098134
ACE2_406Q,0.18117263907284767
ACE2_406R,-0.06554005599036725
ACE2_406S,0.18751187357013846
ACE2_406T,0.035770845273931366
ACE2_406V,-0.056328128838049364
ACE2_406W,-0.11782154575556893
ACE2_406Y,-0.02127131426851294
ACE2_409A,0.18438514057796507
ACE2_409C,0.03824221854304636
ACE2_409D,-0.06554690939193257
ACE2_409E,-0.04153032901866345
ACE2_409F,-0.10655980162552679
ACE2_409G,0.10094652709211317
ACE2_409H,-0.09200935400361229
ACE2_409I,-0.018018579169175195
ACE2_409K,-0.05770168723660445
ACE2_409L,0.009374564419024683
ACE2_409M,-0.022858919927754365
ACE2_409N,0.09318929500301024
ACE2_409P,-0.12382807585791691
ACE2_409Q,0.01828994701986755
ACE2_409R,0.039256574653823
ACE2_409S,0.0
ACE2_409T,0.09077610325105359
ACE2_409V,0.009467831125827815
ACE2_409W,-0.027163487959060807
ACE2_409Y,-0.12837773660445514
ACE2_40A,0.20275091330523778
ACE2_40C,0.2531853524984949
ACE2_40D,0.5130627573750752
ACE2_40E,0.3541098750752559
ACE2_40F,0.0
ACE2_40G,-0.09796516676700784
ACE2_40H,-0.04654696809151114
ACE2_40I,-0.2228184906682721
ACE2_40K,0.40450576219145096
ACE2_40L,0.13517511107766406
ACE2_40M,0.20380378627332932
ACE2_40N,0.21582946688741722
ACE2_40P,-0.5057018049367851
ACE2_40Q,0.1663459551475015
ACE2_40R,0.45705091541240217
ACE2_40S,0.08105539825406383
ACE2_40T,-0.24340812311860324
ACE2_40V,-0.12006429500301023
ACE2_40W,-0.022905943106562313
ACE2_40Y,-0.013516197772426249
ACE2_41A,-0.5353016598434678
ACE2_41C,-0.4987946065623119
ACE2_41D,-0.6475841068633353
ACE2_41E,-0.6446179993979531
ACE2_41F,-0.658167090307044
ACE2_41G,-0.6538528193859121
ACE2_41H,-0.3610541243226971
ACE2_41I,-1.058692201986755
ACE2_41K,-0.750087730282962
ACE2_41L,-0.3802108904274533
ACE2_41M,-0.5281865
ACE2_41N,-0.5273637501505117
ACE2_41P,-0.7188285960264901
ACE2_41Q,-0.341632462372065
ACE2_41R,0.5057284124021674
ACE2_41S,-0.48968027092113187
ACE2_41T,-0.5501773040337147
ACE2_41V,-0.5592003853100541
ACE2_41W,-0.6737926959662854
ACE2_41Y,0.0
ACE2_42A,-0.4612145761589404
ACE2_42C,0.8592068771824202
ACE2_42D,-0.6519343199879591
ACE2_42E,-0.46497282119205297
ACE2_42F,-0.5140836550270921
ACE2_42G,-0.19858487236604455
ACE2_42H,0.4203369160144491
ACE2_42I,0.5147813982540638
ACE2_42K,0.5205429626730885
ACE2_42L,0.825444708308248
ACE2_42M,0.746454673088501
ACE2_42N,-0.4327958040337146
ACE2_42P,-0.5908672730282962
ACE2_42Q,0.0
ACE2_42R,0.25174745304033713
ACE2_42S,-0.33288071854304635
ACE2_42T,0.11867686453943406
ACE2_42V,0.5768467278747742
ACE2_42W,-0.7332956372667069
ACE2_42Y,-0.6554786441902468
ACE2_438A,-0.051399683323299215
ACE2_438C,-0.019794737808549068
ACE2_438D,-0.26781905147501506
ACE2_438E,0.03927072787477423
ACE2_438F,0.0
ACE2_438G,-0.013965769717037928
ACE2_438H,-0.02101463937387116
ACE2_438I,0.011164705900060204
ACE2_438K,-0.030631691450933172
ACE2_438L,0.015321601444912701
ACE2_438M,-0.06220361679711017
ACE2_438N,0.10922621703792897
ACE2_438P,-0.6902998181818182
ACE2_438Q,-0.0592799984948826
ACE2_438R,-0.022412021372667068
ACE2_438S,-0.006624726068633353
ACE2_438T,-0.12109875496688742
ACE2_438V,-0.034557401565322096
ACE2_438W,0.0730779313666466
ACE2_438Y,0.06307805117399157
ACE2_441A,0.09527539644792295
ACE2_441C,-0.004769203190848887
ACE2_441D,-0.04399940096327514
ACE2_441E,-0.03139621101745936
ACE2_441F,0.08854234858518964
ACE2_441G,0.01564222817579771
ACE2_441H,0.03530544972907887
ACE2_441I,-0.12285131848284166
ACE2_441K,0.0
ACE2_441L,-0.039499752257676095
ACE2_441M,0.08945659211318482
ACE2_441N,0.035869686032510534
ACE2_441P,-0.4868404157134256
ACE2_441Q,0.10442369385912101
ACE2_441R,0.09408178326309452
ACE2_441S,0.059509698073449725
ACE2_441T,0.04830045514750151
ACE2_441V,-0.023010474413004217
ACE2_441W,-0.01339576821192053
ACE2_441Y,0.011119990066225166
ACE2_442A,-0.08723682781456954
ACE2_442C,-0.11551172606863334
ACE2_442D,-0.004611998795906081
ACE2_442E,0.047781227272727274
ACE2_442F,-0.2721122965081276
ACE2_442G,-0.023509012642986153
ACE2_442H,-0.037063216134858516
ACE2_442I,-0.5066800927152318
ACE2_442K,0.015739454545454546
ACE2_442L,-0.30541496177001803
ACE2_442M,-0.19904267971101744
ACE2_442N,-0.2608993543046358
ACE2_442P,-0.440702731487056
ACE2_442Q,0.0
ACE2_442R,-0.03247588982540638
ACE2_442S,-0.18310177483443707
ACE2_442T,-0.011967148705599036
ACE2_442V,-0.34070259181216134
ACE2_442W,-0.3462441246237207
ACE2_442Y,-0.2923949461167971
ACE2_445A,-0.002519332329921734
ACE2_445C,-0.11792354876580373
ACE2_445D,0.015072137266706802
ACE2_445E,-0.03573679590608067
ACE2_445F,0.04160178476821192
ACE2_445G,0.06639219686935581
ACE2_445H,0.10935686092715231
ACE2_445I,-0.11263037055990367
ACE2_445K,0.04811631155930163
ACE2_445L,-0.0726837104154124
ACE2_445M,0.1272174614689946
ACE2_445N,-0.1153770267910897
ACE2_445P,-0.012452372065021072
ACE2_445Q,0.15368908127633957
ACE2_445R,0.08792007585791692
ACE2_445S,0.012996170379289585
ACE2_445T,0.0
ACE2_445V,-0.06323235099337748
ACE2_445W,-0.07638865261890428
ACE2_445Y,-0.013531800421432871
ACE2_446A,0.14095819957856712
ACE2_446C,0.07736733052378085
ACE2_446D,-0.10209487055990367
ACE2_446E,-0.2822726213124624
ACE2_446F,0.060443713425647194
ACE2_446G,-0.43741379560505717
ACE2_446H,0.017111631848284167
ACE2_446I,0.0
ACE2_446K,-0.06033183172787478
ACE2_446L,-0.014285583383503914
ACE2_446M,0.017812110776640577
ACE2_446N,-0.05418019175195665
ACE2_446P,-0.6169379750150512
ACE2_446Q,0.14562489524382902
ACE2_446R,-0.13154585310054184
ACE2_446S,0.017814471101745936
ACE2_446T,0.1286806444912703
ACE2_446V,-0.06083353672486454
ACE2_446W,-0.03316438922335942
ACE2_446Y,0.03209712582781457
ACE2_45A,-0.6245011300421434
ACE2_45C,-0.6732620842865743
ACE2_45D,-0.4963589858518964
ACE2_45E,-0.7028630117399157
ACE2_45F,-0.18239358458759786
ACE2_45G,-0.7455742582781456
ACE2_45H,-0.3897395526791089
ACE2_45I,0.061583397049969894
ACE2_45K,-0.6453822814569536
ACE2_45L,0.0
ACE2_45M,-0.0339542865743528
ACE2_45N,-0.5335882417218543
ACE2_45P,-0.44566543738711617
ACE2_45Q,-0.5941957950030102
ACE2_45R,-0.6337788540036122
ACE2_45S,-0.502186454244431
ACE2_45T,-0.19676748404575556
ACE2_45V,-0.4338910779650813
ACE2_45W,-0.648319544551475
ACE2_45Y,-0.4002396303431668
ACE2_46A,0.0
ACE2_46C,-0.2790901062612884
ACE2_46D,-0.23839065773630344
ACE2_46E,-0.4302415544852498
ACE2_46F,-0.3190263702588802
ACE2_46G,-0.318196574653823
ACE2_46H,-0.07908009813365442
ACE2_46I,-0.3571064057796508
ACE2_46K,-0.41896867429259477
ACE2_46L,-0.3284501815171583
ACE2_46M,-0.24635216465984347
ACE2_46N,-0.1386992922937989
ACE2_46P,-0.5529986742925949
ACE2_46Q,-0.3563453058398555
ACE2_46R,-0.4101613308248044
ACE2_46S,-0.16194055298013244
ACE2_46T,-0.19945911860325102
ACE2_46V,-0.36581022877784464
ACE2_46W,-0.38094222937989164
ACE2_46Y,-0.18314654996989765
ACE2_48A,-0.6791972360024082
ACE2_48C,-0.6225697492474414
ACE2_48D,-0.7978187561709813
ACE2_48E,-0.7404534214328717
ACE2_48F,-0.8693271559301625
ACE2_48G,-0.752716454846478
ACE2_48H,-1.0582580806742925
ACE2_48I,-1.27617802769416
ACE2_48K,-1.3663593964479228
ACE2_48L,-0.6906146288380494
ACE2_48M,-0.6993434075857916
ACE2_48N,-1.0190869810355208
ACE2_48P,-0.9529779771222155
ACE2_48Q,-0.9536213521974714
ACE2_48R,-0.4269453642384106
ACE2_48S,-0.8129678561107766
ACE2_48T,-1.0439860770620109
ACE2_48V,-0.6534782074051776
ACE2_48W,0.0
ACE2_48Y,-0.9130688416616496
ACE2_49A,0.21432028145695364
ACE2_49C,-0.44446186785069236
ACE2_49D,0.4275667251655629
ACE2_49E,0.2550387612883805
ACE2_49F,-0.574822237206502
ACE2_49G,-0.13570381005418422
ACE2_49H,-0.22902379771222156
ACE2_49I,-0.1999684789283564
ACE2_49K,-0.2304127820590006
ACE2_49L,-0.3287612357013847
ACE2_49M,-0.010637061107766405
ACE2_49N,0.0
ACE2_49P,-0.6524435325105359
ACE2_49Q,-0.16609735912101145
ACE2_49R,-0.5800840430463576
ACE2_49S,0.01292526700782661
ACE2_49T,0.06281379319686935
ACE2_49V,-0.4045376646598434
ACE2_49W,-0.5415357940999398
ACE2_49Y,-0.1762054045755569
ACE2_504A,-0.011977925647200481
ACE2_504C,-0.1291519148103552
ACE2_504D,-0.05966253702588802
ACE2_504E,-0.025041701083684524
ACE2_504F,0.0
ACE2_504G,0.026441397350993375
ACE2_504H,0.08471882600842866
ACE2_504I,-0.09988063214930765
ACE2_504K,0.0746902149307646
ACE2_504L,-0.01070463967489464
ACE2_504M,-0.05855874443106562
ACE2_504N,0.0394119313666466
ACE2_504P,0.053155321192052976
ACE2_504Q,0.08583953371462974
ACE2_504R,-0.08052627844671885
ACE2_504S,-0.007585763094521373
ACE2_504T,0.014317012944009633
ACE2_504V,-0.08160510355207705
ACE2_504W,0.08954343527995183
ACE2_504Y,0.03344932751354606
ACE2_505A,0.060416241420830824
ACE2_505C,-0.06622491541240216
ACE2_505D,-0.02283489885611078
ACE2_505E,0.059357043347381094
ACE2_505F,-0.07408363184828416
ACE2_505G,0.0070455
ACE2_505H,0.0
ACE2_505I,-0.06109518332329922
ACE2_505K,-0.002380637567730283
ACE2_505L,-0.06071301083684528
ACE2_505M,-0.04228035279951836
ACE2_505N,-0.05059532661047562
ACE2_505P,0.037070364539434075
ACE2_505Q,0.07284748856110776
ACE2_505R,-0.10392481998795906
ACE2_505S,0.08230314870559903
ACE2_505T,-0.12321840547862734
ACE2_505V,-0.028041376881396747
ACE2_505W,-0.17083390246839253
ACE2_505Y,0.002846534015653221
ACE2_509A,-0.14354586303431666
ACE2_509C,-0.3928573341360626
ACE2_509D,0.0
ACE2_509E,-0.012627023780854906
ACE2_509F,-0.5404601369656833
ACE2_509G,0.06795824262492474
ACE2_509H,0.007740841059602649
ACE2_509I,-0.3926206496086695
ACE2_509K,-0.10497001294400964
ACE2_509L,-0.5347319542444311
ACE2_509M,-0.5241963696568332
ACE2_509N,-0.12455685279951836
ACE2_509P,-0.507741365743528
ACE2_509Q,-0.3782985135460566
ACE2_509R,-0.2970885207706201
ACE2_509S,-0.11381694972907887
ACE2_509T,-0.14053885039133052
ACE2_509V,-0.43730874172185435
ACE2_509W,-0.5353589885611078
ACE2_509Y,-0.28384163034316673
ACE2_50A,-0.15523913666465983
ACE2_50C,-0.23167113967489464
ACE2_50D,-0.41355186363636365
ACE2_50E,-0.31042085039133055
ACE2_50F,-0.16115603792895847
ACE2_50G,-0.3571322510535822
ACE2_50H,-0.20144769325707404
ACE2_50I,-0.47058703822998194
ACE2_50K,-0.7461954590608068
ACE2_50L,-0.36399812191450936
ACE2_50M,-0.21379818362432268
ACE2_50N,-0.49885482510535817
ACE2_50P,-0.5480429741119808
ACE2_50Q,-0.30111364087898856
ACE2_50R,-0.3572912281757977
ACE2_50S,-0.4084041189042745
ACE2_50T,-0.36329668031306445
ACE2_50V,-0.3856426219145094
ACE2_50W,0.0577785060204696
ACE2_50Y,0.0
ACE2_510A,0.06317145093317278
ACE2_510C,-0.012750288079470198
ACE2_510D,-0.0016526438892233593
ACE2_510E,-0.015569020469596627
ACE2_510F,0.04496139644792294
ACE2_510G,-0.0024966754966887416
ACE2_510H,0.07405700662251656
ACE2_510I,0.026304327814569536
ACE2_510K,0.044256186333534016
ACE2_510L,0.12990042564720047
ACE2_510M,0.09112447411198073
ACE2_510N,0.04629198856110777
ACE2_510P,-0.26972515352197474
ACE2_510Q,-0.041901447019867546
ACE2_510R,0.04707211649608669
ACE2_510S,-0.06891122034918723
ACE2_510T,-0.1633877850692354
ACE2_510V,0.05673336694762192
ACE2_510W,-0.00681389313666466
ACE2_510Y,0.0
ACE2_511A,0.014148100240818784
ACE2_511C,-0.045060123118603246
ACE2_511D,0.3237123314268513
ACE2_511E,0.15155034316676702
ACE2_511F,0.016204027092113184
ACE2_511G,0.03205094942805539
ACE2_511H,-0.07349136815171584
ACE2_511I,-0.02606597591812161
ACE2_511K,-0.04511701173991571
ACE2_511L,-0.2578925343166767
ACE2_511M,-0.03491652077062011
ACE2_511N,0.12143629169175196
ACE2_511P,-0.029055790186634557
ACE2_511Q,0.15235289313666464
ACE2_511R,-0.02941305538832029
ACE2_511S,0.0
ACE2_511T,0.04459371312462372
ACE2_511V,0.03295101354605659
ACE2_511W,-0.23115567940999399
ACE2_511Y,-0.06335746327513546
ACE2_512A,0.05595476730885009
ACE2_512C,-0.1152700045153522
ACE2_512D,-0.005294708007224563
ACE2_512E,-0.007262263997591812
ACE2_512F,0.0
ACE2_512G,0.016830740517760383
ACE2_512H,-0.2167905207706201
ACE2_512I,0.0022739717037928956
ACE2_512K,-0.3316154867549669
ACE2_512L,-0.0697321195063215
ACE2_512M,0.07042758398555087
ACE2_512N,0.0028308485851896445
ACE2_512P,-0.26385492865743526
ACE2_512Q,-0.087381059602649
ACE2_512R,-0.13551861980734498
ACE2_512S,-0.06874868844069838
ACE2_512T,0.042326026490066226
ACE2_512V,-0.04635679409993979
ACE2_512W,0.07652474503311259
ACE2_512Y,0.058897992474413
ACE2_514A,0.01746509030704395
ACE2_514C,-0.0399411180012041
ACE2_514D,0.05934697019867549
ACE2_514E,0.12344757796508128
ACE2_514F,-0.09939152709211319
ACE2_514G,-0.07283897110174593
ACE2_514H,0.013767154124021673
ACE2_514I,-0.13788529139072847
ACE2_514K,0.16973369987959058
ACE2_514L,-0.01030644762191451
ACE2_514M,-0.07763219777242625
ACE2_514N,-0.042122627031908486
ACE2_514P,0.07421163305237809
ACE2_514Q,0.11601310987357014
ACE2_514R,0.0
ACE2_514S,-0.07549464569536424
ACE2_514T,0.0009565276941601445
ACE2_514V,-0.011150835641180011
ACE2_514W,-0.05731453943407586
ACE2_514Y,-0.16429994340758577
ACE2_515A,-0.04704924954846478
ACE2_515C,-0.18576824021673688
ACE2_515D,0.06183074714027694
ACE2_515E,-0.059752081276339554
ACE2_515F,0.08673328898254064
ACE2_515G,-0.1327858973509934
ACE2_515H,0.01425251806140879
ACE2_515I,0.051335312462372065
ACE2_515K,-0.09756500120409392
ACE2_515L,0.011751253160746537
ACE2_515M,0.10607338350391331
ACE2_515N,-0.19063518392534615
ACE2_515P,0.02179566074653823
ACE2_515Q,-0.11672167850692354
ACE2_515R,-0.026323635159542447
ACE2_515S,0.0010512649006622517
ACE2_515T,0.06220731697772426
ACE2_515V,0.05846087688139675
ACE2_515W,0.04537517068031307
ACE2_515Y,0.0
ACE2_518A,0.16031430704394942
ACE2_518C,-0.15388227062010837
ACE2_518D,-0.46214849789283563
ACE2_518E,-0.09980735580975315
ACE2_518F,-0.1927899539434076
ACE2_518G,0.48740065352197476
ACE2_518H,-0.006633333835039132
ACE2_518I,-0.3271142254665864
ACE2_518K,-0.006774780854906683
ACE2_518L,-0.183791895845876
ACE2_518M,0.06172773961468995
ACE2_518N,-0.05881093889223359
ACE2_518P,-0.385931790487658
ACE2_518Q,-0.06785986694762192
ACE2_518R,0.0
ACE2_518S,0.02106344671884407
ACE2_518T,-0.10259509030704395
ACE2_518V,-0.12500693708609273
ACE2_518W,-0.12490939434075858
ACE2_518Y,-0.2964662209512342
ACE2_51A,0.005877772125225767
ACE2_51C,-0.1052792624924744
ACE2_51D,-0.15077224503311257
ACE2_51E,-0.45091531727874773
ACE2_51F,-0.13597580072245635
ACE2_51G,-0.2787823756773028
ACE2_51H,-0.021197940999397955
ACE2_51I,-0.17376394220349187
ACE2_51K,0.12051505538832029
ACE2_51L,-0.26932058669476217
ACE2_51M,-0.138069522576761
ACE2_51N,0.0
ACE2_51P,-0.5898674099939796
ACE2_51Q,-0.24571069114990968
ACE2_51R,-0.0603507194461168
ACE2_51S,-0.3169110141481035
ACE2_51T,-0.3952003850090307
ACE2_51V,-0.2562247004816376
ACE2_51W,-0.11954430102347983
ACE2_51Y,-0.058251887718242024
ACE2_54A,-0.11042578537025888
ACE2_54C,-0.16087551505117398
ACE2_54D,-0.19981525617098134
ACE2_54E,-0.11709266044551474
ACE2_54F,-0.1741908714629741
ACE2_54G,-0.060946998494882595
ACE2_54H,-0.2848014078868152
ACE2_54I,0.0
ACE2_54K,-0.1643752579771222
ACE2_54L,-0.051002779650812756
ACE2_54M,-0.0930771225165563
ACE2_54N,-0.2653063955448525
ACE2_54P,-0.021175096327513545
ACE2_54Q,-0.09336116857314872
ACE2_54R,-0.20514793016255267
ACE2_54S,-0.17882271944611677
ACE2_54T,-0.13167671824202287
ACE2_54V,0.03486372998193859
ACE2_54W,-0.041049258579169176
ACE2_54Y,-0.15624820860927152
ACE2_56A,0.09682510987357014
ACE2_56C,-0.13817332059000603
ACE2_56D,-0.05594241089704997
ACE2_56E,0.0
ACE2_56F,-0.13844664388922334
ACE2_56G,-0.22851963245033113
ACE2_56H,-0.23587624172185429
ACE2_56I,-0.09916242775436485
ACE2_56K,0.13039056773028296
ACE2_56L,0.003308009030704395
ACE2_56M,0.09738603160746538
ACE2_56N,-0.07818654154124022
ACE2_56P,0.0857923955448525
ACE2_56Q,-0.013593512944009633
ACE2_56R,-0.1103309030704395
ACE2_56S,-0.045856456953642384
ACE2_56T,0.026342098735701383
ACE2_56V,-0.0002964560505719446
ACE2_56W,0.007681089102950031
ACE2_56Y,-0.07874583925346176
ACE2_57A,-0.17706058157736304
ACE2_57C,-0.3492317745334136
ACE2_57D,-0.12249574081878385
ACE2_57E,0.0
ACE2_57F,-0.25078060746538233
ACE2_57G,-0.11095063606261288
ACE2_57H,-0.4028237507525587
ACE2_57I,-0.2947926556291391
ACE2_57K,-0.19036562462372064
ACE2_57L,-0.20201450993377482
ACE2_57M,-0.27900629620710415
ACE2_57N,-0.4633128229981939
ACE2_57P,-0.2805008308248043
ACE2_57Q,-0.2731847724262493
ACE2_57R,-0.20476983534015653
ACE2_57S,-0.21249057856712825
ACE2_57T,-0.20119645243829018
ACE2_57V,-0.20451759060806743
ACE2_57W,-0.15760509030704395
ACE2_57Y,-0.2513010734497291
ACE2_59A,0.13589157525586995
ACE2_59C,0.1495409121011439
ACE2_59E,0.026839557194461166
ACE2_59F,-0.013121578266104756
ACE2_59G,0.04791784406983745
ACE2_59H,0.03778069686935581
ACE2_59I,0.1737421002408188
ACE2_59K,0.006746043648404575
ACE2_59L,0.16880182931968693
ACE2_59M,0.15758688320288983
ACE2_59N,0.09516522757375075
ACE2_59P,-0.4210853085490668
ACE2_59Q,0.009132305839855508
ACE2_59R,0.11933549668874173
ACE2_59S,0.06963947983142685
ACE2_59T,0.07097904033714629
ACE2_59V,0.0
ACE2_59W,0.1158130298013245
ACE2_59Y,0.14354865593016256
ACE2_60A,0.06765357465382299
ACE2_60C,0.05544269807344973
ACE2_60D,0.014838093919325708
ACE2_60E,0.06434862221553281
ACE2_60F,0.051173531607465385
ACE2_60G,0.0017337200481637566
ACE2_60H,0.006892703190848886
ACE2_60I,0.11412223690547862
ACE2_60K,0.17531648103552078
ACE2_60L,0.13303186032510536
ACE2_60M,0.02753748314268513
ACE2_60N,0.02810799759181216
ACE2_60P,-0.37761783383503916
ACE2_60Q,0.0
ACE2_60R,0.18147153491872364
ACE2_60S,-0.10167604455147501
ACE2_60T,-0.40405807977122216
ACE2_60V,0.1530393193859121
ACE2_60W,0.03502357947019868
ACE2_60Y,0.07001956742925948
ACE2_61A,0.19236442474413004
ACE2_61C,0.11545908187838651
ACE2_61D,0.06923268874172185
ACE2_61E,0.11462583654425045
ACE2_61F,0.10901127573750753
ACE2_61G,0.08332541932570739
ACE2_61H,0.029997378085490668
ACE2_61I,0.12257745665261889
ACE2_61K,-0.08999091149909692
ACE2_61L,0.16401832510535821
ACE2_61M,0.15668857224563518
ACE2_61N,0.0
ACE2_61P,-0.08377629349789284
ACE2_61Q,0.32780528777844675
ACE2_61R,0.16060574473208908
ACE2_61S,0.1584936911499097
ACE2_61T,0.0971685999397953
ACE2_61V,0.19268410927152319
ACE2_61W,-0.1648579012642986
ACE2_61Y,0.054360920228777844
ACE2_62A,-0.000917317880794702
ACE2_62C,-0.11239965051173992
ACE2_62D,-0.5263702989163155
ACE2_62E,-0.5011376691751956
ACE2_62F,-0.15918135731487054
ACE2_62G,-0.35443635430463577
ACE2_62H,-0.29177585159542446
ACE2_62I,-0.13040984437086092
ACE2_62K,0.05449804726068633
ACE2_62L,-0.06181903943407585
ACE2_62M,0.0
ACE2_62N,-0.21862646207104156
ACE2_62P,-0.44911189614689945
ACE2_62Q,-0.1456991089704997
ACE2_62R,-0.03942497080072246
ACE2_62S,-0.09066816977724261
ACE2_62T,-0.22798322034918722
ACE2_62V,-0.23563982450331125
ACE2_62W,-0.02173958729680915
ACE2_62Y,-0.22859699608669476
ACE2_63A,0.07823542263696567
ACE2_63C,0.03546287086092715
ACE2_63D,0.08656538591210114
ACE2_63E,0.0857639075857917
ACE2_63F,0.012360844370860928
ACE2_63G,-0.08382342715231787
ACE2_63H,-0.08081873509933775
ACE2_63I,0.0066818251053582176
ACE2_63K,0.13935394972907889
ACE2_63L,0.11026129831426852
ACE2_63M,0.1560164969897652
ACE2_63N,0.0
ACE2_63P,-0.6797335611077664
ACE2_63Q,0.20092454425045153
ACE2_63R,0.1770109744130042
ACE2_63S,-0.22250330975316074
ACE2_63T,-0.038142398856110774
ACE2_63V,0.0970243001204094
ACE2_63W,0.028043524683925347
ACE2_63Y,-0.0446624283564118
ACE2_64A,0.19564504093919327
ACE2_64C,0.05669815352197471
ACE2_64D,0.07406058248043347
ACE2_64E,-0.29727209151113787
ACE2_64F,0.03162485761589404
ACE2_64G,0.009319291691751956
ACE2_64H,0.09321004154124021
ACE2_64I,0.14796260957254664
ACE2_64K,0.31523469265502707
ACE2_64L,-0.049123037627934976
ACE2_64M,0.003425603251053582
ACE2_64N,0.0
ACE2_64P,-0.40414734316676704
ACE2_64Q,0.07134549969897652
ACE2_64R,0.1319807537627935
ACE2_64S,0.05073682480433474
ACE2_64T,0.1780976285370259
ACE2_64V,0.03490541571342565
ACE2_64W,-0.14615497049969897
ACE2_64Y,0.13415933503913305
ACE2_65A,0.0
ACE2_65C,-0.04356384467188441
ACE2_65D,-0.3447168217940999
ACE2_65E,-0.3518629644792294
ACE2_65F,-0.0031962796508127633
ACE2_65G,-0.4370623115593016
ACE2_65H,0.0760696315472607
ACE2_65I,0.10417460084286573
ACE2_65K,0.023134829921733893
ACE2_65L,-0.02328094762191451
ACE2_65M,0.038947980132450336
ACE2_65N,-0.2215561399759181
ACE2_65P,-0.23861817940999397
ACE2_65Q,-0.025202332630945214
ACE2_65R,0.185904745936183
ACE2_65S,-0.4660191315472607
ACE2_65T,-0.22172114087898856
ACE2_65V,0.117646716435882
ACE2_65W,0.48963566616496085
ACE2_65Y,0.02146384497290789
ACE2_67A,0.004128530704394943
ACE2_67C,0.029523311258278145
ACE2_67D,0.0
ACE2_67E,-0.028955273630343167
ACE2_67F,0.031202943407585792
ACE2_67G,-0.08235892293798916
ACE2_67H,-0.03872167429259482
ACE2_67I,0.11182807525586995
ACE2_67K,0.07434688832028899
ACE2_67L,0.13215658097531607
ACE2_67M,0.11779789313666465
ACE2_67N,0.16410205087296809
ACE2_67P,-0.5210786170981336
ACE2_67Q,-0.01784668031306442
ACE2_67R,0.1416125565924142
ACE2_67S,0.024425017760385307
ACE2_67T,0.14855131517158338
ACE2_67V,-0.0166115343166767
ACE2_67W,0.15091812161348583
ACE2_67Y,0.10154339644792293
ACE2_68A,-0.11358398976520168
ACE2_68C,-0.08104380132450331
ACE2_68D,-0.49834759572546655
ACE2_68E,-0.3168774927754365
ACE2_68F,-0.28177521252257676
ACE2_68G,-0.19500816044551475
ACE2_68H,-0.03448645815773631
ACE2_68I,-0.1456754807344973
ACE2_68K,0.0
ACE2_68L,-0.31207923931366643
ACE2_68M,-0.2868291896447923
ACE2_68N,0.06024197742323901
ACE2_68P,-0.6037248076459965
ACE2_68Q,-0.18247843618302226
ACE2_68R,0.10935490728476821
ACE2_68S,-0.20176262612883805
ACE2_68T,-0.1689153744732089
ACE2_68V,-0.1326679087898856
ACE2_68W,-0.3069161610475617
ACE2_68Y,-0.2815012071041541
ACE2_69A,0.23046277513546057
ACE2_69C,0.410542574653823
ACE2_69D,-0.3138113871161951
ACE2_69E,-0.30430765051173997
ACE2_69F,-0.14929479319686936
ACE2_69G,-0.1790550851896448
ACE2_69H,-0.40240756351595425
ACE2_69I,0.6014538220951234
ACE2_69K,0.5747375779650813
ACE2_69L,0.3394818031306442
ACE2_69M,-0.15376450842865744
ACE2_69N,0.08105820499698976
ACE2_69P,-0.39069002679108966
ACE2_69Q,0.15478867248645392
ACE2_69R,0.27114777573750753
ACE2_69S,0.12690218603251052
ACE2_69T,0.5714530903070439
ACE2_69V,0.7352297642986153
ACE2_69W,0.0
ACE2_69Y,-0.19546547682119206
ACE2_71A,0.0
ACE2_71C,-0.025610669476219143
ACE2_71D,-0.00995157224563516
ACE2_71E,0.0007961393738711619
ACE2_71F,-0.04003750933172787
ACE2_71G,0.07873930915111378
ACE2_71H,0.0853614581577363
ACE2_71I,-0.12937558579169176
ACE2_71K,0.15627334858518965
ACE2_71L,0.07849459452137267
ACE2_71M,-0.0870555298013245
ACE2_71N,-0.052049470800722454
ACE2_71P,-0.5777074686935582
ACE2_71Q,0.057807379891631545
ACE2_71R,0.15233176550270922
ACE2_71S,0.04108400030102348
ACE2_71T,0.11092802919927754
ACE2_71V,0.01271503491872366
ACE2_71W,0.04160062432269717
ACE2_71Y,0.08099092113184828
ACE2_72A,-0.30601721854304637
ACE2_72C,-0.3595536950632149
ACE2_72D,-0.4930150797712221
ACE2_72E,-0.5149081110776641
ACE2_72F,0.0
ACE2_72G,-0.4712475352197471
ACE2_72H,0.1763402161348585
ACE2_72I,-0.32888967128236
ACE2_72K,0.25703193046357614
ACE2_72L,-0.10154204093919325
ACE2_72M,-0.16426933895243828
ACE2_72N,-0.18858535881998797
ACE2_72P,-0.8417049030704394
ACE2_72Q,-0.5556312865743528
ACE2_72R,-0.17880742925948223
ACE2_72S,-0.3113620830824804
ACE2_72T,-0.3153931008428657
ACE2_72V,-0.2669281547260686
ACE2_72W,0.3691051321493076
ACE2_72Y,0.6537837621914508
ACE2_73A,0.00890909090909091
ACE2_73C,0.038911440397351
ACE2_73D,-0.37424237387116194
ACE2_73E,-0.04380494250451535
ACE2_73F,-0.1086007326911499
ACE2_73G,-0.14277770559903671
ACE2_73H,-0.09736945454545454
ACE2_73I,-0.03479539193257074
ACE2_73K,0.05264024382901866
ACE2_73L,0.0
ACE2_73M,-0.013366539133052378
ACE2_73N,0.009423520469596628
ACE2_73P,-0.6818855331125827
ACE2_73Q,-0.006231925346177002
ACE2_73R,0.1448119729078868
ACE2_73S,-0.1423941688741722
ACE2_73T,-0.08242798856110777
ACE2_73V,0.07887299397953039
ACE2_73W,0.14282857826610473
ACE2_73Y,-0.27220240788681516
ACE2_74A,0.013605455448524983
ACE2_74C,-0.08847533564118
ACE2_74D,-0.16454340216736904
ACE2_74E,-0.10058308549066827
ACE2_74F,-0.04679075737507525
ACE2_74G,0.05015527724262492
ACE2_74H,0.08159361980734496
ACE2_74I,-0.1765544789283564
ACE2_74K,0.0
ACE2_74L,0.007223466586393739
ACE2_74M,-0.0540183717639976
ACE2_74N,0.03762359813365443
ACE2_74P,-0.40361520349187235
ACE2_74Q,-0.03947698494882601
ACE2_74R,0.054177574653822995
ACE2_74S,-0.09847296989765202
ACE2_74T,-0.004839870258880193
ACE2_74V,-0.01212157134256472
ACE2_74W,0.02917458398555087
ACE2_74Y,-0.10560884136062612
ACE2_75A,0.494867380794702
ACE2_75C,0.32843712311860324
ACE2_75D,0.20996127182420227
ACE2_75E,0.0
ACE2_75F,0.13529694581577362
ACE2_75G,0.5225315487658038
ACE2_75H,0.4069013949428055
ACE2_75I,0.26895015713425646
ACE2_75K,0.7001761324503312
ACE2_75L,0.19334853762793497
ACE2_75M,0.32797373359422033
ACE2_75N,0.32086229169175196
ACE2_75P,0.0856680090307044
ACE2_75Q,0.3860134735099338
ACE2_75R,0.63980073961469
ACE2_75S,0.5068243832028898
ACE2_75T,0.4629735156532209
ACE2_75V,0.31136721553281155
ACE2_75W,0.5216769048765804
ACE2_75Y,0.33325401986754966
ACE2_76A,0.1342217805538832
ACE2_76C,0.26653484256472004
ACE2_76D,0.15333797621914508
ACE2_76E,0.029340024683925343
ACE2_76F,0.3908735222757375
ACE2_76G,-0.4547531140878988
ACE2_76H,-0.014258907284768212
ACE2_76I,0.5812647055990368
ACE2_76K,0.298478007525587
ACE2_76L,0.1733186074653823
ACE2_76M,0.5409519518362432
ACE2_76N,-0.47478449939795303
ACE2_76P,-0.3771320851896448
ACE2_76Q,0.0
ACE2_76R,0.45516507375075255
ACE2_76S,0.12228000692354003
ACE2_76T,0.6217882290788681
ACE2_76V,0.6071581622516556
ACE2_76W,-0.07261651806140879
ACE2_76Y,0.4651793949428055
ACE2_79A,-0.056419246839253465
ACE2_79C,-0.6934244756170981
ACE2_79D,-0.24115544611679712
ACE2_79E,-0.5511143178807947
ACE2_79F,0.8059520328115592
ACE2_79G,-0.2632557405177604
ACE2_79H,-0.06899036965683324
ACE2_79I,0.8725928826008429
ACE2_79K,-0.23386890096327512
ACE2_79L,0.0
ACE2_79M,0.311033179409994
ACE2_79N,-0.23357166767007828
ACE2_79P,0.5592419936785069
ACE2_79Q,-0.046829428958458756
ACE2_79R,0.32024906652618906
ACE2_79S,0.015986727573750754
ACE2_79T,1.0158940611077665
ACE2_79V,0.9576945135460565
ACE2_79W,0.9903378579169175
ACE2_79Y,0.8616746676700783
ACE2_82A,-0.4537832215532811
ACE2_82C,0.593967813666466
ACE2_82D,-0.311792708910295
ACE2_82E,-0.5595090885009031
ACE2_82F,0.03829589163154726
ACE2_82G,0.3352803073449729
ACE2_82H,0.059439614388922334
ACE2_82I,-0.12898909783263096
ACE2_82K,-0.09919406261288381
ACE2_82L,0.08049052618904275
ACE2_82M,0.0
ACE2_82N,0.008603710415412401
ACE2_82P,-0.4190656050571944
ACE2_82Q,-0.4653427152317881
ACE2_82R,0.3274950234798314
ACE2_82S,-0.26752120409391933
ACE2_82T,-0.4411007381095725
ACE2_82V,-0.4546324235400361
ACE2_82W,-0.14386108819987958
ACE2_82Y,-0.04645281426851294
ACE2_83A,-0.11217359993979531
ACE2_83C,0.1222214729078868
ACE2_83D,-0.5821790704394944
ACE2_83E,-0.7724103287176399
ACE2_83F,-0.2574598648404575
ACE2_83G,-0.5840918338350392
ACE2_83H,-0.20082327092113186
ACE2_83I,-0.14455132179409994
ACE2_83K,-0.5837319617700181
ACE2_83L,0.1341238567128236
ACE2_83M,-0.1806997953040337
ACE2_83N,-0.5460457501505117
ACE2_83P,-0.5984729169175196
ACE2_83Q,-0.7069164900662251
ACE2_83R,-0.510482931065623
ACE2_83S,-0.38198309121011437
ACE2_83T,-0.6435822287778447
ACE2_83V,0.22325805328115594
ACE2_83W,-0.1950737450331126
ACE2_83Y,0.0
ACE2_84A,-0.04212912522576761
ACE2_84C,-0.32406608248043345
ACE2_84D,0.0451489626730885
ACE2_84E,-0.08213007284768213
ACE2_84F,-0.31510187627934977
ACE2_84G,-0.11100807856712824
ACE2_84H,-0.34819244310656233
ACE2_84I,-0.5551275857916917
ACE2_84K,-0.20158478868151716
ACE2_84L,-0.22214185641180012
ACE2_84M,-0.29247524774232386
ACE2_84N,-0.3855025472606863
ACE2_84P,0.0
ACE2_84Q,-0.17235204214328714
ACE2_84R,-0.24922047230583985
ACE2_84S,-0.040888428657435284
ACE2_84T,-0.12616849217338952
ACE2_84V,-0.45314919054786273
ACE2_84W,-0.1790650030102348
ACE2_84Y,-0.4390583771824202
ACE2_89A,0.17460059542444312
ACE2_89C,0.19493664689945817
ACE2_89D,0.5842783088500902
ACE2_89E,0.4019587787477423
ACE2_89F,0.10274657284768211
ACE2_89G,0.18411227092113183
ACE2_89H,0.10617925556893437
ACE2_89I,0.4820989211318483
ACE2_89K,0.22632026640577962
ACE2_89L,0.04154036423841059
ACE2_89M,-0.0632798910295003
ACE2_89N,0.25576803822998195
ACE2_89P,0.7504725024081879
ACE2_89Q,0.0
ACE2_89R,0.22730677724262494
ACE2_89S,0.05950894069837447
ACE2_89T,0.108460432871764
ACE2_89V,0.09650813696568332
ACE2_89W,0.03270515472606863
ACE2_89Y,0.16722891691751957
ACE2_90A,0.7900128248043347
ACE2_90C,0.709370962974112
ACE2_90D,0.7220379118001203
ACE2_90E,0.841102254665864
ACE2_90F,0.5669829569536424
ACE2_90G,0.7250545222757375
ACE2_90H,0.8157789211318482
ACE2_90I,0.6715551745936184
ACE2_90K,0.6484229458157736
ACE2_90L,0.7273325012040939
ACE2_90M,0.7469879325707405
ACE2_90N,0.0
ACE2_90P,0.6038343988561108
ACE2_90Q,0.7984016420830825
ACE2_90R,0.6935474527393136
ACE2_90S,0.7758625872968092
ACE2_90T,0.795966425346177
ACE2_90V,0.6469981571342563
ACE2_90W,0.583193454244431
ACE2_90Y,0.5356520304033714
ACE2_91A,0.251439880794702
ACE2_91C,0.26613023479831427
ACE2_91D,0.14645045424443107
ACE2_91E,0.09075346779048765
ACE2_91F,0.00516612432269717
ACE2_91G,0.33220761288380496
ACE2_91H,0.32370839133052376
ACE2_91I,0.13746263937387115
ACE2_91K,0.09408205568934376
ACE2_91L,0.0
ACE2_91M,0.06218383413606261
ACE2_91N,0.18241714689945815
ACE2_91P,0.7820597447320892
ACE2_91Q,-0.017810455448524984
ACE2_91R,0.36981635912101146
ACE2_91S,0.2188933058398555
ACE2_91T,0.31255035761589406
ACE2_91V,0.20064564118001205
ACE2_91W,0.22798923239012642
ACE2_91Y,0.030369475015051176
ACE2_92A,0.718753656833233
ACE2_92C,0.8813830764599639
ACE2_92D,0.7686816544250451
ACE2_92E,0.8272285487658037
ACE2_92F,0.8157105647200482
ACE2_92G,0.7660903798916315
ACE2_92H,0.8812100854906683
ACE2_92I,0.7628798260084286
ACE2_92K,0.7253833488862131
ACE2_92L,0.8133209295605057
ACE2_92M,0.7958060593016255
ACE2_92N,0.8254912347983142
ACE2_92P,0.6750826095725467
ACE2_92Q,0.8423813485851896
ACE2_92R,0.7547418636363636
ACE2_92S,0.23321429319686937
ACE2_92T,0.0
ACE2_92V,0.8123639343768814
ACE2_92W,0.8250204674894642
ACE2_92Y,0.7831401926550271
ACE2_93A,-0.2605575204695966
ACE2_93C,-0.3903995460565924
ACE2_93D,-0.41712491782059
ACE2_93E,-0.22603019325707405
ACE2_93F,-0.26644934708007223
ACE2_93G,-0.5479369807344973
ACE2_93H,-0.8337146475015051
ACE2_93I,-0.007504371161950632
ACE2_93K,-0.31788993588199876
ACE2_93L,-0.14581613004214328
ACE2_93M,-0.2801347269717038
ACE2_93N,-0.5267859060806743
ACE2_93P,0.4351728524984949
ACE2_93Q,-0.44668895003010234
ACE2_93R,-0.31106692715231793
ACE2_93S,-0.2573590433473811
ACE2_93T,0.11022018633353402
ACE2_93V,0.0
ACE2_93W,-0.3495818636363636
ACE2_93Y,-0.4281152700180614
ACE2_95A,0.09982744400963274
ACE2_95C,-0.07718875436484045
ACE2_95D,0.18470147652016858
ACE2_95E,0.09429239102950031
ACE2_95F,-0.05203971071643588
ACE2_95G,-0.012746914509331728
ACE2_95H,-0.07509802378085491
ACE2_95I,-0.11293579650812764
ACE2_95K,0.1410443597230584
ACE2_95L,0.0
ACE2_95M,0.16244215412402166
ACE2_95N,0.05809452498494882
ACE2_95P,-0.13053404545454544
ACE2_95Q,-0.010258854003612282
ACE2_95R,0.10255228958458759
ACE2_95S,-0.10264787778446718
ACE2_95T,-0.0033952709211318485
ACE2_95V,-0.04910188410596026
ACE2_95W,0.062202125827814564
ACE2_95Y,0.005865941902468392
ACE2_96A,-0.28007475586995784
ACE2_96C,-0.3990982447320891
ACE2_96D,-0.4721713503913305
ACE2_96E,-0.044483711619506316
ACE2_96F,-0.7259951459963877
ACE2_96G,-0.38503871041541243
ACE2_96H,-0.30973624292594826
ACE2_96I,-0.40149309361830227
ACE2_96K,-0.3057279193257074
ACE2_96L,-0.32738213395544846
ACE2_96M,-0.1992179464178206
ACE2_96N,-0.5691398163756773
ACE2_96P,0.3461062624924744
ACE2_96Q,0.0
ACE2_96R,-0.28888538711619505
ACE2_96S,-0.36041009331727875
ACE2_96T,-0.43717419506321487
ACE2_96V,-0.34341783594220343
ACE2_96W,-0.40249956592414204
ACE2_96Y,-0.38961729771222153
ACE2_98A,0.003981720048163757
ACE2_98C,0.2107028076459964
ACE2_98D,0.1314284792293799
ACE2_98E,0.17236905117399157
ACE2_98F,-0.24119053190848885
ACE2_98G,0.09593109000602046
ACE2_98H,0.02704323058398555
ACE2_98I,0.14480649729078868
ACE2_98K,-0.0009729587597832631
ACE2_98L,0.10792566616496085
ACE2_98M,0.21841636905478629
ACE2_98N,0.02880846598434678
ACE2_98P,-0.5841539229379892
ACE2_98Q,0.0
ACE2_98R,0.003768060204695966
ACE2_98S,0.18011752468392536
ACE2_98T,0.18694752739313666
ACE2_98V,0.1945772209512342
ACE2_98W,0.09311811709813365
ACE2_98Y,-0.09574666104756172
